GCUId	Chn	Mean_Ping_HG	Mean_Pong_HG	RMS_Ping_HG	RMS_Pong_HG	Mean_Ping_LG	Mean_Pong_LG	RMS_Ping_LG	RMS_Pong_LG	Length	x	y	z
8105	0	86.756	89.411	2.15295	2.20138	0	0	0	0	0	0	0	0
8105	1	86.5304	91.1369	2.06952	2.11545	0	0	0	0	0	0	0	0
8105	2	88.2068	87.1005	2.75814	2.74332	0	0	0	0	0	0	0	0
8105	3	86.9476	91.5005	2.07484	2.09431	0	0	0	0	0	0	0	0
8105	4	78.5637	80.3548	2.15719	2.15509	0	0	0	0	0	0	0	0
8105	5	82.2203	81.814	2.07868	2.10237	0	0	0	0	0	0	0	0
8105	6	84.9311	86.9992	2.03884	2.03624	0	0	0	0	0	0	0	0
8105	7	86.6634	84.3452	2.05101	2.02141	0	0	0	0	0	0	0	0
8105	8	87.0025	87.7048	2.26258	2.27064	0	0	0	0	0	0	0	0
8105	9	83.7934	85.3946	2.14366	2.12932	0	0	0	0	0	0	0	0
8105	10	92.1152	88.2331	2.27953	2.30669	0	0	0	0	0	0	0	0
8105	11	91.3242	90.3424	2.22571	2.2422	0	0	0	0	0	0	0	0
8105	12	87.7937	87.1344	2.32392	2.3234	0	0	0	0	0	0	0	0
8105	13	90.1862	87.0414	2.2772	2.25197	0	0	0	0	0	0	0	0
8105	14	92.632	90.6383	2.29654	2.31062	0	0	0	0	0	0	0	0
8105	15	87.1022	85.1023	2.20418	2.16593	0	0	0	0	0	0	0	0
8105	16	59.7721	62.5544	2.61027	2.59234	0	0	0	0	0	0	0	0
8105	17	64.6089	63.3875	2.37551	2.34077	0	0	0	0	0	0	0	0
8105	18	67.436	74.7214	2.30417	2.40645	0	0	0	0	0	0	0	0
8105	19	60.9187	60.928	2.49025	2.48303	0	0	0	0	0	0	0	0
8105	20	68.156	61.6259	2.5319	2.56392	0	0	0	0	0	0	0	0
8105	21	64.9047	63.186	2.79027	2.77498	0	0	0	0	0	0	0	0
8105	22	70.1612	70.2992	2.32495	2.29211	0	0	0	0	0	0	0	0
8105	23	69.1093	60.6507	2.59523	2.64402	0	0	0	0	0	0	0	0
8105	24	60.3445	63.179	2.42897	2.44654	0	0	0	0	0	0	0	0
8105	25	61.6098	63.5037	2.39755	2.37725	0	0	0	0	0	0	0	0
8105	26	58.4478	63.7807	2.47017	2.4686	0	0	0	0	0	0	0	0
8105	27	57.3875	59.8148	2.72797	2.73085	0	0	0	0	0	0	0	0
8105	28	59.37	63.9684	2.61525	2.54401	0	0	0	0	0	0	0	0
8105	29	68.3291	64.0468	2.30192	2.3161	0	0	0	0	0	0	0	0
8105	30	69.713	60.8576	2.29401	2.32713	0	0	0	0	0	0	0	0
8105	31	64.5807	58.018	2.41618	2.433	0	0	0	0	0	0	0	0
8105	32	76.888	75.604	2.81123	2.8388	0	0	0	0	0	0	0	0
8105	33	76.3427	74.7957	2.73948	2.76722	0	0	0	0	0	0	0	0
8105	34	75.1123	77.4465	2.83054	2.83517	0	0	0	0	0	0	0	0
8105	35	78.9168	76.0431	2.67475	2.70916	0	0	0	0	0	0	0	0
8105	36	79.4885	73.4396	2.84928	2.86858	0	0	0	0	0	0	0	0
8105	37	75.8348	77.9638	2.5877	2.61746	0	0	0	0	0	0	0	0
8105	38	74.636	77.4634	2.71169	2.7597	0	0	0	0	0	0	0	0
8105	39	78.0718	79.0309	2.59688	2.59155	0	0	0	0	0	0	0	0
8105	40	73.1305	65.6676	2.81733	2.84978	0	0	0	0	0	0	0	0
8105	41	71.0551	69.1176	2.61952	2.62315	0	0	0	0	0	0	0	0
8105	42	71.4259	73.1248	2.9706	2.98175	0	0	0	0	0	0	0	0
8105	43	72.6961	71.0085	2.88414	2.87411	0	0	0	0	0	0	0	0
8105	44	73.2471	72.9106	3.01385	3.05058	0	0	0	0	0	0	0	0
8105	45	74.1424	74.2567	2.6609	2.66796	0	0	0	0	0	0	0	0
8105	46	69.4854	72.8988	2.73496	2.75499	0	0	0	0	0	0	0	0
8105	47	72.2964	77.7888	2.6383	2.64842	0	0	0	0	0	0	0	0
8105	48	81.4129	80.9358	2.57458	2.57225	0	0	0	0	0	0	0	0
8105	49	84.5675	83.0658	2.58502	2.61347	0	0	0	0	0	0	0	0
8105	50	78.9019	83.4077	2.57563	2.52576	0	0	0	0	0	0	0	0
8105	51	84.9341	87.5928	2.58297	2.6079	0	0	0	0	0	0	0	0
8105	52	81.4566	80.6661	2.61848	2.61248	0	0	0	0	0	0	0	0
8105	53	79.1057	79.9787	2.69419	2.69845	0	0	0	0	0	0	0	0
8105	54	89.1673	79.4648	2.67371	2.69936	0	0	0	0	0	0	0	0
8105	55	78.8912	78.7764	2.71689	2.69828	0	0	0	0	0	0	0	0
8105	56	83.4668	83.533	2.5993	2.60116	0	0	0	0	0	0	0	0
8105	57	75.9814	78.0413	2.70992	2.69874	0	0	0	0	0	0	0	0
8105	58	80.1076	85.5641	2.60114	2.53364	0	0	0	0	0	0	0	0
8105	59	83.2509	83.898	2.74204	2.72131	0	0	0	0	0	0	0	0
8105	60	80.4603	80.6981	2.65403	2.65111	0	0	0	0	0	0	0	0
8105	61	78.3465	83.7149	2.7684	2.71578	0	0	0	0	0	0	0	0
8105	62	85.0464	83.3352	2.81988	2.84712	0	0	0	0	0	0	0	0
8105	63	86.5874	81.7822	2.97227	2.95583	0	0	0	0	0	0	0	0
8105	64	62.4973	64.299	2.43972	2.45296	0	0	0	0	0	0	0	0
8105	65	70.0214	71.7245	2.44331	2.46512	0	0	0	0	0	0	0	0
8105	66	67.3761	71.6147	2.36671	2.40625	0	0	0	0	0	0	0	0
8105	67	69.1383	68.4634	3.41985	3.42694	0	0	0	0	0	0	0	0
8105	68	71.7371	70.8671	2.48711	2.52311	0	0	0	0	0	0	0	0
8105	69	67.6359	70.8059	2.52006	2.5478	0	0	0	0	0	0	0	0
8105	70	70.1792	72.3606	2.42118	2.4153	0	0	0	0	0	0	0	0
8105	71	66.4549	74.7074	3.65299	3.59195	0	0	0	0	0	0	0	0
8105	72	68.6774	68.8151	2.65953	2.65541	0	0	0	0	0	0	0	0
8105	73	66.7167	65.8954	2.43607	2.46111	0	0	0	0	0	0	0	0
8105	74	64.1722	66.35	2.42337	2.46282	0	0	0	0	0	0	0	0
8105	75	69.5168	70.7712	4.15844	4.13348	0	0	0	0	0	0	0	0
8105	76	69.368	67.6013	2.46623	2.49006	0	0	0	0	0	0	0	0
8105	77	62.3896	63.2087	3.60278	3.58996	0	0	0	0	0	0	0	0
8105	78	65.2916	69.1222	2.73214	2.75107	0	0	0	0	0	0	0	0
8105	79	69.4937	63.0639	2.84165	2.87736	0	0	0	0	0	0	0	0
8105	80	77.8283	81.2565	3.75924	3.72917	0	0	0	0	0	0	0	0
8105	81	76.6548	71.5171	3.31349	3.33042	0	0	0	0	0	0	0	0
8105	82	73.5426	74.8668	3.07767	3.02513	0	0	0	0	0	0	0	0
8105	83	80.4608	76.0108	2.69933	2.69331	0	0	0	0	0	0	0	0
8105	84	79.146	78.1319	2.57287	2.5437	0	0	0	0	0	0	0	0
8105	85	76.3367	82.0246	2.4171	2.37833	0	0	0	0	0	0	0	0
8105	86	76.5186	76.5332	2.73004	2.74981	0	0	0	0	0	0	0	0
8105	87	75.2581	72.7376	2.50862	2.53449	0	0	0	0	0	0	0	0
8105	88	77.3828	74.9114	2.23437	2.25346	0	0	0	0	0	0	0	0
8105	89	75.3853	69.5615	2.33444	2.33926	0	0	0	0	0	0	0	0
8105	90	72.4503	71.7985	2.24559	2.23862	0	0	0	0	0	0	0	0
8105	91	76.2011	74.0559	2.72175	2.71389	0	0	0	0	0	0	0	0
8105	92	77.3598	73.4611	2.85034	2.85633	0	0	0	0	0	0	0	0
8105	93	72.4554	71.1783	2.39828	2.39525	0	0	0	0	0	0	0	0
8105	94	69.5368	74.3097	2.39828	2.36673	0	0	0	0	0	0	0	0
8105	95	77.7674	72.9766	2.48938	2.5104	0	0	0	0	0	0	0	0
8105	96	64.1703	68.6398	2.76845	2.77675	0	0	0	0	0	0	0	0
8105	97	69.6079	68.6815	2.82233	2.88093	0	0	0	0	0	0	0	0
8105	98	67.8168	68.8788	2.7942	2.81278	0	0	0	0	0	0	0	0
8105	99	67.7542	66.9404	2.7539	2.78283	0	0	0	0	0	0	0	0
8105	100	70.5177	69.7476	2.73425	2.78137	0	0	0	0	0	0	0	0
8105	101	71.9875	67.3187	2.77101	2.8236	0	0	0	0	0	0	0	0
8105	102	66.3808	67.2614	2.76079	2.80884	0	0	0	0	0	0	0	0
8105	103	67.7582	67.8252	2.84753	2.85707	0	0	0	0	0	0	0	0
8105	104	67.9776	58.7928	2.81815	2.84758	0	0	0	0	0	0	0	0
8105	105	61.5553	62.8523	2.76548	2.79089	0	0	0	0	0	0	0	0
8105	106	67.1901	71.3421	2.74384	2.76261	0	0	0	0	0	0	0	0
8105	107	66.196	69.0056	2.90418	2.91598	0	0	0	0	0	0	0	0
8105	108	66.8686	67.4964	2.74519	2.7781	0	0	0	0	0	0	0	0
8105	109	67.2355	61.6573	2.83383	2.84115	0	0	0	0	0	0	0	0
8105	110	63.4436	69.5191	2.81669	2.83266	0	0	0	0	0	0	0	0
8105	111	63.3957	65.648	2.81245	2.8378	0	0	0	0	0	0	0	0
8105	112	73.8693	71.3695	2.22373	2.23021	0	0	0	0	0	0	0	0
8105	113	75.0704	75.1181	2.34277	2.36939	0	0	0	0	0	0	0	0
8105	114	78.6685	75.1542	2.22027	2.24762	0	0	0	0	0	0	0	0
8105	115	78.6984	71.6502	2.23754	2.29119	0	0	0	0	0	0	0	0
8105	116	76.2643	75.3878	2.19277	2.1955	0	0	0	0	0	0	0	0
8105	117	70.7362	71.9454	2.27637	2.25183	0	0	0	0	0	0	0	0
8105	118	72.5047	70.5688	2.19639	2.21185	0	0	0	0	0	0	0	0
8105	119	76.6162	77.8959	2.26715	2.23896	0	0	0	0	0	0	0	0
8105	120	75.8927	77.911	2.23489	2.20517	0	0	0	0	0	0	0	0
8105	121	74.4269	70.0295	2.27587	2.29186	0	0	0	0	0	0	0	0
8105	122	74.4946	74.3264	2.21723	2.20406	0	0	0	0	0	0	0	0
8105	123	70.6552	74.3055	2.37018	2.33374	0	0	0	0	0	0	0	0
8105	124	75.5267	74.955	2.26862	2.26161	0	0	0	0	0	0	0	0
8105	125	70.5108	72.0339	2.32449	2.31685	0	0	0	0	0	0	0	0
8105	126	74.5826	79.4644	2.23591	2.18757	0	0	0	0	0	0	0	0
8105	127	71.7881	74.2348	2.362	2.37324	0	0	0	0	0	0	0	0
8044	0	77.9494	78.9809	2.86447	2.88634	0	0	0	0	0	0	0	0
8044	1	78.2767	81.9753	2.82796	2.78112	0	0	0	0	0	0	0	0
8044	2	75.4692	85.3937	2.81397	2.72813	0	0	0	0	0	0	0	0
8044	3	76.6913	83.9832	2.83458	2.72649	0	0	0	0	0	0	0	0
8044	4	77.8026	74.105	2.94243	2.9463	0	0	0	0	0	0	0	0
8044	5	82.1361	79.2274	2.76446	2.84725	0	0	0	0	0	0	0	0
8044	6	77.9405	84.8555	3.19469	3.14333	0	0	0	0	0	0	0	0
8044	7	75.3971	74.5956	3.0166	3.01552	0	0	0	0	0	0	0	0
8044	8	81.4524	78.556	2.89655	2.90674	0	0	0	0	0	0	0	0
8044	9	72.7782	79.2017	2.95861	2.95817	0	0	0	0	0	0	0	0
8044	10	72.9882	77.6763	3.06786	3.07655	0	0	0	0	0	0	0	0
8044	11	75.282	73.5755	2.67433	2.68602	0	0	0	0	0	0	0	0
8044	12	77.5703	79.1587	2.80497	2.82751	0	0	0	0	0	0	0	0
8044	13	72.4963	70.7625	2.90562	2.89711	0	0	0	0	0	0	0	0
8044	14	75.6124	76.8484	3.19448	3.17823	0	0	0	0	0	0	0	0
8044	15	72.2117	72.9366	3.07693	3.08616	0	0	0	0	0	0	0	0
8044	16	63.7912	59.6817	2.86663	2.8849	0	0	0	0	0	0	0	0
8044	17	62.221	64.7135	2.90319	2.86246	0	0	0	0	0	0	0	0
8044	18	64.1654	63.357	2.85247	2.84277	0	0	0	0	0	0	0	0
8044	19	65.87	68.82	3.02088	3.01289	0	0	0	0	0	0	0	0
8044	20	66.899	60.3669	2.84965	2.90264	0	0	0	0	0	0	0	0
8044	21	63.4744	65.8001	2.97022	2.91949	0	0	0	0	0	0	0	0
8044	22	64.5583	66.1486	2.73932	2.71949	0	0	0	0	0	0	0	0
8044	23	64.6131	65.5064	2.86727	2.82645	0	0	0	0	0	0	0	0
8044	24	66.9633	64.4297	2.71831	2.79395	0	0	0	0	0	0	0	0
8044	25	62.5179	62.097	2.76052	2.77887	0	0	0	0	0	0	0	0
8044	26	60.5803	65.6716	2.9788	3.00409	0	0	0	0	0	0	0	0
8044	27	61.8073	64.4361	2.75285	2.73662	0	0	0	0	0	0	0	0
8044	28	69.8249	64.6728	2.65492	2.70313	0	0	0	0	0	0	0	0
8044	29	63.8595	61.182	2.82242	2.78885	0	0	0	0	0	0	0	0
8044	30	66.8722	66.9086	2.90032	2.919	0	0	0	0	0	0	0	0
8044	31	59.2292	60.2915	2.90371	2.94001	0	0	0	0	0	0	0	0
8044	32	59.6641	57.1376	3.07424	3.10125	0	0	0	0	0	0	0	0
8044	33	58.395	61.1913	2.67822	2.65149	0	0	0	0	0	0	0	0
8044	34	58.637	65.1371	2.74694	2.76233	0	0	0	0	0	0	0	0
8044	35	63.9173	66.8974	2.81952	2.81222	0	0	0	0	0	0	0	0
8044	36	69.3085	64.3253	2.60357	2.57309	0	0	0	0	0	0	0	0
8044	37	68.2885	60.2999	2.62928	2.64916	0	0	0	0	0	0	0	0
8044	38	60.7217	67.111	2.69993	2.68824	0	0	0	0	0	0	0	0
8044	39	64.0776	54.233	2.60672	2.60649	0	0	0	0	0	0	0	0
8044	40	65.5232	58.5197	2.61305	2.67246	0	0	0	0	0	0	0	0
8044	41	56.2533	62.4213	2.56642	2.57106	0	0	0	0	0	0	0	0
8044	42	64.8578	65.7299	2.78464	2.80021	0	0	0	0	0	0	0	0
8044	43	58.88	61.1291	2.53208	2.5395	0	0	0	0	0	0	0	0
8044	44	58.4437	61.6978	2.83701	2.83836	0	0	0	0	0	0	0	0
8044	45	59.7245	58.466	2.64697	2.63869	0	0	0	0	0	0	0	0
8044	46	61.7081	61.3137	2.79709	2.82247	0	0	0	0	0	0	0	0
8044	47	60.2019	57.7666	2.55142	2.55614	0	0	0	0	0	0	0	0
8044	48	60.5625	67.4994	3.04542	3.08641	0	0	0	0	0	0	0	0
8044	49	67.9773	66.78	2.95928	3.00047	0	0	0	0	0	0	0	0
8044	50	59.3722	71.0425	2.95236	2.86454	0	0	0	0	0	0	0	0
8044	51	71.0844	66.4232	3.22536	3.21851	0	0	0	0	0	0	0	0
8044	52	65.2839	71.2145	3.17256	3.17114	0	0	0	0	0	0	0	0
8044	53	68.7465	75.5163	3.02501	3.05959	0	0	0	0	0	0	0	0
8044	54	70.3586	64.3703	3.2877	3.36368	0	0	0	0	0	0	0	0
8044	55	65.0716	66.6258	2.94587	2.92997	0	0	0	0	0	0	0	0
8044	56	66.1047	69.0405	3.26465	3.28336	0	0	0	0	0	0	0	0
8044	57	66.9379	63.7926	3.24934	3.23721	0	0	0	0	0	0	0	0
8044	58	69.3852	67.5856	3.70906	3.72114	0	0	0	0	0	0	0	0
8044	59	62.5106	64.1848	3.22536	3.2213	0	0	0	0	0	0	0	0
8044	60	62.6332	65.7402	3.21128	3.23838	0	0	0	0	0	0	0	0
8044	61	64.4621	70.8728	3.09851	3.1233	0	0	0	0	0	0	0	0
8044	62	67.2292	70.0871	3.38894	3.41679	0	0	0	0	0	0	0	0
8044	63	61.5321	60.4841	3.10588	3.10717	0	0	0	0	0	0	0	0
8044	64	65.3018	71.0049	3.09854	3.09181	0	0	0	0	0	0	0	0
8044	65	74.7213	67.5413	3.65751	3.70332	0	0	0	0	0	0	0	0
8044	66	70.6944	73.5274	3.04883	3.07233	0	0	0	0	0	0	0	0
8044	67	64.0128	68.9556	2.8727	2.89017	0	0	0	0	0	0	0	0
8044	68	71.2796	67.4423	2.94824	3.00006	0	0	0	0	0	0	0	0
8044	69	77.8605	74.1675	3.17606	3.0992	0	0	0	0	0	0	0	0
8044	70	70.9401	71.3495	3.18879	3.22041	0	0	0	0	0	0	0	0
8044	71	64.631	71.6783	3.34954	3.36005	0	0	0	0	0	0	0	0
8044	72	67.6228	63.0165	3.42743	3.42736	0	0	0	0	0	0	0	0
8044	73	64.9287	70.3085	3.11792	3.08066	0	0	0	0	0	0	0	0
8044	74	68.7344	69.6252	2.88018	2.91916	0	0	0	0	0	0	0	0
8044	75	69.5853	69.8088	3.35123	3.38044	0	0	0	0	0	0	0	0
8044	76	64.2551	62.7693	3.02349	3.03992	0	0	0	0	0	0	0	0
8044	77	68.4994	65.2304	3.8121	3.86448	0	0	0	0	0	0	0	0
8044	78	68.8887	72.5591	3.29193	3.2907	0	0	0	0	0	0	0	0
8044	79	69.0291	77.2967	3.15872	3.20703	0	0	0	0	0	0	0	0
8044	80	76.9174	75.7042	4.00129	4.0087	0	0	0	0	0	0	0	0
8044	81	74.6249	74.7114	3.76432	3.69837	0	0	0	0	0	0	0	0
8044	82	81.6455	80.489	3.54911	3.5532	0	0	0	0	0	0	0	0
8044	83	79.0304	78.4379	2.93483	2.91303	0	0	0	0	0	0	0	0
8044	84	79.425	79.0844	3.0065	3.01024	0	0	0	0	0	0	0	0
8044	85	79.3344	78.5026	2.73583	2.74471	0	0	0	0	0	0	0	0
8044	86	77.7966	77.3773	2.74247	2.73928	0	0	0	0	0	0	0	0
8044	87	75.9735	77.5762	3.73346	3.73	0	0	0	0	0	0	0	0
8044	88	78.075	79.5228	2.55949	2.51785	0	0	0	0	0	0	0	0
8044	89	80.0755	78.3105	2.87969	2.9147	0	0	0	0	0	0	0	0
8044	90	78.3955	77.6654	3.01025	3.00575	0	0	0	0	0	0	0	0
8044	91	73.7938	74.4805	2.72722	2.69934	0	0	0	0	0	0	0	0
8044	92	73.6221	76.8875	2.78167	2.79653	0	0	0	0	0	0	0	0
8044	93	75.2309	76.72	3.62293	3.61216	0	0	0	0	0	0	0	0
8044	94	79.2473	79.8526	2.90113	2.9153	0	0	0	0	0	0	0	0
8044	95	76.532	76.6658	2.82208	2.84588	0	0	0	0	0	0	0	0
8044	96	55.5127	57.1325	2.44339	2.42097	0	0	0	0	0	0	0	0
8044	97	58.8772	61.2875	2.43017	2.39706	0	0	0	0	0	0	0	0
8044	98	62.525	61.3119	2.42735	2.43336	0	0	0	0	0	0	0	0
8044	99	59.767	61.7641	2.45269	2.48298	0	0	0	0	0	0	0	0
8044	100	57.0861	60.144	2.49179	2.51063	0	0	0	0	0	0	0	0
8044	101	60.5495	61.0916	2.48244	2.46115	0	0	0	0	0	0	0	0
8044	102	60.7285	60.0971	2.43347	2.43679	0	0	0	0	0	0	0	0
8044	103	59.6245	64.3057	2.49755	2.4497	0	0	0	0	0	0	0	0
8044	104	58.3152	57.4906	2.50118	2.50027	0	0	0	0	0	0	0	0
8044	105	53.6745	53.5061	2.47746	2.44338	0	0	0	0	0	0	0	0
8044	106	55.6517	59.651	2.64085	2.62894	0	0	0	0	0	0	0	0
8044	107	57.5101	57.9868	2.65115	2.63326	0	0	0	0	0	0	0	0
8044	108	60.567	59.7861	2.5038	2.50173	0	0	0	0	0	0	0	0
8044	109	53.3221	56.008	2.50089	2.4907	0	0	0	0	0	0	0	0
8044	110	58.3151	58.9175	2.44225	2.44316	0	0	0	0	0	0	0	0
8044	111	64.462	55.9885	2.52511	2.60691	0	0	0	0	0	0	0	0
8044	112	69.5953	76.045	2.24781	2.23695	0	0	0	0	0	0	0	0
8044	113	65.4712	71.7786	2.20063	2.17806	0	0	0	0	0	0	0	0
8044	114	74.4703	78.3785	2.2687	2.21565	0	0	0	0	0	0	0	0
8044	115	61.5915	69.3485	2.24752	2.19089	0	0	0	0	0	0	0	0
8044	116	70.3018	72.6154	2.23616	2.21771	0	0	0	0	0	0	0	0
8044	117	75.8269	76.6951	2.24556	2.19084	0	0	0	0	0	0	0	0
8044	118	70.9876	73.0451	2.1763	2.17999	0	0	0	0	0	0	0	0
8044	119	69.9276	71.3329	2.15607	2.15714	0	0	0	0	0	0	0	0
8044	120	72.9528	73.4973	2.28738	2.24474	0	0	0	0	0	0	0	0
8044	121	71.2028	77.8465	2.21766	2.15396	0	0	0	0	0	0	0	0
8044	122	74.839	75.9612	2.23327	2.26634	0	0	0	0	0	0	0	0
8044	123	65.6736	71.952	2.29985	2.29095	0	0	0	0	0	0	0	0
8044	124	75.6016	72.3593	2.20996	2.23674	0	0	0	0	0	0	0	0
8044	125	72.5234	66.8742	2.25612	2.24664	0	0	0	0	0	0	0	0
8044	126	74.2342	71.7789	2.22525	2.21854	0	0	0	0	0	0	0	0
8044	127	72.2025	78.1359	2.22039	2.16334	0	0	0	0	0	0	0	0
8103	0	60.6833	59.3574	2.57245	2.57049	0	0	0	0	0	0	0	0
8103	1	59.6021	58.3714	2.64153	2.61614	0	0	0	0	0	0	0	0
8103	2	61.8815	60.2104	2.46483	2.45604	0	0	0	0	0	0	0	0
8103	3	65.3896	69.0176	2.62556	2.61534	0	0	0	0	0	0	0	0
8103	4	66.7092	71.2181	2.5149	2.53468	0	0	0	0	0	0	0	0
8103	5	74.1913	64.7356	5.02225	4.96541	0	0	0	0	0	0	0	0
8103	6	67.7205	65.7247	2.4016	2.39725	0	0	0	0	0	0	0	0
8103	7	63.1545	66.0339	3.47613	3.4583	0	0	0	0	0	0	0	0
8103	8	73.5813	65.3733	2.74021	2.74576	0	0	0	0	0	0	0	0
8103	9	60.5125	61.6101	3.76901	3.73151	0	0	0	0	0	0	0	0
8103	10	66.6307	66.4991	2.6248	2.6422	0	0	0	0	0	0	0	0
8103	11	63.7596	68.1057	2.41647	2.41052	0	0	0	0	0	0	0	0
8103	12	69.5596	62.3399	2.87193	2.9237	0	0	0	0	0	0	0	0
8103	13	65.2684	65.8121	2.40903	2.40759	0	0	0	0	0	0	0	0
8103	14	68.6009	76.7538	2.71469	2.84565	0	0	0	0	0	0	0	0
8103	15	62.2183	63.3598	2.44469	2.42632	0	0	0	0	0	0	0	0
8103	16	55.4288	51.7429	2.37309	2.37714	0	0	0	0	0	0	0	0
8103	17	57.6305	55.3269	2.24312	2.20346	0	0	0	0	0	0	0	0
8103	18	56.1816	56.9642	3.43904	3.47985	0	0	0	0	0	0	0	0
8103	19	61.7452	53.3262	2.3579	2.39591	0	0	0	0	0	0	0	0
8103	20	58.6728	63.2315	2.06716	2.09776	0	0	0	0	0	0	0	0
8103	21	56.1348	59.5863	2.2564	2.28493	0	0	0	0	0	0	0	0
8103	22	53.007	60.9088	2.27329	2.22855	0	0	0	0	0	0	0	0
8103	23	57.6275	55.6602	2.39717	2.41252	0	0	0	0	0	0	0	0
8103	24	61.6338	60.0813	2.62983	2.5891	0	0	0	0	0	0	0	0
8103	25	57.3108	58.4392	2.43036	2.42427	0	0	0	0	0	0	0	0
8103	26	46.2128	47.66	2.41447	2.39185	0	0	0	0	0	0	0	0
8103	27	47.7687	45.8887	3.19458	3.21141	0	0	0	0	0	0	0	0
8103	28	50.3518	56.0556	2.15204	2.10521	0	0	0	0	0	0	0	0
8103	29	51.1526	52.1913	2.10414	2.09677	0	0	0	0	0	0	0	0
8103	30	52.8287	52.7994	2.75947	2.76805	0	0	0	0	0	0	0	0
8103	31	53.3119	49.9452	2.26898	2.27109	0	0	0	0	0	0	0	0
8103	32	66.8696	65.3056	3.51126	3.49019	0	0	0	0	0	0	0	0
8103	33	67.1723	70.0923	2.81914	2.75804	0	0	0	0	0	0	0	0
8103	34	68.657	73.3747	3.08831	3.04979	0	0	0	0	0	0	0	0
8103	35	77.9316	68.662	2.55439	2.5194	0	0	0	0	0	0	0	0
8103	36	70.31	69.9724	2.85305	2.81957	0	0	0	0	0	0	0	0
8103	37	59.5795	67.2725	2.86181	2.85923	0	0	0	0	0	0	0	0
8103	38	68.7888	68.2244	3.03335	2.99184	0	0	0	0	0	0	0	0
8103	39	68.5279	69.0998	2.6873	2.63595	0	0	0	0	0	0	0	0
8103	40	71.4495	69.6828	2.86493	2.8389	0	0	0	0	0	0	0	0
8103	41	71.1573	67.6792	2.73646	2.73035	0	0	0	0	0	0	0	0
8103	42	68.8177	66.6514	2.72141	2.69562	0	0	0	0	0	0	0	0
8103	43	63.8686	63.0878	2.78893	2.77806	0	0	0	0	0	0	0	0
8103	44	72.6134	73.257	2.97656	2.91812	0	0	0	0	0	0	0	0
8103	45	71.5499	63.8702	2.77393	2.76031	0	0	0	0	0	0	0	0
8103	46	69.5235	68.6302	2.90729	2.89599	0	0	0	0	0	0	0	0
8103	47	70.6067	68.3382	2.54499	2.53783	0	0	0	0	0	0	0	0
8103	48	73.7421	70.6464	3.31018	3.2735	0	0	0	0	0	0	0	0
8103	49	74.082	71.2953	5.35994	5.3836	0	0	0	0	0	0	0	0
8103	50	74.358	77.4268	3.29909	3.28209	0	0	0	0	0	0	0	0
8103	51	73.4218	76.3985	2.92486	2.91329	0	0	0	0	0	0	0	0
8103	52	74.7626	75.1402	3.55941	3.57072	0	0	0	0	0	0	0	0
8103	53	80.606	79.6352	2.9581	2.97438	0	0	0	0	0	0	0	0
8103	54	77.1573	77.1078	2.85828	2.85555	0	0	0	0	0	0	0	0
8103	55	80.921	76.3764	4.2025	4.17866	0	0	0	0	0	0	0	0
8103	56	74.8868	70.4921	5.53877	5.58615	0	0	0	0	0	0	0	0
8103	57	72.4017	74.8914	3.66732	3.69776	0	0	0	0	0	0	0	0
8103	58	79.8049	79.0261	4.10976	4.14023	0	0	0	0	0	0	0	0
8103	59	73.0601	72.7605	3.27447	3.33346	0	0	0	0	0	0	0	0
8103	60	76.5843	78.8118	4.71382	4.70308	0	0	0	0	0	0	0	0
8103	61	78.1992	82.0483	3.13935	3.12223	0	0	0	0	0	0	0	0
8103	62	72.518	71.7746	4.8591	4.86031	0	0	0	0	0	0	0	0
8103	63	75.4926	75.0246	4.44517	4.45319	0	0	0	0	0	0	0	0
8103	64	66.8531	73.7316	2.26469	2.22923	0	0	0	0	0	0	0	0
8103	65	70.024	70.5469	2.29072	2.29278	0	0	0	0	0	0	0	0
8103	66	68.4323	68.3104	2.4383	2.44012	0	0	0	0	0	0	0	0
8103	67	71.3479	68.5325	2.49379	2.50732	0	0	0	0	0	0	0	0
8103	68	70.4871	69.9319	2.32268	2.32052	0	0	0	0	0	0	0	0
8103	69	64.7053	71.4399	2.43132	2.42721	0	0	0	0	0	0	0	0
8103	70	70.7855	65.1903	2.34848	2.36667	0	0	0	0	0	0	0	0
8103	71	67.8312	69.8312	2.46117	2.46201	0	0	0	0	0	0	0	0
8103	72	61.8125	73.5415	2.47789	2.43324	0	0	0	0	0	0	0	0
8103	73	72.3125	76.8549	2.30639	2.30195	0	0	0	0	0	0	0	0
8103	74	71.6578	69.9468	2.81476	2.82695	0	0	0	0	0	0	0	0
8103	75	66.8938	64.5535	2.84732	2.83104	0	0	0	0	0	0	0	0
8103	76	67.5586	70.1696	2.70169	2.66646	0	0	0	0	0	0	0	0
8103	77	64.8738	63.7488	3.1416	3.12341	0	0	0	0	0	0	0	0
8103	78	72.1533	63.5165	2.47184	2.47372	0	0	0	0	0	0	0	0
8103	79	72.1533	69.0611	2.4193	2.41671	0	0	0	0	0	0	0	0
8103	80	72.1511	70.1924	4.12299	4.11477	0	0	0	0	0	0	0	0
8103	81	73.6299	70.7901	3.5528	3.571	0	0	0	0	0	0	0	0
8103	82	69.8668	73.0971	3.46706	3.4528	0	0	0	0	0	0	0	0
8103	83	72.6688	71.8251	2.8983	2.93439	0	0	0	0	0	0	0	0
8103	84	82.2839	77.7223	2.91678	2.88294	0	0	0	0	0	0	0	0
8103	85	76.9475	72.9463	2.7591	2.79641	0	0	0	0	0	0	0	0
8103	86	68.3148	71.7965	2.78027	2.77577	0	0	0	0	0	0	0	0
8103	87	66.7871	64.516	2.76315	2.76586	0	0	0	0	0	0	0	0
8103	88	75.3402	74.9045	2.60427	2.61199	0	0	0	0	0	0	0	0
8103	89	67.6782	66.9504	2.6542	2.65155	0	0	0	0	0	0	0	0
8103	90	72.7372	70.2911	2.67334	2.68519	0	0	0	0	0	0	0	0
8103	91	75.0759	72.6122	2.83143	2.8433	0	0	0	0	0	0	0	0
8103	92	72.9057	73.8538	2.86851	2.87747	0	0	0	0	0	0	0	0
8103	93	71.2008	75.0331	2.91569	2.88567	0	0	0	0	0	0	0	0
8103	94	71.3917	69.8523	2.85607	2.88109	0	0	0	0	0	0	0	0
8103	95	73.6519	69.9306	3.26481	3.27147	0	0	0	0	0	0	0	0
8103	96	67.7944	70.7248	2.04666	2.02743	0	0	0	0	0	0	0	0
8103	97	68.1964	71.4126	2.07777	2.08429	0	0	0	0	0	0	0	0
8103	98	72.1714	69.2961	2.03103	2.06399	0	0	0	0	0	0	0	0
8103	99	70.4232	74.3236	2.08427	2.04105	0	0	0	0	0	0	0	0
8103	100	70.4997	66.7916	2.09577	2.13936	0	0	0	0	0	0	0	0
8103	101	65.5641	70.0404	2.13044	2.14702	0	0	0	0	0	0	0	0
8103	102	71.2191	69.4051	2.10521	2.1403	0	0	0	0	0	0	0	0
8103	103	71.6937	67.3948	2.10331	2.17168	0	0	0	0	0	0	0	0
8103	104	65.7555	63.9419	2.11827	2.14492	0	0	0	0	0	0	0	0
8103	105	67.6257	67.4432	2.29126	2.32261	0	0	0	0	0	0	0	0
8103	106	74.4634	69.4623	2.23514	2.30011	0	0	0	0	0	0	0	0
8103	107	68.2603	69.066	2.28646	2.29103	0	0	0	0	0	0	0	0
8103	108	68.4002	69.7214	2.19851	2.19735	0	0	0	0	0	0	0	0
8103	109	68.8599	67.9825	2.23678	2.25278	0	0	0	0	0	0	0	0
8103	110	58.4646	67.0756	2.2883	2.28935	0	0	0	0	0	0	0	0
8103	111	65.258	69.5283	2.51743	2.50928	0	0	0	0	0	0	0	0
8103	112	72.0787	71.3058	2.30259	2.32306	0	0	0	0	0	0	0	0
8103	113	67.0952	73.0448	2.31845	2.30993	0	0	0	0	0	0	0	0
8103	114	70.9487	76.4651	2.26628	2.24382	0	0	0	0	0	0	0	0
8103	115	70.9035	70.8406	2.218	2.24017	0	0	0	0	0	0	0	0
8103	116	71.1304	71.6154	2.26749	2.29821	0	0	0	0	0	0	0	0
8103	117	68.7434	70.6135	2.28264	2.29753	0	0	0	0	0	0	0	0
8103	118	67.5265	74.6549	2.19347	2.194	0	0	0	0	0	0	0	0
8103	119	66.2826	71.3309	2.28985	2.28637	0	0	0	0	0	0	0	0
8103	120	66.9784	72.0496	2.27284	2.31753	0	0	0	0	0	0	0	0
8103	121	68.3482	72.1582	2.37836	2.39312	0	0	0	0	0	0	0	0
8103	122	72.9819	75.1575	2.24665	2.25026	0	0	0	0	0	0	0	0
8103	123	76.5058	73.6598	2.30153	2.33874	0	0	0	0	0	0	0	0
8103	124	68.9956	71.1655	2.22796	2.25837	0	0	0	0	0	0	0	0
8103	125	69.5392	74.1062	2.40289	2.40969	0	0	0	0	0	0	0	0
8103	126	70.5144	69.9221	2.26429	2.30334	0	0	0	0	0	0	0	0
8103	127	69.3096	73.9717	2.33318	2.34489	0	0	0	0	0	0	0	0
8060	0	76.3637	82.1501	2.51733	2.53749	0	0	0	0	0	0	0	0
8060	1	76.885	70.5354	2.87657	2.9077	0	0	0	0	0	0	0	0
8060	2	82.1736	77.4023	2.99825	3.0316	0	0	0	0	0	0	0	0
8060	3	75.1039	80.7543	2.82901	2.84305	0	0	0	0	0	0	0	0
8060	4	66.9352	73.5525	2.93577	2.88915	0	0	0	0	0	0	0	0
8060	5	72.0307	70.2437	2.56875	2.58718	0	0	0	0	0	0	0	0
8060	6	69.0374	78.5081	2.77002	2.78505	0	0	0	0	0	0	0	0
8060	7	80.3834	74.9728	2.68317	2.68535	0	0	0	0	0	0	0	0
8060	8	80.5769	75.3649	2.90763	2.92072	0	0	0	0	0	0	0	0
8060	9	70.9398	68.1307	2.6019	2.6394	0	0	0	0	0	0	0	0
8060	10	72.5349	78.3717	2.63211	2.64679	0	0	0	0	0	0	0	0
8060	11	74.2591	77.2207	2.52999	2.54568	0	0	0	0	0	0	0	0
8060	12	74.4766	72.5936	3.01652	3.01797	0	0	0	0	0	0	0	0
8060	13	77.5671	69.0873	2.81275	2.82645	0	0	0	0	0	0	0	0
8060	14	75.815	80.818	2.70725	2.73122	0	0	0	0	0	0	0	0
8060	15	72.2398	75.6721	2.60697	2.63	0	0	0	0	0	0	0	0
8060	16	55.7882	62.1321	3.14397	3.09144	0	0	0	0	0	0	0	0
8060	17	60.6293	57.7244	3.41086	3.4236	0	0	0	0	0	0	0	0
8060	18	69.3629	63.8246	3.24535	3.22416	0	0	0	0	0	0	0	0
8060	19	57.1423	63.625	3.38127	3.29514	0	0	0	0	0	0	0	0
8060	20	60.8545	61.8946	3.30224	3.2756	0	0	0	0	0	0	0	0
8060	21	68.9737	67.6414	3.08833	3.05756	0	0	0	0	0	0	0	0
8060	22	70.1152	60.231	2.72174	2.6968	0	0	0	0	0	0	0	0
8060	23	64.4758	67.5533	3.08623	3.05509	0	0	0	0	0	0	0	0
8060	24	63.0755	63.0351	3.23701	3.23984	0	0	0	0	0	0	0	0
8060	25	58.6166	58.1723	3.32391	3.31003	0	0	0	0	0	0	0	0
8060	26	59.8629	64.8211	2.99514	2.93751	0	0	0	0	0	0	0	0
8060	27	64.4705	61.61	3.01843	3.01165	0	0	0	0	0	0	0	0
8060	28	60.1927	55.4025	3.34831	3.37613	0	0	0	0	0	0	0	0
8060	29	58.3758	57.1264	3.60095	3.59674	0	0	0	0	0	0	0	0
8060	30	55.2636	55.4083	3.6334	3.59437	0	0	0	0	0	0	0	0
8060	31	57.3733	59.295	3.39068	3.34817	0	0	0	0	0	0	0	0
8060	32	67.6404	75.9524	3.24072	3.20637	0	0	0	0	0	0	0	0
8060	33	68.1092	70.7433	3.14098	3.15903	0	0	0	0	0	0	0	0
8060	34	80.1793	74.886	3.35183	3.32733	0	0	0	0	0	0	0	0
8060	35	74.2079	80.1468	3.1322	3.15575	0	0	0	0	0	0	0	0
8060	36	78.3913	77.3106	3.27439	3.2669	0	0	0	0	0	0	0	0
8060	37	75.9209	66.0668	3.0219	3.05598	0	0	0	0	0	0	0	0
8060	38	73.2935	63.0829	3.15562	3.17567	0	0	0	0	0	0	0	0
8060	39	67.4921	72.0271	3.06393	3.02991	0	0	0	0	0	0	0	0
8060	40	71.1768	69.1014	3.13973	3.1364	0	0	0	0	0	0	0	0
8060	41	71.3579	70.7739	3.04965	3.045	0	0	0	0	0	0	0	0
8060	42	74.3279	68.6162	3.28526	3.28422	0	0	0	0	0	0	0	0
8060	43	64.1053	67.6254	2.97285	2.97492	0	0	0	0	0	0	0	0
8060	44	65.0983	65.4057	3.37765	3.3916	0	0	0	0	0	0	0	0
8060	45	73.8966	66.8578	3.03602	3.03696	0	0	0	0	0	0	0	0
8060	46	69.9546	70.6811	3.18193	3.19022	0	0	0	0	0	0	0	0
8060	47	70.7835	70.9762	2.99277	2.99754	0	0	0	0	0	0	0	0
8060	48	77.576	71.8286	2.65972	2.66185	0	0	0	0	0	0	0	0
8060	49	75.6668	72.277	2.55634	2.56784	0	0	0	0	0	0	0	0
8060	50	80.1994	76.4438	2.58001	2.57935	0	0	0	0	0	0	0	0
8060	51	75.7881	80.0098	2.58775	2.58668	0	0	0	0	0	0	0	0
8060	52	72.3072	75.4671	2.55331	2.53335	0	0	0	0	0	0	0	0
8060	53	73.5148	74.0241	2.5526	2.54335	0	0	0	0	0	0	0	0
8060	54	80.4853	83.9472	2.83625	2.87578	0	0	0	0	0	0	0	0
8060	55	77.1827	82.0414	3.20327	3.23475	0	0	0	0	0	0	0	0
8060	56	77.6366	75.308	2.63597	2.63172	0	0	0	0	0	0	0	0
8060	57	70.4264	76.7146	2.76513	2.73758	0	0	0	0	0	0	0	0
8060	58	74.4175	73.4744	2.64889	2.63085	0	0	0	0	0	0	0	0
8060	59	73.3082	69.7788	2.79148	2.82052	0	0	0	0	0	0	0	0
8060	60	74.569	74.5473	2.67576	2.69305	0	0	0	0	0	0	0	0
8060	61	79.8014	77.0202	2.78992	2.76507	0	0	0	0	0	0	0	0
8060	62	76.6493	72.5475	2.94788	2.94387	0	0	0	0	0	0	0	0
8060	63	77.6937	70.8668	2.86702	2.89333	0	0	0	0	0	0	0	0
8060	64	89.7704	89.2837	2.52892	2.50773	0	0	0	0	0	0	0	0
8060	65	90.1467	84.2752	2.26841	2.28455	0	0	0	0	0	0	0	0
8060	66	82.668	84.6043	2.38006	2.3358	0	0	0	0	0	0	0	0
8060	67	84.4141	92.5554	2.79765	2.78796	0	0	0	0	0	0	0	0
8060	68	86.8236	89.9356	2.21855	2.27639	0	0	0	0	0	0	0	0
8060	69	84.8628	90.6906	2.72412	2.66815	0	0	0	0	0	0	0	0
8060	70	84.7001	88.587	2.38445	2.37958	0	0	0	0	0	0	0	0
8060	71	89.3793	80.4713	2.49011	2.56174	0	0	0	0	0	0	0	0
8060	72	92.0617	92.0967	2.33496	2.35737	0	0	0	0	0	0	0	0
8060	73	88.6671	89.8259	2.21444	2.23105	0	0	0	0	0	0	0	0
8060	74	86.3632	85.9893	2.53906	2.5594	0	0	0	0	0	0	0	0
8060	75	82.8639	85.5619	2.66113	2.63146	0	0	0	0	0	0	0	0
8060	76	87.4375	79.906	2.33907	2.36305	0	0	0	0	0	0	0	0
8060	77	86.1996	87.7065	2.39631	2.38044	0	0	0	0	0	0	0	0
8060	78	88.1192	90.7353	2.596	2.63829	0	0	0	0	0	0	0	0
8060	79	85.6782	83.9068	2.36109	2.36543	0	0	0	0	0	0	0	0
8060	80	92.5366	90.1042	4.77565	4.74673	0	0	0	0	0	0	0	0
8060	81	89.9929	92.5818	4.50563	4.51026	0	0	0	0	0	0	0	0
8060	82	85.8904	87.4302	4.52384	4.4706	0	0	0	0	0	0	0	0
8060	83	86.055	84.7402	3.66413	3.66767	0	0	0	0	0	0	0	0
8060	84	90.3168	91.7997	4.01554	4.00524	0	0	0	0	0	0	0	0
8060	85	87.3193	88.6654	3.4118	3.41742	0	0	0	0	0	0	0	0
8060	86	81.9662	88.6733	4.13918	4.14007	0	0	0	0	0	0	0	0
8060	87	87.7442	87.3739	3.44551	3.43584	0	0	0	0	0	0	0	0
8060	88	89.959	94.5714	3.55515	3.54096	0	0	0	0	0	0	0	0
8060	89	87.8465	92.6764	3.55145	3.55793	0	0	0	0	0	0	0	0
8060	90	86.7609	87.837	3.5613	3.5121	0	0	0	0	0	0	0	0
8060	91	88.3658	88.4115	3.39935	3.37832	0	0	0	0	0	0	0	0
8060	92	86.1806	82.355	3.28939	3.29945	0	0	0	0	0	0	0	0
8060	93	81.3724	80.4425	4.67686	4.71139	0	0	0	0	0	0	0	0
8060	94	87.2714	88.8349	3.6208	3.64505	0	0	0	0	0	0	0	0
8060	95	82.7579	92.1077	3.55167	3.54405	0	0	0	0	0	0	0	0
8060	96	58.9876	58.9464	2.22854	2.19274	0	0	0	0	0	0	0	0
8060	97	67.201	68.5881	2.33843	2.30657	0	0	0	0	0	0	0	0
8060	98	65.9746	68.4963	2.13666	2.08981	0	0	0	0	0	0	0	0
8060	99	67.2771	70.5467	2.12922	2.08547	0	0	0	0	0	0	0	0
8060	100	72.0505	73.0152	2.10837	2.10644	0	0	0	0	0	0	0	0
8060	101	64.9312	68.518	2.15607	2.1475	0	0	0	0	0	0	0	0
8060	102	67.4579	65.5403	2.13232	2.14857	0	0	0	0	0	0	0	0
8060	103	63.4941	65.9548	2.22137	2.22139	0	0	0	0	0	0	0	0
8060	104	67.8427	63.246	2.05599	2.08401	0	0	0	0	0	0	0	0
8060	105	63.9858	61.9137	2.19299	2.17853	0	0	0	0	0	0	0	0
8060	106	59.5218	64.9096	2.22472	2.20681	0	0	0	0	0	0	0	0
8060	107	60.3378	64.1957	2.31039	2.28667	0	0	0	0	0	0	0	0
8060	108	64.9403	67.3222	2.1943	2.17484	0	0	0	0	0	0	0	0
8060	109	66.4295	63.7959	2.20404	2.21649	0	0	0	0	0	0	0	0
8060	110	71.7793	69.6725	2.30966	2.3128	0	0	0	0	0	0	0	0
8060	111	65.1146	61.5664	2.22982	2.25977	0	0	0	0	0	0	0	0
8060	112	71.7368	66.2489	2.78066	2.8168	0	0	0	0	0	0	0	0
8060	113	63.2833	67.308	2.81079	2.8113	0	0	0	0	0	0	0	0
8060	114	69.9125	69.0539	2.81932	2.8214	0	0	0	0	0	0	0	0
8060	115	68.9114	62.1411	2.73886	2.815	0	0	0	0	0	0	0	0
8060	116	72.4746	67.2241	2.77763	2.79324	0	0	0	0	0	0	0	0
8060	117	69.5572	66.115	2.84987	2.8804	0	0	0	0	0	0	0	0
8060	118	64.6183	69.4841	2.76722	2.77334	0	0	0	0	0	0	0	0
8060	119	67.8414	61.3609	2.82743	2.86026	0	0	0	0	0	0	0	0
8060	120	69.243	71.8407	2.86024	2.85305	0	0	0	0	0	0	0	0
8060	121	58.2783	61.5531	2.83651	2.88395	0	0	0	0	0	0	0	0
8060	122	65.3032	66.5733	2.90226	2.91253	0	0	0	0	0	0	0	0
8060	123	65.657	67.1475	2.90378	2.88181	0	0	0	0	0	0	0	0
8060	124	70.1003	66.8585	2.90672	2.9122	0	0	0	0	0	0	0	0
8060	125	70.956	67.9227	2.83974	2.86226	0	0	0	0	0	0	0	0
8060	126	70.8027	68.9362	2.87954	2.89277	0	0	0	0	0	0	0	0
8060	127	64.2731	70.4195	2.92708	2.91531	0	0	0	0	0	0	0	0
8050	0	63.9838	59.1212	3.09227	3.13132	0	0	0	0	0	0	0	0
8050	1	65.2606	64.1368	2.43731	2.44282	0	0	0	0	0	0	0	0
8050	2	71.9168	65.4629	2.75336	2.8021	0	0	0	0	0	0	0	0
8050	3	70.5494	63.941	2.67513	2.70259	0	0	0	0	0	0	0	0
8050	4	71.2314	68.9972	2.84529	2.85924	0	0	0	0	0	0	0	0
8050	5	65.9215	63.9518	2.487	2.53228	0	0	0	0	0	0	0	0
8050	6	66.9937	68.9047	2.4418	2.38558	0	0	0	0	0	0	0	0
8050	7	67.2791	67.5885	2.28917	2.29601	0	0	0	0	0	0	0	0
8050	8	67.1043	67.6023	2.59945	2.60771	0	0	0	0	0	0	0	0
8050	9	64.9246	64.2157	2.43269	2.42926	0	0	0	0	0	0	0	0
8050	10	63.6465	64.5516	2.58573	2.6154	0	0	0	0	0	0	0	0
8050	11	62.4104	66.1258	2.44279	2.40194	0	0	0	0	0	0	0	0
8050	12	71.5482	70.3963	2.58321	2.58005	0	0	0	0	0	0	0	0
8050	13	62.2556	62.0781	2.48191	2.48048	0	0	0	0	0	0	0	0
8050	14	62.5599	62.9673	2.41869	2.42037	0	0	0	0	0	0	0	0
8050	15	64.3545	65.8402	2.90859	2.89609	0	0	0	0	0	0	0	0
8050	16	79.8013	80.0098	3.00842	3.05368	0	0	0	0	0	0	0	0
8050	17	83.7644	86.923	3.01786	3.01134	0	0	0	0	0	0	0	0
8050	18	84.7882	83.4546	3.02517	3.0322	0	0	0	0	0	0	0	0
8050	19	82.4806	79.5827	2.93644	2.97494	0	0	0	0	0	0	0	0
8050	20	77.6334	87.8472	3.018	2.98367	0	0	0	0	0	0	0	0
8050	21	83.2701	84.2678	3.00005	2.98937	0	0	0	0	0	0	0	0
8050	22	81.9388	84.4275	2.96143	2.96934	0	0	0	0	0	0	0	0
8050	23	82.8828	83.6265	3.01355	3.02618	0	0	0	0	0	0	0	0
8050	24	85.654	84.6446	3.06936	3.10688	0	0	0	0	0	0	0	0
8050	25	76.656	79.4093	3.13991	3.13653	0	0	0	0	0	0	0	0
8050	26	76.8076	75.1038	2.92755	2.92131	0	0	0	0	0	0	0	0
8050	27	76.2105	78.5595	2.99739	2.99147	0	0	0	0	0	0	0	0
8050	28	76.858	73.3402	3.01373	3.01492	0	0	0	0	0	0	0	0
8050	29	74.2377	80.5528	3.01358	3.00697	0	0	0	0	0	0	0	0
8050	30	82.3372	79.2128	3.06281	3.11836	0	0	0	0	0	0	0	0
8050	31	75.6421	74.5422	2.89116	2.88664	0	0	0	0	0	0	0	0
8050	32	72.0429	69.2014	2.85442	2.89207	0	0	0	0	0	0	0	0
8050	33	68.035	72.5814	2.74091	2.73022	0	0	0	0	0	0	0	0
8050	34	70.5847	63.4522	3.04923	3.11273	0	0	0	0	0	0	0	0
8050	35	67.4374	69.464	2.8206	2.84415	0	0	0	0	0	0	0	0
8050	36	79.0694	71.2624	3.09195	3.06444	0	0	0	0	0	0	0	0
8050	37	71.6143	72.3094	2.76821	2.78168	0	0	0	0	0	0	0	0
8050	38	66.7017	69.6339	2.7731	2.76553	0	0	0	0	0	0	0	0
8050	39	62.8405	70.0927	2.76144	2.77482	0	0	0	0	0	0	0	0
8050	40	66.0405	67.0059	2.73352	2.80241	0	0	0	0	0	0	0	0
8050	41	68.9792	68.4705	2.97	2.9961	0	0	0	0	0	0	0	0
8050	42	67.3999	68.4421	3.07339	2.92836	0	0	0	0	0	0	0	0
8050	43	68.2818	66.6237	2.68794	2.72257	0	0	0	0	0	0	0	0
8050	44	73.4293	69.3282	2.95495	2.98573	0	0	0	0	0	0	0	0
8050	45	71.0754	70.9087	2.57421	2.60055	0	0	0	0	0	0	0	0
8050	46	61.9705	72.2835	2.86297	2.8308	0	0	0	0	0	0	0	0
8050	47	60.7187	66.4222	2.58263	2.61995	0	0	0	0	0	0	0	0
8050	48	72.8504	68.9367	2.97153	2.92886	0	0	0	0	0	0	0	0
8050	49	64.6083	65.1687	2.96382	2.93764	0	0	0	0	0	0	0	0
8050	50	60.5739	64.4952	2.9226	2.88515	0	0	0	0	0	0	0	0
8050	51	69.0117	70.46	4.13566	4.05913	0	0	0	0	0	0	0	0
8050	52	70.9418	61.3599	2.93299	2.98008	66	0	0	0	0	0	0	0
8050	53	69.9325	70.2031	2.96688	2.95016	0	0	0	0	0	0	0	0
8050	54	62.3957	66.6477	3.08501	3.03736	0	0	0	0	0	0	0	0
8050	55	67.0983	60.9197	2.90206	2.9765	0	0	0	0	0	0	0	0
8050	56	66.8484	66.4764	2.96135	2.96225	0	0	0	0	0	0	0	0
8050	57	64.1931	63.3094	2.9483	2.9549	0	0	0	0	0	0	0	0
8050	58	64.811	69.6719	2.98429	2.96408	0	0	0	0	0	0	0	0
8050	59	62.6587	64.1786	3.11685	3.14693	0	0	0	0	0	0	0	0
8050	60	59.687	65.292	2.90859	2.88917	0	0	0	0	0	0	0	0
8050	61	68.6206	65.2155	3.23704	3.23997	0	0	0	0	0	0	0	0
8050	62	61.8017	61.7695	3.26288	3.26572	0	0	0	0	0	0	0	0
8050	63	66.9886	62.1405	3.12838	3.22655	0	0	0	0	0	0	0	0
8050	64	93.443	88.5447	2.94637	2.93354	0	0	0	0	0	0	0	0
8050	65	83.331	88.0985	3.05481	3.02415	0	0	0	0	0	0	0	0
8050	66	93.1084	90.3123	2.9591	2.92025	0	0	0	0	0	0	0	0
8050	67	90.5805	86.248	3.1198	3.09941	0	0	0	0	0	0	0	0
8050	68	87.5793	79.8606	2.99501	3.02247	0	0	0	0	0	0	0	0
8050	69	80.6667	82.2229	2.82587	2.78869	0	0	0	0	0	0	0	0
8050	70	85.8979	81.2639	3.00706	3.06917	0	0	0	0	0	0	0	0
8050	71	84.0959	83.7796	3.12218	3.11415	0	0	0	0	0	0	0	0
8050	72	81.777	84.0927	3.05648	3.00886	0	0	0	0	0	0	0	0
8050	73	81.2506	85.2205	2.83165	2.77095	0	0	0	0	0	0	0	0
8050	74	85.9973	87.8206	3.04032	3.04312	0	0	0	0	0	0	0	0
8050	75	90.1952	88.335	3.21476	3.18803	0	0	0	0	0	0	0	0
8050	76	85.495	83.5704	3.32768	3.37995	0	0	0	0	0	0	0	0
8050	77	87.3522	89.3342	2.83726	2.82645	0	0	0	0	0	0	0	0
8050	78	84.5498	86.8258	3.1128	3.12559	0	0	0	0	0	0	0	0
8050	79	82.6382	85.5323	3.72028	3.71193	0	0	0	0	0	0	0	0
8050	80	64.0146	72.3816	4.59617	4.52161	0	0	0	0	0	0	0	0
8050	81	61.934	66.5341	4.3503	4.27541	0	0	0	0	0	0	0	0
8050	82	65.1363	64.9844	4.17255	4.15968	0	0	0	0	0	0	0	0
8050	83	74.2441	72.1218	3.49913	3.46075	0	0	0	0	0	0	0	0
8050	84	69.2815	70.3303	3.46386	3.45085	0	0	0	0	0	0	0	0
8050	85	62.8768	69.6128	3.46361	3.46212	0	0	0	0	0	0	0	0
8050	86	63.6555	70.2722	3.6447	3.60682	0	0	0	0	0	0	0	0
8050	87	64.2961	58.5347	3.29485	3.26405	0	0	0	0	0	0	0	0
8050	88	67.4448	64.6278	3.33918	3.34813	0	0	0	0	0	0	0	0
8050	89	60.9241	68.3648	3.14724	3.11642	0	0	0	0	0	0	0	0
8050	90	65.0225	66.4498	3.18703	3.17801	0	0	0	0	0	0	0	0
8050	91	62.4302	73.1881	3.18606	3.14363	0	0	0	0	0	0	0	0
8050	92	65.9597	65.0516	3.23438	3.2164	0	0	0	0	0	0	0	0
8050	93	64.2033	64.9286	3.39417	3.39664	0	0	0	0	0	0	0	0
8050	94	64.7267	67.6937	3.48914	3.50081	0	0	0	0	0	0	0	0
8050	95	68.5207	71.2734	3.34705	3.34992	0	0	0	0	0	0	0	0
8050	96	72.9603	73.823	2.26066	2.26375	0	0	0	0	0	0	0	0
8050	97	68.4846	71.0652	2.36688	2.37716	0	0	0	0	0	0	0	0
8050	98	75.1533	71.3946	2.4271	2.44762	0	0	0	0	0	0	0	0
8050	99	75.8854	73.5471	2.28718	2.3005	0	0	0	0	0	0	0	0
8050	100	68.9308	70.1393	2.20776	2.25293	0	0	0	0	0	0	0	0
8050	101	69.8224	73.4039	2.2447	2.23571	0	0	0	0	0	0	0	0
8050	102	74.328	74.3847	2.43539	2.43558	0	0	0	0	0	0	0	0
8050	103	67.1263	72.2601	2.34057	2.34125	0	0	0	0	0	0	0	0
8050	104	75.0807	76.0626	2.31938	2.30963	0	0	0	0	0	0	0	0
8050	105	70.584	74.5449	2.22537	2.22596	0	0	0	0	0	0	0	0
8050	106	72.0264	75.2879	2.27176	2.26798	0	0	0	0	0	0	0	0
8050	107	73.1622	71.7303	2.66538	2.69578	0	0	0	0	0	0	0	0
8050	108	72.763	72.2583	2.2629	2.24733	0	0	0	0	0	0	0	0
8050	109	70.7356	70.143	3.15169	3.17422	0	0	0	0	0	0	0	0
8050	110	73.3448	75.5826	2.40026	2.36862	0	0	0	0	0	0	0	0
8050	111	65.3976	69.9754	2.39383	2.39065	0	0	0	0	0	0	0	0
8050	112	73.3379	76.2067	2.58694	2.58987	0	0	0	0	0	0	0	0
8050	113	79.4918	77.1183	2.55367	2.56727	0	0	0	0	0	0	0	0
8050	114	78.9406	77.9147	2.60519	2.62953	0	0	0	0	0	0	0	0
8050	115	80.5058	82.3457	2.51433	2.49324	0	0	0	0	0	0	0	0
8050	116	76.8331	75.8859	2.55351	2.58995	0	0	0	0	0	0	0	0
8050	117	71.2673	76.6982	2.52696	2.53757	0	0	0	0	0	0	0	0
8050	118	79.6974	83.1024	2.50716	2.49234	0	0	0	0	0	0	0	0
8050	119	74.7234	78.8501	2.51521	2.48954	0	0	0	0	0	0	0	0
8050	120	77.6651	74.6839	2.5933	2.63015	0	0	0	0	0	0	0	0
8050	121	78.5678	82.2771	2.592	2.56935	0	0	0	0	0	0	0	0
8050	122	76.8348	79.3381	2.58972	2.5818	0	0	0	0	0	0	0	0
8050	123	76.7496	79.5447	2.55177	2.56039	0	0	0	0	0	0	0	0
8050	124	73.9823	75.9074	2.6473	2.66685	0	0	0	0	0	0	0	0
8050	125	72.2678	77.5026	2.57129	2.56411	0	0	0	0	0	0	0	0
8050	126	75.7574	79.8234	2.59013	2.58869	0	0	0	0	0	0	0	0
8050	127	73.6537	77.9418	2.53815	2.55026	0	0	0	0	0	0	0	0
8057	0	67.0667	69.4657	2.5412	2.53696	0	0	0	0	0	0	0	0
8057	1	76.9702	66.4476	2.32547	2.36619	0	0	0	0	0	0	0	0
8057	2	68.4064	66.9552	2.57569	2.57361	0	0	0	0	0	0	0	0
8057	3	69.7667	69.9666	2.32646	2.36331	0	0	0	0	0	0	0	0
8057	4	68.6326	70.3437	2.66344	2.66108	0	0	0	0	0	0	0	0
8057	5	65.9587	66.9561	2.31071	2.31222	0	0	0	0	0	0	0	0
8057	6	69.1937	73.5561	2.31906	2.30853	0	0	0	0	0	0	0	0
8057	7	68.4605	70.4442	2.89578	2.88734	0	0	0	0	0	0	0	0
8057	8	74.2069	73.8945	2.32918	2.3445	0	0	0	0	0	0	0	0
8057	9	69.8632	73.0631	2.6773	2.65923	0	0	0	0	0	0	0	0
8057	10	66.9733	64.2661	2.37206	2.41188	0	0	0	0	0	0	0	0
8057	11	68.8269	71.5375	2.29382	2.30209	0	0	0	0	0	0	0	0
8057	12	72.2205	68.8809	2.66058	2.71461	0	0	0	0	0	0	0	0
8057	13	69.6141	68.9761	2.44869	2.45717	0	0	0	0	0	0	0	0
8057	14	69.9225	69.4294	2.27812	2.27316	0	0	0	0	0	0	0	0
8057	15	69.5554	65.2931	2.25936	2.26301	0	0	0	0	0	0	0	0
8057	16	68.881	68.9153	2.26199	2.26521	0	0	0	0	0	0	0	0
8057	17	63.9086	69.5051	5.55356	5.47983	0	0	0	0	0	0	0	0
8057	18	70.0223	69.2327	2.29953	2.30441	0	0	0	0	0	0	0	0
8057	19	66.2307	67.4377	2.39029	2.3807	0	0	0	0	0	0	0	0
8057	20	66.4984	68.883	2.27004	2.27788	0	0	0	0	0	0	0	0
8057	21	61.0013	63.9885	2.51911	2.5622	0	0	0	0	0	0	0	0
8057	22	69.8672	66.1387	2.35623	2.41833	0	0	0	0	0	0	0	0
8057	23	63.1566	66.7715	2.48527	2.48357	0	0	0	0	0	0	0	0
8057	24	62.2518	76.377	2.21304	2.26238	0	0	0	0	0	0	0	0
8057	25	69.4126	66.7846	2.55978	2.58466	0	0	0	0	0	0	0	0
8057	26	63.0283	62.5826	2.33984	2.37037	0	0	0	0	0	0	0	0
8057	27	63.3421	65.694	2.33179	2.36427	0	0	0	0	0	0	0	0
8057	28	61.4875	67.7276	2.6629	2.66499	0	0	0	0	0	0	0	0
8057	29	60.2719	66.0538	2.37745	2.40223	0	0	0	0	0	0	0	0
8057	30	65.539	65.4849	2.24619	2.26928	0	0	0	0	0	0	0	0
8057	31	69.0374	61.5341	2.28411	2.33091	0	0	0	0	0	0	0	0
8057	32	60.2676	58.0229	2.84143	2.87786	0	0	0	0	0	0	0	0
8057	33	61.0474	61.3059	2.41611	2.42664	0	0	0	0	0	0	0	0
8057	34	58.5132	57.6083	2.47079	2.48435	0	0	0	0	0	0	0	0
8057	35	57.3572	59.8609	2.34194	2.3051	0	0	0	0	0	0	0	0
8057	36	63.2464	62.5206	2.34545	2.36694	0	0	0	0	0	0	0	0
8057	37	59.9359	61.6827	2.26627	2.29963	0	0	0	0	0	0	0	0
8057	38	59.417	59.3665	2.23508	2.2169	0	0	0	0	0	0	0	0
8057	39	60.9017	56.2377	2.22876	2.2059	0	0	0	0	0	0	0	0
8057	40	60.672	56.4767	2.27516	2.2772	0	0	0	0	0	0	0	0
8057	41	60.0097	57.4121	2.20139	2.21681	0	0	0	0	0	0	0	0
8057	42	55.7073	58.9988	2.49333	2.51954	0	0	0	0	0	0	0	0
8057	43	56.7884	59.4055	2.28821	2.27506	0	0	0	0	0	0	0	0
8057	44	57.6934	59.382	2.73718	2.74554	0	0	0	0	0	0	0	0
8057	45	59.8812	60.9751	2.20165	2.18849	0	0	0	0	0	0	0	0
8057	46	53.4212	50.9381	2.3257	2.34064	0	0	0	0	0	0	0	0
8057	47	61.3577	62.8193	2.35752	2.31937	0	0	0	0	0	0	0	0
8057	48	63.05	72.589	2.31163	2.31323	0	0	0	0	0	0	0	0
8057	49	77.6535	71.2336	2.29164	2.33115	0	0	0	0	0	0	0	0
8057	50	77.372	73.7862	2.43714	2.44218	0	0	0	0	0	0	0	0
8057	51	76.3942	76.4029	2.37992	2.34238	0	0	0	0	0	0	0	0
8057	52	82.7901	77.6994	2.32068	2.27836	0	0	0	0	0	0	0	0
8057	53	79.7591	71.1773	2.47217	2.49027	0	0	0	0	0	0	0	0
8057	54	72.564	68.1264	2.27614	2.3006	0	0	0	0	0	0	0	0
8057	55	72.3873	77.2406	2.37272	2.3264	0	0	0	0	0	0	0	0
8057	56	67.9046	71.3407	2.25697	2.27339	0	0	0	0	0	0	0	0
8057	57	75.0799	71.49	2.39043	2.3941	0	0	0	0	0	0	0	0
8057	58	69.9919	71.0881	2.32231	2.35874	0	0	0	0	0	0	0	0
8057	59	75.2266	72.7237	2.49126	2.5069	0	0	0	0	0	0	0	0
8057	60	67.2964	73.4132	2.34497	2.35896	0	0	0	0	0	0	0	0
8057	61	69.1592	62.9299	2.46128	2.43339	0	0	0	0	0	0	0	0
8057	62	70.0505	70.19	2.59034	2.58967	0	0	0	0	0	0	0	0
8057	63	67.603	73.0605	2.59339	2.59028	0	0	0	0	0	0	0	0
8057	64	85.9263	79.4863	2.36031	2.47602	0	0	0	0	0	0	0	0
8057	65	82.6031	84.2327	2.67318	2.65012	0	0	0	0	0	0	0	0
8057	66	82.5695	83.6014	2.3971	2.40785	0	0	0	0	0	0	0	0
8057	67	82.3176	80.7108	2.35014	2.35835	0	0	0	0	0	0	0	0
8057	68	82.6442	84.4149	2.45819	2.43035	0	0	0	0	0	0	0	0
8057	69	84.2852	85.0683	2.31855	2.32542	0	0	0	0	0	0	0	0
8057	70	79.9117	82.8185	2.39397	2.37235	0	0	0	0	0	0	0	0
8057	71	78.861	77.464	2.43417	2.42083	0	0	0	0	0	0	0	0
8057	72	83.3351	85.4115	2.37178	2.35527	0	0	0	0	0	0	0	0
8057	73	79.5749	86.588	2.51752	2.44457	0	0	0	0	0	0	0	0
8057	74	80.2987	84.4933	2.41476	2.36171	0	0	0	0	0	0	0	0
8057	75	80.1736	75.5757	2.58966	2.5948	0	0	0	0	0	0	0	0
8057	76	86.1741	83.601	2.44672	2.49887	0	0	0	0	0	0	0	0
8057	77	80.9186	84.8124	2.4989	2.45101	0	0	0	0	0	0	0	0
8057	78	78.9337	82.3911	2.57203	2.53401	0	0	0	0	0	0	0	0
8057	79	85.6779	79.6671	2.6284	2.71134	0	0	0	0	0	0	0	0
8057	80	64.2842	66.8663	4.28801	4.25476	0	0	0	0	0	0	0	0
8057	81	67.8539	64.4808	3.39306	3.42734	0	0	0	0	0	0	0	0
8057	82	69.9327	62.2541	3.33614	3.35215	0	0	0	0	0	0	0	0
8057	83	64.9803	65.2382	2.91423	2.9026	0	0	0	0	0	0	0	0
8057	84	67.8769	62.8825	2.83835	2.86514	0	0	0	0	0	0	0	0
8057	85	65.8282	65.6467	2.57141	2.5611	0	0	0	0	0	0	0	0
8057	86	62.6019	67.6256	2.73961	2.7436	0	0	0	0	0	0	0	0
8057	87	57.1393	67.4172	2.54581	2.52201	0	0	0	0	0	0	0	0
8057	88	69.3344	67.9665	3.01127	3.00678	0	0	0	0	0	0	0	0
8057	89	70.7756	67.3053	2.50799	2.48892	0	0	0	0	0	0	0	0
8057	90	64.9307	66.3064	2.58344	2.55148	0	0	0	0	0	0	0	0
8057	91	62.4157	65.7814	2.58969	2.56072	0	0	0	0	0	0	0	0
8057	92	65.4016	66.4209	2.75612	2.73867	0	0	0	0	0	0	0	0
8057	93	63.417	64.5602	2.87541	2.89167	0	0	0	0	0	0	0	0
8057	94	63.5667	63.704	2.60308	2.61268	0	0	0	0	0	0	0	0
8057	95	61.6053	62.6812	3.06812	3.05147	0	0	0	0	0	0	0	0
8057	96	59.1724	59.9699	2.28069	2.28051	0	0	0	0	0	0	0	0
8057	97	57.1991	56.4695	2.31858	2.32471	0	0	0	0	0	0	0	0
8057	98	61.5733	65.0839	2.30766	2.28602	0	0	0	0	0	0	0	0
8057	99	58.1596	60.6866	2.39536	2.37477	0	0	0	0	0	0	0	0
8057	100	62.3537	59.8141	2.31309	2.3351	0	0	0	0	0	0	0	0
8057	101	54.7958	61.9562	2.4341	2.3956	0	0	0	0	0	0	0	0
8057	102	67.9891	62.5318	2.47289	2.40583	0	0	0	0	0	0	0	0
8057	103	52.2378	57.1654	2.3746	2.36848	0	0	0	0	0	0	0	0
8057	104	54.3678	55.3575	2.39324	2.3811	0	0	0	0	0	0	0	0
8057	105	59.4933	57.4842	2.39554	2.42161	0	0	0	0	0	0	0	0
8057	106	50.4692	53.4188	2.38723	2.38934	0	0	0	0	0	0	0	0
8057	107	60.219	56.9613	2.32525	2.37745	0	0	0	0	0	0	0	0
8057	108	52.0674	57.0951	2.38647	2.37982	0	0	0	0	0	0	0	0
8057	109	57.2579	54.6428	2.4085	2.41497	0	0	0	0	0	0	0	0
8057	110	54.3793	60.6385	2.38009	2.34364	0	0	0	0	0	0	0	0
8057	111	57.7235	58.33	2.44245	2.4367	0	0	0	0	0	0	0	0
8057	112	63.5767	63.8208	2.44899	2.43892	0	0	0	0	0	0	0	0
8057	113	64.4295	68.5912	2.67067	2.62079	0	0	0	0	0	0	0	0
8057	114	61.9464	62.9065	2.45573	2.48309	0	0	0	0	0	0	0	0
8057	115	66.5887	66.4582	2.31123	2.3308	0	0	0	0	0	0	0	0
8057	116	66.9609	63.9148	2.62774	2.66672	0	0	0	0	0	0	0	0
8057	117	68.1118	69.6563	2.3353	2.36147	0	0	0	0	0	0	0	0
8057	118	65.8432	69.1454	2.50709	2.49747	0	0	0	0	0	0	0	0
8057	119	64.4563	71.4579	2.61362	2.56676	0	0	0	0	0	0	0	0
8057	120	65.1448	66.6338	2.45622	2.41597	0	0	0	0	0	0	0	0
8057	121	61.2728	65.5172	2.46364	2.46363	0	0	0	0	0	0	0	0
8057	122	69.0977	64.4823	2.52859	2.57891	0	0	0	0	0	0	0	0
8057	123	62.6398	59.5292	2.75843	2.75693	0	0	0	0	0	0	0	0
8057	124	71.9074	73.201	2.43593	2.44916	0	0	0	0	0	0	0	0
8057	125	61.6334	67.9516	2.52486	2.49265	0	0	0	0	0	0	0	0
8057	126	66.97	66.2565	2.44703	2.49676	0	0	0	0	0	0	0	0
8057	127	66.5665	67.3376	2.44692	2.46341	0	0	0	0	0	0	0	0
8024	0	64.4969	62.9576	2.71587	2.76886	0	0	0	0	0	0	0	0
8024	1	64.1567	62.0946	2.81605	2.79417	0	0	0	0	0	0	0	0
8024	2	57.7826	57.3403	2.818	2.80831	0	0	0	0	0	0	0	0
8024	3	55.3196	56.934	2.98643	3.03163	0	0	0	0	0	0	0	0
8024	4	58.4536	62.6747	2.69203	2.65304	0	0	0	0	0	0	0	0
8024	5	69.4095	69.225	2.62698	2.57842	0	0	0	0	0	0	0	0
8024	6	60.9107	63.551	2.52194	2.51904	0	0	0	0	0	0	0	0
8024	7	64.187	59.088	2.8336	2.86984	0	0	0	0	0	0	0	0
8024	8	61.2391	63.544	2.82991	2.82936	0	0	0	0	0	0	0	0
8024	9	63.4451	64.2354	2.92192	2.8989	0	0	0	0	0	0	0	0
8024	10	60.4959	63.3332	2.91899	2.90503	0	0	0	0	0	0	0	0
8024	11	59.0311	60.0476	2.97989	2.983	0	0	0	0	0	0	0	0
8024	12	59.9778	62.6965	2.93623	2.9054	0	0	0	0	0	0	0	0
8024	13	63.0926	61.388	2.86998	2.88077	0	0	0	0	0	0	0	0
8024	14	67.737	68.1029	2.56492	2.55993	0	0	0	0	0	0	0	0
8024	15	61.4533	60.8013	2.7401	2.72569	0	0	0	0	0	0	0	0
8024	16	64.1171	61.8738	3.12128	3.12831	0	0	0	0	0	0	0	0
8024	17	62.1264	61.194	2.71043	2.73463	0	0	0	0	0	0	0	0
8024	18	62.62	64.535	3.20076	3.16549	0	0	0	0	0	0	0	0
8024	19	67.9444	59.9388	3.09943	3.1238	0	0	0	0	0	0	0	0
8024	20	61.9418	70.8516	2.77776	2.76631	0	0	0	0	0	0	0	0
8024	21	67.2105	61.1274	2.69352	2.69032	0	0	0	0	0	0	0	0
8024	22	73.4583	71.7527	2.93055	2.96785	0	0	0	0	0	0	0	0
8024	23	68.8323	61.3436	2.69346	2.71664	0	0	0	0	0	0	0	0
8024	24	65.3303	62.6158	3.07883	3.10129	0	0	0	0	0	0	0	0
8024	25	57.5541	58.348	2.99694	2.97988	0	0	0	0	0	0	0	0
8024	26	63.2983	61.891	3.06013	3.04426	0	0	0	0	0	0	0	0
8024	27	67.6353	64.18	2.94771	2.98039	0	0	0	0	0	0	0	0
8024	28	54.4565	53.211	2.6782	2.70748	0	0	0	0	0	0	0	0
8024	29	60.7251	68.0187	2.91228	2.90855	0	0	0	0	0	0	0	0
8024	30	56.0904	58.3479	3.08582	3.08389	0	0	0	0	0	0	0	0
8024	31	57.3393	63.263	2.78121	2.78181	0	0	0	0	0	0	0	0
8024	32	64.5285	65.9836	3.28045	3.29234	0	0	0	0	0	0	0	0
8024	33	66.6375	64.9486	3.05848	3.06048	0	0	0	0	0	0	0	0
8024	34	64.3988	60.7185	3.41333	3.39237	0	0	0	0	0	0	0	0
8024	35	74.3248	72.162	3.05646	3.03023	0	0	0	0	0	0	0	0
8024	36	69.6082	64.2347	3.18402	3.20164	0	0	0	0	0	0	0	0
8024	37	65.1498	66.483	3.00191	3.002	0	0	0	0	0	0	0	0
8024	38	60.3592	65.355	3.03297	3.04226	0	0	0	0	0	0	0	0
8024	39	64.0026	70.4662	2.96688	2.91932	0	0	0	0	0	0	0	0
8024	40	64.059	67.2678	3.13098	3.08971	0	0	0	0	0	0	0	0
8024	41	63.5271	70.2414	2.88311	2.85981	0	0	0	0	0	0	0	0
8024	42	62.3456	66.1282	3.2327	3.2211	0	0	0	0	0	0	0	0
8024	43	63.8926	66.6381	3.02366	2.99091	0	0	0	0	0	0	0	0
8024	44	67.8778	59.4596	3.27514	3.27905	0	0	0	0	0	0	0	0
8024	45	64.8215	64.1471	2.92297	2.9278	0	0	0	0	0	0	0	0
8024	46	65.5268	66.3259	3.63556	3.66461	0	0	0	0	0	0	0	0
8024	47	64.4784	68.2858	3.17003	3.14716	0	0	0	0	0	0	0	0
8024	48	63.5117	69.3921	2.66249	2.63173	0	0	0	0	0	0	0	0
8024	49	64.8781	68.1666	2.44957	2.45953	0	0	0	0	0	0	0	0
8024	50	66.7816	70.1192	2.43209	2.39428	0	0	0	0	0	0	0	0
8024	51	64.9405	65.8069	2.53722	2.52219	0	0	0	0	0	0	0	0
8024	52	70.3635	69.3763	2.48619	2.52777	0	0	0	0	0	0	0	0
8024	53	70.8043	63.9309	2.42363	2.48307	0	0	0	0	0	0	0	0
8024	54	65.1773	69.5594	2.49706	2.48493	0	0	0	0	0	0	0	0
8024	55	67.2191	66.9373	2.97334	2.99737	0	0	0	0	0	0	0	0
8024	56	68.6702	61.7334	2.46572	2.49713	0	0	0	0	0	0	0	0
8024	57	69.6697	75.8181	2.61629	2.65471	0	0	0	0	0	0	0	0
8024	58	65.3731	62.6667	2.66823	2.69491	0	0	0	0	0	0	0	0
8024	59	71.7027	68.3336	2.67961	2.70112	0	0	0	0	0	0	0	0
8024	60	63.9269	57.1269	2.69285	2.73685	0	0	0	0	0	0	0	0
8024	61	67.8139	63.8605	2.80424	2.81626	0	0	0	0	0	0	0	0
8024	62	66.9886	70.8796	3.034	3.01069	0	0	0	0	0	0	0	0
8024	63	59.0549	67.1656	2.86279	2.80589	0	0	0	0	0	0	0	0
8024	64	72.1171	65.9998	2.44883	2.48896	0	0	0	0	0	0	0	0
8024	65	65.8764	67.8604	2.29222	2.30731	0	0	0	0	0	0	0	0
8024	66	62.6651	68.1284	3.35009	3.30194	0	0	0	0	0	0	0	0
8024	67	69.2049	71.5615	2.33799	2.33062	0	0	0	0	0	0	0	0
8024	68	63.8029	68.3764	2.47957	2.51588	0	0	0	0	0	0	0	0
8024	69	59.8356	64.6745	2.46246	2.46296	0	0	0	0	0	0	0	0
8024	70	62.6106	65.9616	2.87814	2.857	0	0	0	0	0	0	0	0
8024	71	60.1646	67.2666	2.5212	2.5267	0	0	0	0	0	0	0	0
8024	72	66.4978	67.0255	2.26801	2.2929	0	0	0	0	0	0	0	0
8024	73	69.3987	67.0195	2.35079	2.36019	0	0	0	0	0	0	0	0
8024	74	62.2635	57.5096	2.31523	2.30633	0	0	0	0	0	0	0	0
8024	75	68.1405	65.8123	2.54348	2.60716	0	0	0	0	0	0	0	0
8024	76	63.204	67.7224	2.34911	2.33824	0	0	0	0	0	0	0	0
8024	77	69.9333	62.2139	2.68235	2.74835	0	0	0	0	0	0	0	0
8024	78	62.8299	61.1407	2.46597	2.46847	0	0	0	0	0	0	0	0
8024	79	60.9711	68.2985	2.48997	2.45829	0	0	0	0	0	0	0	0
8024	80	72.5616	72.7289	3.92754	3.90752	0	0	0	0	0	0	0	0
8024	81	70.8473	72.9466	3.09645	3.06302	0	0	0	0	0	0	0	0
8024	82	77.6883	76.3886	3.5311	3.55282	0	0	0	0	0	0	0	0
8024	83	72.0302	75.3285	3.21553	3.14066	0	0	0	0	0	0	0	0
8024	84	72.8515	73.3049	2.82072	2.79978	0	0	0	0	0	0	0	0
8024	85	68.043	72.8476	2.31385	2.32705	0	0	0	0	0	0	0	0
8024	86	72.4741	74.5946	2.38416	2.35267	0	0	0	0	0	0	0	0
8024	87	77.4524	75.2974	2.27171	2.31886	0	0	0	0	0	0	0	0
8024	88	72.7901	77.2796	2.27173	2.24853	0	0	0	0	0	0	0	0
8024	89	74.2892	72.1236	2.22654	2.22847	0	0	0	0	0	0	0	0
8024	90	73.4723	71.386	2.25848	2.25821	0	0	0	0	0	0	0	0
8024	91	72.5888	74.7092	3.03244	3.01475	0	0	0	0	0	0	0	0
8024	92	67.4183	64.9201	3.03603	2.99833	0	0	0	0	0	0	0	0
8024	93	75.097	75.2009	2.51794	2.55304	0	0	0	0	0	0	0	0
8024	94	72.8141	68.9164	2.68469	2.69299	0	0	0	0	0	0	0	0
8024	95	73.4926	71.1725	2.76133	2.77952	0	0	0	0	0	0	0	0
8024	96	74.5876	71.7312	2.3329	2.35126	0	0	0	0	0	0	0	0
8024	97	75.4505	70.4358	2.18934	2.20812	0	0	0	0	0	0	0	0
8024	98	73.0597	74.9882	2.23674	2.23846	0	0	0	0	0	0	0	0
8024	99	70.2416	66.4641	2.2728	2.268	0	0	0	0	0	0	0	0
8024	100	75.1776	77.2104	2.28297	2.27054	0	0	0	0	0	0	0	0
8024	101	69.6322	75.7015	2.25195	2.22777	0	0	0	0	0	0	0	0
8024	102	74.4768	74.4841	2.20193	2.1998	0	0	0	0	0	0	0	0
8024	103	73.136	77.5624	2.26575	2.26996	0	0	0	0	0	0	0	0
8024	104	74.152	72.3816	2.29168	2.27277	0	0	0	0	0	0	0	0
8024	105	72.3438	73.2625	2.24457	2.22581	0	0	0	0	0	0	0	0
8024	106	67.6373	67.3045	2.2895	2.28108	0	0	0	0	0	0	0	0
8024	107	71.402	67.0258	2.42253	2.42253	0	0	0	0	0	0	0	0
8024	108	71.608	72.7717	2.2274	2.25943	0	0	0	0	0	0	0	0
8024	109	70.3462	68.4551	2.26697	2.26274	0	0	0	0	0	0	0	0
8024	110	74.2613	76.9462	2.35082	2.32984	0	0	0	0	0	0	0	0
8024	111	70.9524	72.3681	3.06555	3.04963	0	0	0	0	0	0	0	0
8024	112	71.0283	72.5383	2.36549	2.32122	0	0	0	0	0	0	0	0
8024	113	72.0711	71.8437	2.39833	2.40556	0	0	0	0	0	0	0	0
8024	114	77.2676	74.6178	2.43283	2.39177	0	0	0	0	0	0	0	0
8024	115	71.3823	68.1731	2.35029	2.34299	0	0	0	0	0	0	0	0
8024	116	71.0229	71.6273	2.36635	2.33381	0	0	0	0	0	0	0	0
8024	117	68.3711	67.5367	2.32423	2.31043	0	0	0	0	0	0	0	0
8024	118	70.0943	66.8645	2.37559	2.35953	0	0	0	0	0	0	0	0
8024	119	71.3526	68.1459	2.38017	2.34597	0	0	0	0	0	0	0	0
8024	120	69.9212	70.414	2.33481	2.32663	0	0	0	0	0	0	0	0
8024	121	71.5929	73.0303	2.37313	2.35709	0	0	0	0	0	0	0	0
8024	122	70.1641	66.9638	2.34617	2.29524	0	0	0	0	0	0	0	0
8024	123	71.5925	71.198	2.32981	2.31018	0	0	0	0	0	0	0	0
8024	124	68.0129	66.8347	2.38094	2.37697	0	0	0	0	0	0	0	0
8024	125	67.2843	70.7253	2.51053	2.48759	0	0	0	0	0	0	0	0
8024	126	69.8684	75.3954	2.36393	2.30524	0	0	0	0	0	0	0	0
8024	127	70.2285	72.7228	2.42541	2.38676	0	0	0	0	0	0	0	0
8016	0	79.4913	78.8636	3.20712	3.20171	0	0	0	0	0	0	0	0
8016	1	83.9633	86.0536	3.26619	3.24721	0	0	0	0	0	0	0	0
8016	2	83.2115	86.1055	2.92705	2.88959	0	0	0	0	0	0	0	0
8016	3	80.5744	84.5195	3.40872	3.34775	0	0	0	0	0	0	0	0
8016	4	81.5091	76.9237	3.03788	3.03338	0	0	0	0	0	0	0	0
8016	5	80.37	76.5277	3.25356	3.262	0	0	0	0	0	0	0	0
8016	6	73.8901	77.2326	3.00253	3.00111	0	0	0	0	0	0	0	0
8016	7	84.6443	77.0456	2.95793	2.99798	0	0	0	0	0	0	0	0
8016	8	76.2955	80.02	3.05874	3.05308	0	0	0	0	0	0	0	0
8016	9	81.7579	82.4583	2.87339	2.85005	0	0	0	0	0	0	0	0
8016	10	80.123	82.8111	3.31266	3.26384	0	0	0	0	0	0	0	0
8016	11	79.0155	84.7589	2.98233	2.91048	0	0	0	0	0	0	0	0
8016	12	82.4415	79.1714	3.36075	3.39664	0	0	0	0	0	0	0	0
8016	13	78.4185	82.8154	3.0333	3.01276	0	0	0	0	0	0	0	0
8016	14	81.9336	84.1424	3.1715	3.12556	0	0	0	0	0	0	0	0
8016	15	81.6001	83.6502	3.11242	3.08979	0	0	0	0	0	0	0	0
8016	16	71.9669	76.1042	2.40936	2.40716	0	0	0	0	0	0	0	0
8016	17	80.0804	78.8351	2.4775	2.47145	0	0	0	0	0	0	0	0
8016	18	77.6604	76.9317	2.45805	2.48745	0	0	0	0	0	0	0	0
8016	19	77.6254	72.2283	2.51331	2.4893	0	0	0	0	0	0	0	0
8016	20	89.3866	73.6661	2.5534	2.46561	0	0	0	0	0	0	0	0
8016	21	76.3481	84.3038	2.62565	2.56505	0	0	0	0	0	0	0	0
8016	22	80.4416	85.8493	2.4461	2.4293	0	0	0	0	0	0	0	0
8016	23	77.5499	76.1704	2.43727	2.44814	0	0	0	0	0	0	0	0
8016	24	72.6201	77.7977	2.32789	2.32308	0	0	0	0	0	0	0	0
8016	25	69.7923	80.4552	2.35289	2.35999	0	0	0	0	0	0	0	0
8016	26	86.6308	76.2038	2.39614	2.39689	0	0	0	0	0	0	0	0
8016	27	79.0301	80.1752	2.52795	2.49317	0	0	0	0	0	0	0	0
8016	28	74.5013	78.1125	2.30753	2.30831	0	0	0	0	0	0	0	0
8016	29	71.5872	72.6902	2.45523	2.45543	0	0	0	0	0	0	0	0
8016	30	76.7333	81.3177	2.4603	2.4186	0	0	0	0	0	0	0	0
8016	31	80.1109	72.9657	2.40475	2.40333	0	0	0	0	0	0	0	0
8016	32	69.2229	73.8014	2.84302	2.80887	0	0	0	0	0	0	0	0
8016	33	68.2105	70.1532	2.53064	2.52563	0	0	0	0	0	0	0	0
8016	34	72.2927	68.7201	2.73176	2.75412	0	0	0	0	0	0	0	0
8016	35	67.7435	63.7492	2.5609	2.55105	0	0	0	0	0	0	0	0
8016	36	72.4819	71.9868	2.52513	2.53815	0	0	0	0	0	0	0	0
8016	37	69.2716	68.569	2.47056	2.48067	0	0	0	0	0	0	0	0
8016	38	73.0048	69.3053	2.63514	2.68159	0	0	0	0	0	0	0	0
8016	39	71.9976	64.1315	2.59331	2.5862	0	0	0	0	0	0	0	0
8016	40	77.0556	70.3417	2.49969	2.54227	0	0	0	0	0	0	0	0
8016	41	73.6225	71.21	2.47024	2.45494	0	0	0	0	0	0	0	0
8016	42	75.8321	72.2311	2.65108	2.64324	0	0	0	0	0	0	0	0
8016	43	71.9838	68.1963	2.6768	2.71009	0	0	0	0	0	0	0	0
8016	44	69.6839	72.0795	2.87397	2.85283	0	0	0	0	0	0	0	0
8016	45	67.0301	74.3435	2.57943	2.52472	0	0	0	0	0	0	0	0
8016	46	72.3065	67.4561	2.67937	2.69666	0	0	0	0	0	0	0	0
8016	47	69.6394	67.7383	2.30029	2.33228	0	0	0	0	0	0	0	0
8016	48	79.1359	79.5744	2.9195	2.9441	0	0	0	0	0	0	0	0
8016	49	74.3882	80.0912	2.91622	2.8765	0	0	0	0	0	0	0	0
8016	50	91.1039	90.9081	3.95485	3.96882	0	0	0	0	0	0	0	0
8016	51	76.701	82.1132	3.2777	3.19628	0	0	0	0	0	0	0	0
8016	52	78.2807	82.0126	3.05947	3.03544	0	0	0	0	0	0	0	0
8016	53	77.9578	79.2861	2.90922	2.90713	0	0	0	0	0	0	0	0
8016	54	85.5728	78.0251	3.09117	3.14418	0	0	0	0	0	0	0	0
8016	55	83.5529	82.0669	2.81717	2.83983	0	0	0	0	0	0	0	0
8016	56	79.4574	78.4572	3.90685	3.92851	0	0	0	0	0	0	0	0
8016	57	82.4106	80.2077	2.71934	2.73953	0	0	0	0	0	0	0	0
8016	58	84.2578	86.6851	3.0216	2.98951	0	0	0	0	0	0	0	0
8016	59	80.7954	80.8324	2.96922	2.94735	0	0	0	0	0	0	0	0
8016	60	76.1588	74.5127	3.11087	3.08781	0	0	0	0	0	0	0	0
8016	61	84.2125	80.1531	2.95065	2.98496	0	0	0	0	0	0	0	0
8016	62	81.3088	78.3814	3.95487	4.02571	0	0	0	0	0	0	0	0
8016	63	75.495	74.1896	3.14521	3.15052	0	0	0	0	0	0	0	0
8016	64	72.519	74.3224	2.2403	2.25344	0	0	0	0	0	0	0	0
8016	65	68.8668	68.1783	2.54171	2.54278	0	0	0	0	0	0	0	0
8016	66	73.8052	71.7677	2.31839	2.33232	0	0	0	0	0	0	0	0
8016	67	70.2998	68.8676	2.45518	2.45419	0	0	0	0	0	0	0	0
8016	68	69.0163	71.4184	2.26038	2.24804	0	0	0	0	0	0	0	0
8016	69	69.254	71.6461	2.44752	2.42584	0	0	0	0	0	0	0	0
8016	70	66.8334	64.0178	2.28874	2.27847	0	0	0	0	0	0	0	0
8016	71	68.1713	72.3644	2.50811	2.49618	0	0	0	0	0	0	0	0
8016	72	71.2198	73.6398	2.31872	2.33119	0	0	0	0	0	0	0	0
8016	73	66.5178	71.0194	2.3557	2.31237	0	0	0	0	0	0	0	0
8016	74	67.9344	70.7249	2.43173	2.37675	0	0	0	0	0	0	0	0
8016	75	64.4742	63.7924	2.51643	2.4771	0	0	0	0	0	0	0	0
8016	76	73.6829	75.0137	2.59974	2.59908	0	0	0	0	0	0	0	0
8016	77	65.642	68.904	2.57902	2.55082	0	0	0	0	0	0	0	0
8016	78	67.7595	73.8965	2.59551	2.56294	0	0	0	0	0	0	0	0
8016	79	66.1221	67.1312	2.5233	2.51817	0	0	0	0	0	0	0	0
8016	80	71.4403	68.9512	4.04459	4.13634	0	0	0	0	0	0	0	0
8016	81	70.9509	70.4811	3.64279	3.6938	0	0	0	0	0	0	0	0
8016	82	75.999	72.5268	3.39411	3.42912	0	0	0	0	0	0	0	0
8016	83	67.2504	65.9137	2.9897	2.98278	0	0	0	0	0	0	0	0
8016	84	75.1013	79.51	2.84983	2.86068	0	0	0	0	0	0	0	0
8016	85	68.644	67.5541	2.97865	2.94972	0	0	0	0	0	0	0	0
8016	86	74.7892	73.2668	2.73582	2.72687	0	0	0	0	0	0	0	0
8016	87	74.659	74.2085	2.99255	2.95873	0	0	0	0	0	0	0	0
8016	88	75.8113	75.2652	2.58496	2.5616	0	0	0	0	0	0	0	0
8016	89	74.8343	70.5035	2.86404	2.83394	0	0	0	0	0	0	0	0
8016	90	72.3279	74.0323	2.66915	2.64448	0	0	0	0	0	0	0	0
8016	91	69.377	67.1941	2.732	2.71878	0	0	0	0	0	0	0	0
8016	92	70.4547	73.0033	2.75566	2.70911	0	0	0	0	0	0	0	0
8016	93	72.7684	72.2072	2.79029	2.75253	0	0	0	0	0	0	0	0
8016	94	71.635	75.2833	3.29774	3.2825	0	0	0	0	0	0	0	0
8016	95	67.0581	71.1234	3.12854	3.06088	0	0	0	0	0	0	0	0
8016	96	58.0015	58.3241	2.37916	2.39635	0	0	0	0	0	0	0	0
8016	97	56.0879	53.963	2.40541	2.41202	0	0	0	0	0	0	0	0
8016	98	60.8118	57.7269	2.4344	2.45571	0	0	0	0	0	0	0	0
8016	99	52.9337	57.0228	2.38723	2.38068	0	0	0	0	0	0	0	0
8016	100	54.2862	59.7942	2.42097	2.36623	0	0	0	0	0	0	0	0
8016	101	53.0791	48.3677	2.34622	2.33128	0	0	0	0	0	0	0	0
8016	102	67.1394	59.2104	2.44404	2.38933	0	0	0	0	0	0	0	0
8016	103	54.9592	54.1806	2.40036	2.41548	0	0	0	0	0	0	0	0
8016	104	51.7573	55.3675	2.37685	2.40194	0	0	0	0	0	0	0	0
8016	105	53.832	58.0186	2.492	2.48433	0	0	0	0	0	0	0	0
8016	106	54.6838	58.7514	2.40409	2.37435	0	0	0	0	0	0	0	0
8016	107	55.062	53.5212	2.34315	2.36959	0	0	0	0	0	0	0	0
8016	108	58.812	54.4708	2.32836	2.35204	0	0	0	0	0	0	0	0
8016	109	55.3	58.4459	2.36388	2.33264	0	0	0	0	0	0	0	0
8016	110	57.834	55.8735	2.36522	2.3732	0	0	0	0	0	0	0	0
8016	111	48.1981	57.3932	2.40844	2.40006	0	0	0	0	0	0	0	0
8016	112	56.9023	54.5936	2.37635	2.36792	0	0	0	0	0	0	0	0
8016	113	58.6086	57.6025	2.25218	2.28791	0	0	0	0	0	0	0	0
8016	114	57.0561	56.0836	2.55096	2.57119	0	0	0	0	0	0	0	0
8016	115	58.7588	61.0149	2.34032	2.31971	0	0	0	0	0	0	0	0
8016	116	53.5262	57.5922	2.37066	2.3579	0	0	0	0	0	0	0	0
8016	117	57.0423	58.3572	2.34555	2.35694	0	0	0	0	0	0	0	0
8016	118	54.6037	58.5249	2.4056	2.41179	0	0	0	0	0	0	0	0
8016	119	54.8939	60.5282	2.32986	2.30757	0	0	0	0	0	0	0	0
8016	120	58.9808	59.97	2.4001	2.38456	0	0	0	0	0	0	0	0
8016	121	57.2179	63.1035	2.34494	2.31895	0	0	0	0	0	0	0	0
8016	122	62.7757	57.2736	2.36504	2.40104	0	0	0	0	0	0	0	0
8016	123	60.3535	58.7456	2.35121	2.36942	0	0	0	0	0	0	0	0
8016	124	60.2681	63.1022	2.57247	2.54671	0	0	0	0	0	0	0	0
8016	125	55.6911	55.9834	2.48195	2.46671	0	0	0	0	0	0	0	0
8016	126	60.0442	60.6436	2.39522	2.42354	0	0	0	0	0	0	0	0
8016	127	61.0063	55.676	2.40497	2.41039	0	0	0	0	0	0	0	0
8069	0	60.9593	62.9392	2.26233	2.28013	0	0	0	0	0	0	0	0
8069	1	66.9613	70.8668	4.43627	4.44338	0	0	0	0	0	0	0	0
8069	2	69.3219	70.8855	2.27449	2.27185	0	0	0	0	0	0	0	0
8069	3	74.0089	68.9161	2.34302	2.34257	0	0	0	0	0	0	0	0
8069	4	67.5412	67.1645	2.25319	2.24108	0	0	0	0	0	0	0	0
8069	5	64.4848	65.2633	3.07913	3.0868	0	0	0	0	0	0	0	0
8069	6	70.396	67.1359	2.17498	2.18501	0	0	0	0	0	0	0	0
8069	7	56.8208	65.5697	2.34219	2.34395	0	0	0	0	0	0	0	0
8069	8	71.778	68.6274	2.78155	2.76363	0	0	0	0	0	0	0	0
8069	9	64.2997	62.6558	2.60831	2.61486	0	0	0	0	0	0	0	0
8069	10	71.8591	70.1234	2.30578	2.2605	0	0	0	0	0	0	0	0
8069	11	68.148	73.1956	2.20978	2.18222	0	0	0	0	0	0	0	0
8069	12	68.3302	64.4381	2.29658	2.32226	0	0	0	0	0	0	0	0
8069	13	69.6639	64.159	3.81734	3.89197	0	0	0	0	0	0	0	0
8069	14	69.7499	63.5587	2.18332	2.23514	0	0	0	0	0	0	0	0
8069	15	63.1956	66.1865	2.33564	2.34172	0	0	0	0	0	0	0	0
8069	16	81.9568	79.0907	2.39549	2.40952	0	0	0	0	0	0	0	0
8069	17	85.4691	74.9869	2.40648	2.45674	0	0	0	0	0	0	0	0
8069	18	83.8837	76.641	2.34704	2.38335	0	0	0	0	0	0	0	0
8069	19	77.3252	82.6973	2.65311	2.60466	0	0	0	0	0	0	0	0
8069	20	76.4467	79.4964	2.47863	2.44318	0	0	0	0	0	0	0	0
8069	21	80.2898	78.0655	2.40045	2.41719	0	0	0	0	0	0	0	0
8069	22	87.8609	80.0815	2.37711	2.34945	0	0	0	0	0	0	0	0
8069	23	83.4138	80.1146	2.34364	2.35758	0	0	0	0	0	0	0	0
8069	24	80.3421	78.3268	2.2896	2.28763	0	0	0	0	0	0	0	0
8069	25	79.6055	77.255	2.33808	2.31404	0	0	0	0	0	0	0	0
8069	26	77.1069	75.2544	2.39632	2.40584	0	0	0	0	0	0	0	0
8069	27	72.6501	77.0156	2.45533	2.45296	0	0	0	0	0	0	0	0
8069	28	75.256	73.5995	2.41659	2.43355	0	0	0	0	0	0	0	0
8069	29	68.7192	72.7495	2.40869	2.41077	0	0	0	0	0	0	0	0
8069	30	77.2398	75.627	2.29754	2.29547	0	0	0	0	0	0	0	0
8069	31	79.685	72.3248	2.3544	2.36338	0	0	0	0	0	0	0	0
8069	32	51.3736	49.5854	3.11908	3.16644	0	0	0	0	0	0	0	0
8069	33	55.0151	56.0387	2.98036	2.94613	0	0	0	0	0	0	0	0
8069	34	55.0865	51.0844	3.08522	3.09229	0	0	0	0	0	0	0	0
8069	35	59.0877	58.364	2.91975	2.93272	0	0	0	0	0	0	0	0
8069	36	58.134	57.1786	2.97473	2.95589	0	0	0	0	0	0	0	0
8069	37	49.9898	50.3272	3.0161	3.01714	0	0	0	0	0	0	0	0
8069	38	54.9029	49.2237	3.03247	3.0853	0	0	0	0	0	0	0	0
8069	39	51.8573	50.0797	2.97073	3.00541	0	0	0	0	0	0	0	0
8069	40	56.6682	53.3744	2.9894	2.98722	0	0	0	0	0	0	0	0
8069	41	55.909	52.5559	2.95672	2.99519	0	0	0	0	0	0	0	0
8069	42	47.5144	50.1383	3.06337	3.05715	0	0	0	0	0	0	0	0
8069	43	45.6518	50.1485	2.88593	2.92746	0	0	0	0	0	0	0	0
8069	44	53.4153	53.6765	3.08862	3.10209	0	0	0	0	0	0	0	0
8069	45	53.7697	54.0665	3.06954	3.03729	0	0	0	0	0	0	0	0
8069	46	54.4775	59.3296	2.94321	2.92899	0	0	0	0	0	0	0	0
8069	47	55.6468	53.529	2.91061	2.95163	0	0	0	0	0	0	0	0
8069	48	67.3062	73.189	2.58516	2.57684	0	0	0	0	0	0	0	0
8069	49	69.6138	67.9741	2.32668	2.35601	0	0	0	0	0	0	0	0
8069	50	74.2148	70.9403	2.54109	2.58867	0	0	0	0	0	0	0	0
8069	51	70.0019	74.2474	2.36019	2.3374	0	0	0	0	0	0	0	0
8069	52	64.412	73.746	2.38638	2.37031	0	0	0	0	0	0	0	0
8069	53	70.7422	70.9317	2.51223	2.50774	0	0	0	0	0	0	0	0
8069	54	71.0565	69.3133	2.45872	2.45062	0	0	0	0	0	0	0	0
8069	55	72.9433	71.5123	2.32496	2.3445	0	0	0	0	0	0	0	0
8069	56	74.1708	73.9497	2.31181	2.32717	0	0	0	0	0	0	0	0
8069	57	70.7284	74.1095	2.46771	2.43464	0	0	0	0	0	0	0	0
8069	58	70.8094	68.0669	4.59248	4.63152	0	0	0	0	0	0	0	0
8069	59	69.0258	66.8781	2.50118	2.5119	0	0	0	0	0	0	0	0
8069	60	75.4163	72.695	2.44782	2.48055	0	0	0	0	0	0	0	0
8069	61	76.1907	69.7164	2.58442	2.62644	0	0	0	0	0	0	0	0
8069	62	68.6756	75.7674	2.65748	2.63828	0	0	0	0	0	0	0	0
8069	63	69.4182	70.3469	2.69106	2.68814	0	0	0	0	0	0	0	0
8069	64	61.8406	62.8692	2.53716	2.52482	0	0	0	0	0	0	0	0
8069	65	62.317	65.0575	2.4706	2.42509	0	0	0	0	0	0	0	0
8069	66	60.744	63.6386	2.53066	2.48994	0	0	0	0	0	0	0	0
8069	67	57.6055	56.3612	2.40178	2.41506	0	0	0	0	0	0	0	0
8069	68	62.7295	66.0174	3.75095	3.7307	0	0	0	0	0	0	0	0
8069	69	65.7085	69.4005	2.2526	2.28149	0	0	0	0	0	0	0	0
8069	70	63.5945	66.3723	3.29881	3.28653	0	0	0	0	0	0	0	0
8069	71	63.8408	60.2718	2.23909	2.29227	0	0	0	0	0	0	0	0
8069	72	62.243	63.6863	2.17509	2.17149	0	0	0	0	0	0	0	0
8069	73	63.1231	59.4814	3.01632	3.01308	0	0	0	0	0	0	0	0
8069	74	62.5065	60.8437	2.35497	2.38555	0	0	0	0	0	0	0	0
8069	75	58.5149	60.224	2.45917	2.44633	0	0	0	0	0	0	0	0
8069	76	61.7027	59.8518	2.58811	2.59715	0	0	0	0	0	0	0	0
8069	77	59.3905	55.8461	2.36336	2.36472	0	0	0	0	0	0	0	0
8069	78	62.9108	61.7673	2.24316	2.24732	0	0	0	0	0	0	0	0
8069	79	60.5891	62.1136	2.34555	2.35352	0	0	0	0	0	0	0	0
8069	80	72.8734	74.4021	4.00802	4.06628	0	0	0	0	0	0	0	0
8069	81	79.802	79.6779	3.10769	3.17351	0	0	0	0	0	0	0	0
8069	82	79.3968	78.4505	3.1665	3.2176	0	0	0	0	0	0	0	0
8069	83	73.0905	69.8093	2.6069	2.65614	0	0	0	0	0	0	0	0
8069	84	73.5085	68.5665	2.78736	2.84082	0	0	0	0	0	0	0	0
8069	85	67.4277	67.9588	2.47338	2.49816	0	0	0	0	0	0	0	0
8069	86	72.8022	69.1435	2.54184	2.61332	0	0	0	0	0	0	0	0
8069	87	72.9039	72.0158	2.33337	2.3516	0	0	0	0	0	0	0	0
8069	88	78.0026	75.9494	2.41323	2.43405	0	0	0	0	0	0	0	0
8069	89	72.2702	69.8337	2.30151	2.33082	0	0	0	0	0	0	0	0
8069	90	69.0574	73.6405	2.37124	2.38412	0	0	0	0	0	0	0	0
8069	91	74.1718	71.7637	2.32953	2.34726	0	0	0	0	0	0	0	0
8069	92	69.3146	61.5086	2.34782	2.37114	0	0	0	0	0	0	0	0
8069	93	74.1417	72.1526	2.35472	2.39731	0	0	0	0	0	0	0	0
8069	94	67.7664	71.3814	2.3508	2.35879	0	0	0	0	0	0	0	0
8069	95	73.5186	75.6733	2.38265	2.38516	0	0	0	0	0	0	0	0
8069	96	66.304	68.0461	2.48784	2.50638	0	0	0	0	0	0	0	0
8069	97	69.2765	67.8361	2.26456	2.2575	0	0	0	0	0	0	0	0
8069	98	69.7493	71.0498	2.48738	2.47274	0	0	0	0	0	0	0	0
8069	99	72.6379	74.0336	2.22125	2.24114	0	0	0	0	0	0	0	0
8069	100	74.2871	75.9229	2.25233	2.25681	0	0	0	0	0	0	0	0
8069	101	63.9331	69.1485	2.32446	2.29951	0	0	0	0	0	0	0	0
8069	102	67.4294	69.8752	2.4658	2.46451	0	0	0	0	0	0	0	0
8069	103	70.0209	71.4741	2.21811	2.23276	0	0	0	0	0	0	0	0
8069	104	67.9809	64.8201	2.22055	2.23772	0	0	0	0	0	0	0	0
8069	105	65.7289	68.5089	2.30474	2.30382	0	0	0	0	0	0	0	0
8069	106	66.8206	71.3619	2.30805	2.27624	0	0	0	0	0	0	0	0
8069	107	66.7804	64.4656	2.46833	2.48629	0	0	0	0	0	0	0	0
8069	108	67.0974	68.8178	2.30955	2.28924	0	0	0	0	0	0	0	0
8069	109	73.9283	73.2152	2.33998	2.3522	0	0	0	0	0	0	0	0
8069	110	67.9954	66.2295	2.22523	2.25641	0	0	0	0	0	0	0	0
8069	111	69.3453	62.3815	2.22426	2.27279	0	0	0	0	0	0	0	0
8069	112	76.9083	71.3064	2.62225	2.63293	0	0	0	0	0	0	0	0
8069	113	76.3042	73.551	2.36819	2.39131	0	0	0	0	0	0	0	0
8069	114	82.9911	74.5928	2.34001	2.41926	0	0	0	0	0	0	0	0
8069	115	77.2827	78.4631	2.30916	2.27088	0	0	0	0	0	0	0	0
8069	116	76.2571	76.0358	2.42216	2.44939	0	0	0	0	0	0	0	0
8069	117	81.3473	74.4276	2.26802	2.34974	0	0	0	0	0	0	0	0
8069	118	75.6563	80.8665	2.41952	2.38881	0	0	0	0	0	0	0	0
8069	119	78.2053	77.0413	2.33368	2.35627	0	0	0	0	0	0	0	0
8069	120	79.5613	80.8533	2.34152	2.3662	0	0	0	0	0	0	0	0
8069	121	76.4957	72.8993	2.3787	2.36659	0	0	0	0	0	0	0	0
8069	122	74.3658	71.9167	2.40314	2.42051	0	0	0	0	0	0	0	0
8069	123	73.0773	76.541	2.33104	2.33631	0	0	0	0	0	0	0	0
8069	124	72.4563	73.1335	2.58279	2.60363	0	0	0	0	0	0	0	0
8069	125	75.9751	81.9487	2.38717	2.37904	0	0	0	0	0	0	0	0
8069	126	80.3463	78.7964	2.41097	2.43113	0	0	0	0	0	0	0	0
8069	127	77.8367	77.8248	2.34842	2.37503	0	0	0	0	0	0	0	0
8056	0	70.1269	61.3729	2.22424	2.25107	0	0	0	0	0	0	0	0
8056	1	65.9294	69.244	2.24326	2.20017	0	0	0	0	0	0	0	0
8056	2	57.2937	58.7228	2.27983	2.2974	0	0	0	0	0	0	0	0
8056	3	68.8026	68.4719	2.23682	2.21953	0	0	0	0	0	0	0	0
8056	4	68.3082	66.9412	2.40493	2.37211	0	0	0	0	0	0	0	0
8056	5	69.2292	70.0042	2.26372	2.28733	0	0	0	0	0	0	0	0
8056	6	66.2848	63.1906	2.20625	2.18245	0	0	0	0	0	0	0	0
8056	7	68.5008	69.9463	2.26199	2.26011	0	0	0	0	0	0	0	0
8056	8	67.5481	64.8511	2.31118	2.2903	0	0	0	0	0	0	0	0
8056	9	65.059	61.9332	2.21157	2.2585	0	0	0	0	0	0	0	0
8056	10	64.5773	64.0314	2.28728	2.28749	0	0	0	0	0	0	0	0
8056	11	70.4479	67.7177	2.24538	2.23935	0	0	0	0	0	0	0	0
8056	12	63.4249	67.9902	2.3015	2.25368	0	0	0	0	0	0	0	0
8056	13	59.5899	62.598	2.37804	2.37101	0	0	0	0	0	0	0	0
8056	14	64.2869	65.0102	2.2086	2.18585	0	0	0	0	0	0	0	0
8056	15	58.6644	60.8903	2.23894	2.25184	0	0	0	0	0	0	0	0
8056	16	67.996	69.0859	2.75526	2.75294	0	0	0	0	0	0	0	0
8056	17	74.2964	71.2617	6.6117	6.59629	0	0	0	0	0	0	0	0
8056	18	67.9696	69.9119	2.31644	2.3257	0	0	0	0	0	0	0	0
8056	19	60.6391	69.0003	2.94596	2.95696	0	0	0	0	0	0	0	0
8056	20	72.711	73.8458	2.60456	2.60538	0	0	0	0	0	0	0	0
8056	21	75.9183	65.1406	2.50299	2.5268	0	0	0	0	0	0	0	0
8056	22	66.5996	76.8777	2.45727	2.4831	0	0	0	0	0	0	0	0
8056	23	67.8295	71.8083	2.57854	2.58569	0	0	0	0	0	0	0	0
8056	24	72.6492	61.1893	2.43136	2.47548	0	0	0	0	0	0	0	0
8056	25	66.7048	74.5288	2.31997	2.35328	0	0	0	0	0	0	0	0
8056	26	70.666	68.5237	2.35544	2.38604	0	0	0	0	0	0	0	0
8056	27	60.4737	63.5682	2.42877	2.43081	0	0	0	0	0	0	0	0
8056	28	67.7049	62.2123	2.4977	2.55	0	0	0	0	0	0	0	0
8056	29	64.2705	64.1802	2.48959	2.52041	0	0	0	0	0	0	0	0
8056	30	65.0311	68.2001	2.39688	2.3953	0	0	0	0	0	0	0	0
8056	31	61.7735	65.4152	2.34699	2.36722	0	0	0	0	0	0	0	0
8056	32	76.5615	73.0635	2.81593	2.82028	0	0	0	0	0	0	0	0
8056	33	76.77	75.5295	2.75046	2.74999	0	0	0	0	0	0	0	0
8056	34	79.4048	80.1041	2.74711	2.77514	0	0	0	0	0	0	0	0
8056	35	77.0211	79.9888	2.62582	2.62413	0	0	0	0	0	0	0	0
8056	36	72.1139	79.4367	2.72408	2.71296	0	0	0	0	0	0	0	0
8056	37	78.0829	69.1512	2.67249	2.68727	0	0	0	0	0	0	0	0
8056	38	71.4374	78.0079	2.65329	2.63641	0	0	0	0	0	0	0	0
8056	39	78.5485	82.1361	2.48003	2.45354	0	0	0	0	0	0	0	0
8056	40	72.8752	74.4198	2.66029	2.68844	0	0	0	0	0	0	0	0
8056	41	76.4569	75.2544	2.53791	2.5788	0	0	0	0	0	0	0	0
8056	42	73.859	76.261	2.65608	2.64432	0	0	0	0	0	0	0	0
8056	43	81.5391	83.3375	2.6659	2.64947	0	0	0	0	0	0	0	0
8056	44	75.9679	80.7849	2.75576	2.73893	0	0	0	0	0	0	0	0
8056	45	77.8306	76.1744	2.54567	2.53154	0	0	0	0	0	0	0	0
8056	46	79.8429	77.5813	2.62752	2.64655	0	0	0	0	0	0	0	0
8056	47	72.3869	75.5159	2.57368	2.56568	0	0	0	0	0	0	0	0
8056	48	59.4381	67.2371	2.37231	2.36394	0	0	0	0	0	0	0	0
8056	49	59.1793	60.3449	2.29389	2.30484	0	0	0	0	0	0	0	0
8056	50	65.3898	64.3391	2.19561	2.19719	0	0	0	0	0	0	0	0
8056	51	68.1588	68.2661	2.48763	2.51442	0	0	0	0	0	0	0	0
8056	52	62.9758	68.2963	2.27994	2.24448	0	0	0	0	0	0	0	0
8056	53	63.4259	59.9494	2.35781	2.37641	0	0	0	0	0	0	0	0
8056	54	64.6772	67.187	2.26909	2.24933	0	0	0	0	0	0	0	0
8056	55	60.8939	63.5346	2.25912	2.20643	0	0	0	0	0	0	0	0
8056	56	62.3591	68.9583	2.24451	2.22142	0	0	0	0	0	0	0	0
8056	57	66.0608	71.4545	2.29919	2.28274	0	0	0	0	0	0	0	0
8056	58	64.7242	65.5542	2.35987	2.38976	0	0	0	0	0	0	0	0
8056	59	65.9796	61.8169	2.44513	2.47751	0	0	0	0	0	0	0	0
8056	60	61.3481	60.1758	2.48257	2.46689	0	0	0	0	0	0	0	0
8056	61	66.7959	66.667	2.45844	2.47478	0	0	0	0	0	0	0	0
8056	62	63.3358	68.0343	2.56599	2.53827	0	0	0	0	0	0	0	0
8056	63	59.8525	59.7646	2.59886	2.60351	0	0	0	0	0	0	0	0
8056	64	79.427	81.5055	2.7121	2.7077	0	0	0	0	0	0	0	0
8056	65	81.2941	81.4815	2.30833	2.29582	0	0	0	0	0	0	0	0
8056	66	69.3425	68.4711	3.46122	3.47099	0	0	0	0	0	0	0	0
8056	67	76.4792	77.9738	2.31185	2.33228	0	0	0	0	0	0	0	0
8056	68	75.1097	78.2186	4.41462	4.37262	0	0	0	0	0	0	0	0
8056	69	81.8379	76.2868	2.28545	2.30484	0	0	0	0	0	0	0	0
8056	70	71.4252	77.0591	2.27871	2.26592	0	0	0	0	0	0	0	0
8056	71	71.0361	76.7193	2.71688	2.69696	0	0	0	0	0	0	0	0
8056	72	70.3768	78.7315	2.36352	2.35419	0	0	0	0	0	0	0	0
8056	73	74.0573	73.5416	2.31367	2.34116	0	0	0	0	0	0	0	0
8056	74	69.9302	73.9483	2.32941	2.32917	0	0	0	0	0	0	0	0
8056	75	71.4482	75.2747	2.3863	2.39095	0	0	0	0	0	0	0	0
8056	76	72.2311	75.0992	2.4197	2.43162	0	0	0	0	0	0	0	0
8056	77	72.8971	70.4751	2.81139	2.85561	0	0	0	0	0	0	0	0
8056	78	73.9114	77.211	2.47899	2.49499	0	0	0	0	0	0	0	0
8056	79	66.9548	72.3063	2.50252	2.50644	0	0	0	0	0	0	0	0
8056	80	81.1941	79.7057	4.09628	4.0983	0	0	0	0	0	0	0	0
8056	81	81.8065	83.61	3.26122	3.22685	0	0	0	0	0	0	0	0
8056	82	80.6672	79.0543	3.09722	3.09351	0	0	0	0	0	0	0	0
8056	83	79.4023	85.0192	2.60594	2.56683	0	0	0	0	0	0	0	0
8056	84	77.6994	82.2812	2.72161	2.68509	0	0	0	0	0	0	0	0
8056	85	82.0356	86.2831	2.35234	2.30789	0	0	0	0	0	0	0	0
8056	86	81.3113	78.5163	2.42132	2.43404	0	0	0	0	0	0	0	0
8056	87	80.5493	77.9326	2.65397	2.69593	0	0	0	0	0	0	0	0
8056	88	87.256	82.6536	2.35268	2.40401	0	0	0	0	0	0	0	0
8056	89	79.0092	79.4174	3.23566	3.2737	0	0	0	0	0	0	0	0
8056	90	73.5241	78.3283	2.7663	2.76875	0	0	0	0	0	0	0	0
8056	91	85.8502	79.6282	5.26544	5.24877	0	0	0	0	0	0	0	0
8056	92	79.8785	82.8599	2.3964	2.41215	0	0	0	0	0	0	0	0
8056	93	78.223	76.9681	2.67891	2.70626	0	0	0	0	0	0	0	0
8056	94	74.6055	78.1988	2.47353	2.49164	0	0	0	0	0	0	0	0
8056	95	83.9563	89.0172	2.99605	3.0596	0	0	0	0	0	0	0	0
8056	96	62.8175	69.7104	2.24462	2.18779	0	0	0	0	0	0	0	0
8056	97	65.4915	68.4912	2.25897	2.2587	0	0	0	0	0	0	0	0
8056	98	68.7747	62.3122	2.19711	2.23025	0	0	0	0	0	0	0	0
8056	99	71.7287	68.8343	2.17656	2.17667	0	0	0	0	0	0	0	0
8056	100	60.6334	69.1128	2.2871	2.29009	0	0	0	0	0	0	0	0
8056	101	67.273	73.2543	2.3377	2.32492	0	0	0	0	0	0	0	0
8056	102	63.496	64.5758	2.18827	2.21375	0	0	0	0	0	0	0	0
8056	103	61.5886	57.2151	2.27756	2.27037	0	0	0	0	0	0	0	0
8056	104	69.4153	64.9777	2.21887	2.26753	0	0	0	0	0	0	0	0
8056	105	66.3459	62.858	2.25599	2.27655	0	0	0	0	0	0	0	0
8056	106	70.4083	69.4771	2.35931	2.35346	0	0	0	0	0	0	0	0
8056	107	63.183	64.6787	2.32091	2.31722	0	0	0	0	0	0	0	0
8056	108	60.7519	65.1992	2.26184	2.28129	0	0	0	0	0	0	0	0
8056	109	61.8413	66.7247	2.25352	2.22311	0	0	0	0	0	0	0	0
8056	110	70.8623	72.6198	2.23837	2.25002	0	0	0	0	0	0	0	0
8056	111	69.1356	65.533	2.23881	2.29262	0	0	0	0	0	0	0	0
8056	112	66.1682	64.8113	2.24547	2.26977	0	0	0	0	0	0	0	0
8056	113	63.7297	66.3765	2.30054	2.27585	0	0	0	0	0	0	0	0
8056	114	66.4018	72.7955	2.28946	2.25305	0	0	0	0	0	0	0	0
8056	115	66.0978	65.4826	2.2085	2.22415	0	0	0	0	0	0	0	0
8056	116	61.8121	67.605	2.34684	2.32729	0	0	0	0	0	0	0	0
8056	117	62.0456	63.6189	2.20289	2.2341	0	0	0	0	0	0	0	0
8056	118	66.7759	65.373	2.22586	2.24119	0	0	0	0	0	0	0	0
8056	119	66.0418	62.7865	2.20686	2.24356	0	0	0	0	0	0	0	0
8056	120	67.9713	67.7074	2.21681	2.21304	0	0	0	0	0	0	0	0
8056	121	69.9705	67.0072	2.19988	2.22747	0	0	0	0	0	0	0	0
8056	122	70.2492	66.3728	2.24965	2.28422	0	0	0	0	0	0	0	0
8056	123	60.2687	64.1165	2.26142	2.29071	0	0	0	0	0	0	0	0
8056	124	64.3094	67.1468	2.25722	2.25313	0	0	0	0	0	0	0	0
8056	125	63.0915	67.9499	2.20576	2.17923	0	0	0	0	0	0	0	0
8056	126	61.4823	61.1677	2.21276	2.19546	0	0	0	0	0	0	0	0
8056	127	69.2558	65.0329	2.18607	2.23408	0	0	0	0	0	0	0	0
8059	0	87.9483	92.4795	3.01721	3.0775	0	0	0	0	0	0	0	0
8059	1	82.4169	78.5091	2.75089	2.78031	0	0	0	0	0	0	0	0
8059	2	80.9988	80.9066	2.78703	2.75001	0	0	0	0	0	0	0	0
8059	3	87.5238	84.4795	2.84149	2.84722	0	0	0	0	0	0	0	0
8059	4	89.3378	93.9397	2.86816	2.87677	0	0	0	0	0	0	0	0
8059	5	87.6356	81.5613	3.24585	3.22585	0	0	0	0	0	0	0	0
8059	6	85.0398	79.6583	2.75182	2.79414	0	0	0	0	0	0	0	0
8059	7	87.2184	76.0848	2.6875	2.69768	0	0	0	0	0	0	0	0
8059	8	85.1684	85.4904	3.05069	3.05143	0	0	0	0	0	0	0	0
8059	9	84.149	88.3594	2.73714	2.77597	0	0	0	0	0	0	0	0
8059	10	79.5177	78.3842	3.13582	3.10103	0	0	0	0	0	0	0	0
8059	11	79.5418	86.6078	2.92472	2.87198	0	0	0	0	0	0	0	0
8059	12	90.826	81.8854	2.9798	2.90889	0	0	0	0	0	0	0	0
8059	13	84.669	78.7299	2.76866	2.79079	0	0	0	0	0	0	0	0
8059	14	83.2601	84.861	2.83125	2.78933	0	0	0	0	0	0	0	0
8059	15	81.5952	89.7323	2.75409	2.77399	0	0	0	0	0	0	0	0
8059	16	66.5116	67.4398	3.41662	3.44807	0	0	0	0	0	0	0	0
8059	17	62.1342	69.9529	2.90115	2.84417	0	0	0	0	0	0	0	0
8059	18	63.4722	63.9763	3.37197	3.34949	0	0	0	0	0	0	0	0
8059	19	68.8262	66.1842	3.69817	3.69011	0	0	0	0	0	0	0	0
8059	20	66.8001	70.8069	3.1191	3.12062	0	0	0	0	0	0	0	0
8059	21	71.4015	64.3757	2.87079	2.88434	0	0	0	0	0	0	0	0
8059	22	63.5085	66.998	2.92684	2.90473	0	0	0	0	0	0	0	0
8059	23	65.8845	64.5481	3.29021	3.29955	0	0	0	0	0	0	0	0
8059	24	57.6558	67.2937	2.91705	2.88033	0	0	0	0	0	0	0	0
8059	25	66.9431	63.5197	2.91738	2.94687	0	0	0	0	0	0	0	0
8059	26	65.3624	70.0037	2.91752	2.88708	0	0	0	0	0	0	0	0
8059	27	52.1574	56.7925	3.04654	3.1069	0	0	0	0	0	0	0	0
8059	28	64.5483	68.0681	3.44994	3.45348	0	0	0	0	0	0	0	0
8059	29	58.5697	65.7829	3.04868	3.03619	0	0	0	0	0	0	0	0
8059	30	60.2729	60.3799	3.09599	3.09179	0	0	0	0	0	0	0	0
8059	31	56.6507	61.1398	3.03939	3.01557	0	0	0	0	0	0	0	0
8059	32	84.7067	75.8201	3.37198	3.38522	0	0	0	0	0	0	0	0
8059	33	72.5521	69.4828	3.04343	3.02743	0	0	0	0	0	0	0	0
8059	34	76.8526	74.0899	2.74506	2.73218	0	0	0	0	0	0	0	0
8059	35	72.4078	78.4529	3.07976	3.04707	0	0	0	0	0	0	0	0
8059	36	78.8588	75.1544	2.68193	2.72503	0	0	0	0	0	0	0	0
8059	37	81.2293	75.8117	2.68443	2.71403	0	0	0	0	0	0	0	0
8059	38	66.4118	72.3073	2.7501	2.78167	0	0	0	0	0	0	0	0
8059	39	71.3841	75.5406	2.59917	2.60724	0	0	0	0	0	0	0	0
8059	40	79.9882	82.2058	2.68861	2.67873	0	0	0	0	0	0	0	0
8059	41	67.2082	79.2392	2.93379	2.93826	0	0	0	0	0	0	0	0
8059	42	63.238	69.3676	2.7518	2.78524	0	0	0	0	0	0	0	0
8059	43	76.1031	76.59	2.82483	2.84399	0	0	0	0	0	0	0	0
8059	44	75.3517	66.7629	3.0664	3.09641	0	0	0	0	0	0	0	0
8059	45	72.1936	76.8531	2.47132	2.49058	0	0	0	0	0	0	0	0
8059	46	70.6777	73.8482	2.69553	2.70691	0	0	0	0	0	0	0	0
8059	47	72.2746	73.2571	2.91323	2.90816	0	0	0	0	0	0	0	0
8059	48	69.7298	68.8734	2.48194	2.48002	0	0	0	0	0	0	0	0
8059	49	76.9117	69.6994	2.76597	2.74854	0	0	0	0	0	0	0	0
8059	50	65.1394	69.6606	2.51199	2.53617	0	0	0	0	0	0	0	0
8059	51	71.8894	67.6332	3.04864	3.04518	0	0	0	0	0	0	0	0
8059	52	73.4331	72.0336	2.44476	2.43359	0	0	0	0	0	0	0	0
8059	53	69.8508	66.5969	2.72962	2.7711	0	0	0	0	0	0	0	0
8059	54	67.8347	70.9251	2.45009	2.45358	0	0	0	0	0	0	0	0
8059	55	73.0184	69.3333	3.55123	3.60778	0	0	0	0	0	0	0	0
8059	56	74.4846	73.089	2.68651	2.70491	0	0	0	0	0	0	0	0
8059	57	67.0874	71.8489	2.7564	2.73332	0	0	0	0	0	0	0	0
8059	58	71.6817	70.6477	2.55153	2.58059	0	0	0	0	0	0	0	0
8059	59	70.3754	71.5455	2.96575	2.98881	0	0	0	0	0	0	0	0
8059	60	65.8162	60.9149	2.6758	2.75137	0	0	0	0	0	0	0	0
8059	61	65.2061	65.0833	2.80369	2.79413	0	0	0	0	0	0	0	0
8059	62	66.2996	64.2412	2.88279	2.89956	0	0	0	0	0	0	0	0
8059	63	63.5831	70.2587	2.9283	2.93458	0	0	0	0	0	0	0	0
8059	64	67.2546	69.1705	2.76634	2.7462	0	0	0	0	0	0	0	0
8059	65	71.2747	78.7295	2.75523	2.7561	0	0	0	0	0	0	0	0
8059	66	73.7449	66.9013	2.72241	2.77931	0	0	0	0	0	0	0	0
8059	67	70.6141	74.3224	2.38426	2.38837	0	0	0	0	0	0	0	0
8059	68	70.9449	69.4042	2.57786	2.57235	0	0	0	0	0	0	0	0
8059	69	68.873	74.5502	2.4708	2.44882	0	0	0	0	0	0	0	0
8059	70	70.7994	64.7046	2.80821	2.80787	0	0	0	0	0	0	0	0
8059	71	74.3049	75.9227	2.93468	2.93671	0	0	0	0	0	0	0	0
8059	72	70.6051	69.956	2.42869	2.44631	0	0	0	0	0	0	0	0
8059	73	70.88	64.2239	2.71363	2.7351	0	0	0	0	0	0	0	0
8059	74	67.1567	68.4523	2.56357	2.54439	0	0	0	0	0	0	0	0
8059	75	63.7676	64.7726	2.65862	2.69677	0	0	0	0	0	0	0	0
8059	76	71.4827	72.258	2.72878	2.72265	0	0	0	0	0	0	0	0
8059	77	72.3993	76.0421	2.76084	2.73383	0	0	0	0	0	0	0	0
8059	78	71.6625	70.1496	2.99217	2.97463	0	0	0	0	0	0	0	0
8059	79	72.6036	72.9214	2.67951	2.70867	0	0	0	0	0	0	0	0
8059	80	86.2264	88.2678	3.82964	3.81879	0	0	0	0	0	0	0	0
8059	81	84.8841	84.1288	3.47628	3.46021	0	0	0	0	0	0	0	0
8059	82	88.3149	88.264	3.25551	3.24422	0	0	0	0	0	0	0	0
8059	83	92.2436	89.1344	3.09313	3.07189	0	0	0	0	0	0	0	0
8059	84	83.511	87.0142	2.781	2.7418	0	0	0	0	0	0	0	0
8059	85	87.1152	83.687	2.73641	2.7299	0	0	0	0	0	0	0	0
8059	86	88.0141	84.6572	2.80813	2.79019	0	0	0	0	0	0	0	0
8059	87	83.2197	84.8502	2.9977	2.97539	0	0	0	0	0	0	0	0
8059	88	85.9024	85.021	2.54156	2.4932	0	0	0	0	0	0	0	0
8059	89	85.7749	85.9913	2.69529	2.67352	0	0	0	0	0	0	0	0
8059	90	87.5494	87.9527	2.67558	2.66257	0	0	0	0	0	0	0	0
8059	91	85.6441	88.1133	2.93525	2.91029	0	0	0	0	0	0	0	0
8059	92	88.625	84.5801	2.72204	2.7101	0	0	0	0	0	0	0	0
8059	93	87.7214	85.8412	2.96415	2.93643	0	0	0	0	0	0	0	0
8059	94	81.737	84.3631	2.95406	2.90922	0	0	0	0	0	0	0	0
8059	95	84.2347	85.5868	3.03621	3.05193	0	0	0	0	0	0	0	0
8059	96	74.8962	79.435	2.50196	2.4798	0	0	0	0	0	0	0	0
8059	97	76.6228	73.3854	2.39937	2.4171	0	0	0	0	0	0	0	0
8059	98	76.3727	83.4007	2.66728	2.64492	0	0	0	0	0	0	0	0
8059	99	79.7828	80.4639	2.50196	2.48797	0	0	0	0	0	0	0	0
8059	100	74.3599	76.0382	2.38182	2.37352	0	0	0	0	0	0	0	0
8059	101	75.1662	70.4072	2.52797	2.51494	0	0	0	0	0	0	0	0
8059	102	74.0669	74.6808	2.75038	2.75263	0	0	0	0	0	0	0	0
8059	103	81.0735	76.1086	2.50313	2.50192	0	0	0	0	0	0	0	0
8059	104	75.0327	79.1686	2.48136	2.45589	0	0	0	0	0	0	0	0
8059	105	68.4367	70.5722	2.60043	2.62141	0	0	0	0	0	0	0	0
8059	106	76.4812	75.4015	2.57754	2.56991	0	0	0	0	0	0	0	0
8059	107	69.169	73.4899	2.54388	2.54269	0	0	0	0	0	0	0	0
8059	108	72.938	73.8636	2.44537	2.43537	0	0	0	0	0	0	0	0
8059	109	72.3387	71.235	2.55801	2.55863	0	0	0	0	0	0	0	0
8059	110	74.0267	77.7981	2.4044	2.35336	0	0	0	0	0	0	0	0
8059	111	73.6692	80.4754	2.45252	2.43021	0	0	0	0	0	0	0	0
8059	112	72.2424	72.5714	2.38009	2.39112	0	0	0	0	0	0	0	0
8059	113	75.5908	74.4543	2.24502	2.23243	0	0	0	0	0	0	0	0
8059	114	78.937	77.6868	2.20667	2.19907	0	0	0	0	0	0	0	0
8059	115	71.7886	73.2121	2.54742	2.61691	0	0	0	0	0	0	0	0
8059	116	73.6462	75.4829	2.33053	2.32252	0	0	0	0	0	0	0	0
8059	117	73.3946	75.5402	2.52136	2.47588	0	0	0	0	0	0	0	0
8059	118	74.6241	75.7705	2.49575	2.50639	0	0	0	0	0	0	0	0
8059	119	73.615	74.0191	2.1946	2.15125	0	0	0	0	0	0	0	0
8059	120	68.8869	76.2583	2.2666	2.25221	0	0	0	0	0	0	0	0
8059	121	74.3325	75.5861	2.30321	2.26124	0	0	0	0	0	0	0	0
8059	122	74.6901	74.1424	2.21485	2.21261	0	0	0	0	0	0	0	0
8059	123	72.6517	74.101	2.35992	2.33282	0	0	0	0	0	0	0	0
8059	124	72.1745	71.2016	2.31839	2.27916	0	0	0	0	0	0	0	0
8059	125	76.6838	72.0524	2.27543	2.27616	0	0	0	0	0	0	0	0
8059	126	73.8119	69.8654	2.34272	2.36301	0	0	0	0	0	0	0	0
8059	127	67.7097	71.9033	2.38808	2.37424	0	0	0	0	0	0	0	0
8087	0	70.159	70.2916	2.85781	2.87255	0	0	0	0	0	0	0	0
8087	1	69.0863	72.8689	3.07901	3.04959	0	0	0	0	0	0	0	0
8087	2	68.0714	67.48	3.02478	3.08096	0	0	0	0	0	0	0	0
8087	3	65.3364	70.3763	3.66431	3.64468	0	0	0	0	0	0	0	0
8087	4	66.5634	79.1694	3.5838	3.5902	0	0	0	0	0	0	0	0
8087	5	70.9167	72.0651	2.53545	2.59339	0	0	0	0	0	0	0	0
8087	6	71.404	68.1072	3.44853	3.51539	0	0	0	0	0	0	0	0
8087	7	75.8206	73.6753	3.15372	3.14854	0	0	0	0	0	0	0	0
8087	8	70.5821	73.9698	2.80212	2.88683	0	0	0	0	0	0	0	0
8087	9	64.4619	71.4963	2.53081	2.53258	0	0	0	0	0	0	0	0
8087	10	65.535	65.1202	3.86556	3.85559	0	0	0	0	0	0	0	0
8087	11	68.6813	71.7514	3.12225	3.11615	0	0	0	0	0	0	0	0
8087	12	72.5435	73.7333	2.63837	2.6492	0	0	0	0	0	0	0	0
8087	13	67.5233	69.866	3.33899	3.33149	0	0	0	0	0	0	0	0
8087	14	70.763	68.9133	3.08294	3.13564	0	0	0	0	0	0	0	0
8087	15	67.1225	68.4166	2.93717	2.94797	0	0	0	0	0	0	0	0
8087	16	72.9291	71.4743	3.24442	3.19661	0	0	0	0	0	0	0	0
8087	17	59.2365	63.1946	3.04816	3.07392	0	0	0	0	0	0	0	0
8087	18	66.5832	66.8947	2.83076	2.83016	0	0	0	0	0	0	0	0
8087	19	73.2674	67.0099	3.22612	3.26536	0	0	0	0	0	0	0	0
8087	20	67.6759	68.4175	3.64911	3.67474	0	0	0	0	0	0	0	0
8087	21	63.1848	65.3748	3.09372	3.0859	0	0	0	0	0	0	0	0
8087	22	72.4038	71.5749	2.99163	2.9969	0	0	0	0	0	0	0	0
8087	23	67.7094	70.3993	3.6278	3.64173	0	0	0	0	0	0	0	0
8087	24	66.5021	69.7881	3.78762	3.75996	0	0	0	0	0	0	0	0
8087	25	68.0325	73.6643	3.26194	3.20266	0	0	0	0	0	0	0	0
8087	26	63.6232	74.9553	3.13006	3.16378	0	0	0	0	0	0	0	0
8087	27	68.4932	67.5725	3.52606	3.56032	0	0	0	0	0	0	0	0
8087	28	65.6688	76.3165	3.56351	3.60179	0	0	0	0	0	0	0	0
8087	29	65.3036	69.0402	3.02611	3.03624	0	0	0	0	0	0	0	0
8087	30	63.6316	66.9853	3.09847	3.09938	0	0	0	0	0	0	0	0
8087	31	61.6713	64.7322	3.21351	3.24474	0	0	0	0	0	0	0	0
8087	32	64.8254	70.5417	2.87651	2.80364	0	0	0	0	0	0	0	0
8087	33	68.6128	68.7894	2.56809	2.55313	0	0	0	0	0	0	0	0
8087	34	69.6181	69.4251	2.76833	2.78453	0	0	0	0	0	0	0	0
8087	35	65.7525	67.5825	2.8705	2.89886	0	0	0	0	0	0	0	0
8087	36	64.2607	65.7912	2.69919	2.74889	0	0	0	0	0	0	0	0
8087	37	69.8417	67.4092	2.5388	2.59139	0	0	0	0	0	0	0	0
8087	38	68.239	63.5734	2.6496	2.62515	0	0	0	0	0	0	0	0
8087	39	68.606	69.0897	2.33778	2.3844	0	0	0	0	0	0	0	0
8087	40	63.884	67.8567	2.69595	2.70214	0	0	0	0	0	0	0	0
8087	41	68.9095	69.0659	2.51455	2.54403	0	0	0	0	0	0	0	0
8087	42	64.7563	64.9173	2.78373	2.79688	0	0	0	0	0	0	0	0
8087	43	71.0545	67.12	2.44698	2.48473	0	0	0	0	0	0	0	0
8087	44	69.6073	66.2123	2.92435	2.97425	0	0	0	0	0	0	0	0
8087	45	68.3521	62.2391	2.54736	2.59311	0	0	0	0	0	0	0	0
8087	46	66.4112	67.0115	2.63451	2.66243	0	0	0	0	0	0	0	0
8087	47	63.319	65.6582	2.56008	2.55874	0	0	0	0	0	0	0	0
8087	48	75.4632	77.3384	2.40299	2.41189	0	0	0	0	0	0	0	0
8087	49	78.5663	77.2088	2.65986	2.70982	0	0	0	0	0	0	0	0
8087	50	81.4385	82.2349	3.02168	3.0149	0	0	0	0	0	0	0	0
8087	51	78.264	80.0131	2.44258	2.44722	0	0	0	0	0	0	0	0
8087	52	82.0005	81.8759	2.55371	2.52575	0	0	0	0	0	0	0	0
8087	53	78.1269	79.1775	2.52813	2.50865	0	0	0	0	0	0	0	0
8087	54	77.9676	76.0838	2.347	2.33658	0	0	0	0	0	0	0	0
8087	55	81.3129	80.8474	2.27719	2.31856	0	0	0	0	0	0	0	0
8087	56	83.7107	78.1399	2.61598	2.72665	0	0	0	0	0	0	0	0
8087	57	75.7968	79.1245	2.68924	2.68571	0	0	0	0	0	0	0	0
8087	58	77.0227	76.6473	2.51937	2.54423	0	0	0	0	0	0	0	0
8087	59	75.3818	80.3325	2.61238	2.60242	0	0	0	0	0	0	0	0
8087	60	84.1687	81.9636	2.4819	2.5283	0	0	0	0	0	0	0	0
8087	61	79.3752	81.5055	2.62449	2.6165	0	0	0	0	0	0	0	0
8087	62	78.4082	85.2564	2.7129	2.65632	0	0	0	0	0	0	0	0
8087	63	84.5659	82.6054	3.02101	3.04864	0	0	0	0	0	0	0	0
8087	64	69.3594	65.0668	2.82646	2.86279	0	0	0	0	0	0	0	0
8087	65	71.6227	68.8441	2.58057	2.60771	0	0	0	0	0	0	0	0
8087	66	77.0141	72.5848	2.68018	2.66904	0	0	0	0	0	0	0	0
8087	67	70.1487	73.0147	2.80404	2.80674	0	0	0	0	0	0	0	0
8087	68	67.2617	66.7584	3.60116	3.6426	0	0	0	0	0	0	0	0
8087	69	62.5898	71.7867	3.18393	3.10062	0	0	0	0	0	0	0	0
8087	70	63.9638	66.0412	2.76663	2.78238	0	0	0	0	0	0	0	0
8087	71	67.0604	67.2983	3.01721	2.97517	0	0	0	0	0	0	0	0
8087	72	73.0499	71.0134	2.75193	2.75118	0	0	0	0	0	0	0	0
8087	73	67.3887	69.3057	2.75719	2.76723	0	0	0	0	0	0	0	0
8087	74	68.6417	65.9195	2.82523	2.81183	0	0	0	0	0	0	0	0
8087	75	66.5414	69.0997	2.80387	2.7885	0	0	0	0	0	0	0	0
8087	76	71.388	71.7539	2.75003	2.75017	0	0	0	0	0	0	0	0
8087	77	63.3825	66.2509	2.81839	2.81255	0	0	0	0	0	0	0	0
8087	78	68.5786	67.892	2.77612	2.78905	0	0	0	0	0	0	0	0
8087	79	64.6366	67.0443	2.7909	2.78856	0	0	0	0	0	0	0	0
8087	80	76.1506	73.3237	4.04319	4.12587	0	0	0	0	0	0	0	0
8087	81	69.346	69.3118	3.13567	3.15092	0	0	0	0	0	0	0	0
8087	82	74.0542	75.2239	3.47939	3.49921	0	0	0	0	0	0	0	0
8087	83	79.2017	74.4196	2.61812	2.65445	0	0	0	0	0	0	0	0
8087	84	82.5247	79.071	3.01179	2.99553	0	0	0	0	0	0	0	0
8087	85	72.3643	80.5771	2.86785	2.84861	0	0	0	0	0	0	0	0
8087	86	78.3006	74.8485	2.68317	2.70144	0	0	0	0	0	0	0	0
8087	87	74.4015	75.4555	2.48538	2.49406	0	0	0	0	0	0	0	0
8087	88	79.2913	71.9498	2.48397	2.51556	0	0	0	0	0	0	0	0
8087	89	79.5092	75.6578	2.58664	2.58446	0	0	0	0	0	0	0	0
8087	90	69.185	75.718	2.68296	2.66323	0	0	0	0	0	0	0	0
8087	91	74.2814	78.0799	2.67731	2.67214	0	0	0	0	0	0	0	0
8087	92	78.2124	78.22	2.77468	2.78009	0	0	0	0	0	0	0	0
8087	93	70.1892	70.7838	2.59667	2.62908	0	0	0	0	0	0	0	0
8087	94	74.4404	72.626	2.72033	2.75365	0	0	0	0	0	0	0	0
8087	95	72.5092	74.0111	2.87639	2.88162	0	0	0	0	0	0	0	0
8087	96	76.2333	80.3632	2.27758	2.2931	0	0	0	0	0	0	0	0
8087	97	76.7538	74.3212	2.29302	2.27869	0	0	0	0	0	0	0	0
8087	98	84.9309	81.857	2.21518	2.26322	0	0	0	0	0	0	0	0
8087	99	76.1616	78.4892	2.25412	2.25692	0	0	0	0	0	0	0	0
8087	100	83.6965	78.9068	2.15677	2.18735	0	0	0	0	0	0	0	0
8087	101	81.9016	85.2184	2.32794	2.31982	0	0	0	0	0	0	0	0
8087	102	80.7339	85.8756	2.22399	2.21551	0	0	0	0	0	0	0	0
8087	103	82.3481	85.8264	2.25573	2.24138	0	0	0	0	0	0	0	0
8087	104	76.4595	74.8521	2.25245	2.2606	0	0	0	0	0	0	0	0
8087	105	85.4974	71.3886	2.25482	2.34305	0	0	0	0	0	0	0	0
8087	106	78.1445	80.2873	2.31665	2.29764	0	0	0	0	0	0	0	0
8087	107	80.4645	81.2799	2.3215	2.29621	0	0	0	0	0	0	0	0
8087	108	76.1336	75.9255	2.27066	2.25765	0	0	0	0	0	0	0	0
8087	109	78.8836	75.8121	2.28744	2.28626	0	0	0	0	0	0	0	0
8087	110	82.5989	83.545	2.32186	2.32642	0	0	0	0	0	0	0	0
8087	111	77.6656	77.7523	2.36883	2.38223	0	0	0	0	0	0	0	0
8087	112	66.8374	64.9904	2.88045	2.86386	0	0	0	0	0	0	0	0
8087	113	75.568	73.2394	2.97827	2.95434	0	0	0	0	0	0	0	0
8087	114	72.041	79.4348	2.7871	2.79141	0	0	0	0	0	0	0	0
8087	115	63.1792	68.3439	2.73496	2.70819	0	0	0	0	0	0	0	0
8087	116	73.3467	72.0133	2.81522	2.81582	0	0	0	0	0	0	0	0
8087	117	69.785	75.4404	2.91969	2.90087	0	0	0	0	0	0	0	0
8087	118	71.5158	73.5872	2.76197	2.73859	0	0	0	0	0	0	0	0
8087	119	66.0962	69.0257	2.96928	2.98008	0	0	0	0	0	0	0	0
8087	120	69.7939	72.1875	2.76372	2.79514	0	0	0	0	0	0	0	0
8087	121	64.8494	68.3446	2.80596	2.76616	0	0	0	0	0	0	0	0
8087	122	72.2248	70.6637	2.75574	2.76056	0	0	0	0	0	0	0	0
8087	123	69.4894	72.9844	2.78377	2.76625	0	0	0	0	0	0	0	0
8087	124	76.0845	70.703	2.76052	2.76119	0	0	0	0	0	0	0	0
8087	125	69.6046	68.2692	2.8182	2.86765	0	0	0	0	0	0	0	0
8087	126	74.4954	72.0232	2.76667	2.75709	0	0	0	0	0	0	0	0
8087	127	69.0866	76.027	2.79439	2.77436	0	0	0	0	0	0	0	0
8089	0	72.3651	71.0808	2.87793	2.8733	0	0	0	0	0	0	0	0
8089	1	75.0636	75.8987	2.57842	2.55113	0	0	0	0	0	0	0	0
8089	2	76.5104	77.7795	2.46347	2.45526	0	0	0	0	0	0	0	0
8089	3	71.6154	73.5005	2.47403	2.4446	0	0	0	0	0	0	0	0
8089	4	78.6823	85.135	2.5318	2.55534	0	0	0	0	0	0	0	0
8089	5	69.3727	75.9053	2.89515	2.87139	0	0	0	0	0	0	0	0
8089	6	79.319	74.3724	2.44517	2.42543	0	0	0	0	0	0	0	0
8089	7	81.3038	81.3818	2.68189	2.65412	0	0	0	0	0	0	0	0
8089	8	74.8894	70.4676	2.59955	2.63339	0	0	0	0	0	0	0	0
8089	9	67.2816	73.1044	2.56024	2.57131	0	0	0	0	0	0	0	0
8089	10	69.1259	68.9866	2.63437	2.63654	0	0	0	0	0	0	0	0
8089	11	74.5074	73.5017	2.54205	2.56104	0	0	0	0	0	0	0	0
8089	12	70.6604	70.6327	2.59489	2.61684	0	0	0	0	0	0	0	0
8089	13	77.9523	73.7166	2.4512	2.4708	0	0	0	0	0	0	0	0
8089	14	78.6688	76.3215	2.7198	2.6979	0	0	0	0	0	0	0	0
8089	15	69.1258	72.2444	2.58556	2.56498	0	0	0	0	0	0	0	0
8089	16	66.082	68.0325	2.57999	2.55482	0	0	0	0	0	0	0	0
8089	17	71.8966	69.1623	2.58723	2.60867	0	0	0	0	0	0	0	0
8089	18	70.4248	71.0125	2.36829	2.35298	0	0	0	0	0	0	0	0
8089	19	65.9837	63.6008	2.47938	2.50164	0	0	0	0	0	0	0	0
8089	20	66.9954	70.7036	2.52297	2.45074	0	0	0	0	0	0	0	0
8089	21	71.8835	70.5779	2.4729	2.50746	0	0	0	0	0	0	0	0
8089	22	74.7975	69.7662	2.41393	2.40824	0	0	0	0	0	0	0	0
8089	23	73.2741	71.0135	2.5263	2.53293	0	0	0	0	0	0	0	0
8089	24	71.7991	70.0927	2.71449	2.74508	0	0	0	0	0	0	0	0
8089	25	67.8635	67.1036	2.39945	2.40363	0	0	0	0	0	0	0	0
8089	26	63.7962	64.168	2.28986	2.29228	0	0	0	0	0	0	0	0
8089	27	69.7945	69.4178	2.70133	2.66356	0	0	0	0	0	0	0	0
8089	28	65.0355	72.1634	2.68331	2.59995	0	0	0	0	0	0	0	0
8089	29	67.1821	68.5409	2.47469	2.45905	0	0	0	0	0	0	0	0
8089	30	70.1429	73.2082	2.3524	2.29003	0	0	0	0	0	0	0	0
8089	31	67.8096	67.6585	2.50996	2.54232	0	0	0	0	0	0	0	0
8089	32	70.1921	66.3796	3.37201	3.35241	0	0	0	0	0	0	0	0
8089	33	73.3147	70.9681	2.79809	2.82711	0	0	0	0	0	0	0	0
8089	34	73.5231	68.4014	2.75423	2.79407	0	0	0	0	0	0	0	0
8089	35	73.3315	69.9586	2.48857	2.50464	0	0	0	0	0	0	0	0
8089	36	73.2568	72.3946	2.69627	2.70642	0	0	0	0	0	0	0	0
8089	37	73.6776	64.8823	2.54137	2.55186	0	0	0	0	0	0	0	0
8089	38	76.5934	74.7985	2.79195	2.77749	0	0	0	0	0	0	0	0
8089	39	66.115	69.2808	2.61011	2.59524	0	0	0	0	0	0	0	0
8089	40	69.7532	73.5529	2.69467	2.71838	0	0	0	0	0	0	0	0
8089	41	71.8532	73.3023	2.72117	2.72175	0	0	0	0	0	0	0	0
8089	42	70.2808	71.5686	2.71999	2.6904	0	0	0	0	0	0	0	0
8089	43	66.7185	72.555	2.85337	2.79855	0	0	0	0	0	0	0	0
8089	44	66.4224	69.81	2.97115	2.93705	0	0	0	0	0	0	0	0
8089	45	70.1572	76.243	2.8912	2.87345	0	0	0	0	0	0	0	0
8089	46	71.9373	73.8939	2.69032	2.68048	0	0	0	0	0	0	0	0
8089	47	66.1605	67.9423	2.55945	2.55557	0	0	0	0	0	0	0	0
8089	48	75.75	68.8696	2.89212	2.98181	66	0	0	0	0	0	0	0
8089	49	71.5112	70.1747	2.66002	2.68954	0	0	0	0	0	0	0	0
8089	50	73.768	75.9889	2.96815	2.67689	0	0	0	0	0	0	0	0
8089	51	65.9307	67.3523	2.55589	2.55466	0	0	0	0	0	0	0	0
8089	52	68.9603	69.303	2.42089	2.44958	0	0	0	0	0	0	0	0
8089	53	73.0805	69.3811	2.47072	2.51077	0	0	0	0	0	0	0	0
8089	54	72.515	71.437	2.78423	2.82609	0	0	0	0	0	0	0	0
8089	55	78.6218	73.3797	3.03614	3.01253	0	0	0	0	0	0	0	0
8089	56	65.7077	73.8506	2.58815	2.57161	0	0	0	0	0	0	0	0
8089	57	68.5461	66.9644	2.31842	2.3331	0	0	0	0	0	0	0	0
8089	58	68.0377	73.4955	2.5672	2.54655	0	0	0	0	0	0	0	0
8089	59	68.9939	73.1168	2.66191	2.6596	0	0	0	0	0	0	0	0
8089	60	71.683	73.1116	2.69009	2.68585	0	0	0	0	0	0	0	0
8089	61	66.5933	69.6708	3.41592	3.39205	0	0	0	0	0	0	0	0
8089	62	71.1073	70.0243	2.66373	2.68256	0	0	0	0	0	0	0	0
8089	63	68.9699	70.9533	2.92504	2.91785	0	0	0	0	0	0	0	0
8089	64	71.8381	76.651	2.33701	2.3394	0	0	0	0	0	0	0	0
8089	65	79.6997	80.0816	2.21109	2.19011	0	0	0	0	0	0	0	0
8089	66	78.1597	82.7226	2.47438	2.44965	0	0	0	0	0	0	0	0
8089	67	75.9889	72.8448	2.26822	2.2759	0	0	0	0	0	0	0	0
8089	68	73.3788	71.2376	2.16177	2.18739	0	0	0	0	0	0	0	0
8089	69	71.5387	75.0895	2.37722	2.39657	0	0	0	0	0	0	0	0
8089	70	73.799	74.2658	2.28623	2.28703	0	0	0	0	0	0	0	0
8089	71	73.9921	74.9463	2.66609	2.65628	0	0	0	0	0	0	0	0
8089	72	78.7115	76.3993	2.20275	2.26258	0	0	0	0	0	0	0	0
8089	73	80.4677	78.5482	2.28328	2.31305	0	0	0	0	0	0	0	0
8089	74	79.8643	80.1763	2.36028	2.36898	0	0	0	0	0	0	0	0
8089	75	77.4906	74.8706	2.54195	2.58909	0	0	0	0	0	0	0	0
8089	76	80.6441	79.893	2.32224	2.31376	0	0	0	0	0	0	0	0
8089	77	75.5738	72.0453	2.63584	2.67312	0	0	0	0	0	0	0	0
8089	78	71.2992	78.784	2.57879	2.58434	0	0	0	0	0	0	0	0
8089	79	77.1373	83.3506	2.75285	2.75553	0	0	0	0	0	0	0	0
8089	80	69.9031	68.1467	4.25197	4.25855	0	0	0	0	0	0	0	0
8089	81	75.425	76.8773	3.78609	3.80072	0	0	0	0	0	0	0	0
8089	82	72.8608	77.4429	3.58184	3.54309	0	0	0	0	0	0	0	0
8089	83	69.1452	74.6578	3.30113	3.22536	0	0	0	0	0	0	0	0
8089	84	71.1892	72.579	2.96856	2.95084	0	0	0	0	0	0	0	0
8089	85	72.3654	71.5459	3.56625	3.57531	0	0	0	0	0	0	0	0
8089	86	76.2011	75.473	2.74797	2.72671	0	0	0	0	0	0	0	0
8089	87	76.3755	78.0763	2.70046	2.70315	0	0	0	0	0	0	0	0
8089	88	72.9807	71.6895	2.80349	2.8233	0	0	0	0	0	0	0	0
8089	89	69.9884	75.215	2.9761	2.9668	0	0	0	0	0	0	0	0
8089	90	70.8942	73.5741	2.70182	2.69518	0	0	0	0	0	0	0	0
8089	91	75.8058	78.0024	3.22138	3.23235	0	0	0	0	0	0	0	0
8089	92	69.5155	71.2089	2.95063	2.95872	0	0	0	0	0	0	0	0
8089	93	68.9351	70.2829	3.3068	3.27742	0	0	0	0	0	0	0	0
8089	94	69.3769	68.6944	3.17635	3.20732	0	0	0	0	0	0	0	0
8089	95	70.6312	70.6214	3.52702	3.55543	0	0	0	0	0	0	0	0
8089	96	89.911	91.7111	2.55646	2.57771	0	0	0	0	0	0	0	0
8089	97	89.9139	85.1679	2.56038	2.54958	0	0	0	0	0	0	0	0
8089	98	88.1818	82.7849	2.56351	2.5884	0	0	0	0	0	0	0	0
8089	99	87.357	86.0504	2.57079	2.55769	0	0	0	0	0	0	0	0
8089	100	90.9181	88.0584	2.54859	2.56738	0	0	0	0	0	0	0	0
8089	101	87.7426	89.1537	2.53963	2.55435	0	0	0	0	0	0	0	0
8089	102	88.8343	92.274	2.53652	2.57387	0	0	0	0	0	0	0	0
8089	103	89.0339	88.8283	2.54997	2.56009	0	0	0	0	0	0	0	0
8089	104	87.4761	88.6959	2.56148	2.56104	0	0	0	0	0	0	0	0
8089	105	86.5726	83.9055	2.63532	2.63528	0	0	0	0	0	0	0	0
8089	106	83.9405	89.5818	2.59555	2.6157	0	0	0	0	0	0	0	0
8089	107	85.6006	88.4756	2.67089	2.68578	0	0	0	0	0	0	0	0
8089	108	84.6781	87.403	2.58338	2.58124	0	0	0	0	0	0	0	0
8089	109	87.1481	82.8517	2.59798	2.6278	0	0	0	0	0	0	0	0
8089	110	87.7895	89.5321	2.63003	2.66867	0	0	0	0	0	0	0	0
8089	111	83.7455	80.5195	2.68492	2.70763	0	0	0	0	0	0	0	0
8089	112	69.5287	69.4585	2.46841	2.44061	0	0	0	0	0	0	0	0
8089	113	73.6165	67.8392	2.43503	2.45346	0	0	0	0	0	0	0	0
8089	114	70.0569	75.1879	2.39852	2.34902	0	0	0	0	0	0	0	0
8089	115	75.7336	76.8316	2.42399	2.42	0	0	0	0	0	0	0	0
8089	116	73.7386	73.3757	2.34721	2.34888	0	0	0	0	0	0	0	0
8089	117	70.1074	72.8923	2.38471	2.35536	0	0	0	0	0	0	0	0
8089	118	70.1155	72.781	2.37516	2.35819	0	0	0	0	0	0	0	0
8089	119	71.916	75.9852	2.38511	2.34075	0	0	0	0	0	0	0	0
8089	120	68.0315	70.9968	2.37576	2.38978	0	0	0	0	0	0	0	0
8089	121	74.9316	74.959	2.39197	2.37703	0	0	0	0	0	0	0	0
8089	122	70.1326	71.0407	2.41596	2.39829	0	0	0	0	0	0	0	0
8089	123	68.0107	66.1159	2.41195	2.42231	0	0	0	0	0	0	0	0
8089	124	69.2851	68.2252	2.36371	2.3746	0	0	0	0	0	0	0	0
8089	125	66.9357	67.4984	2.49448	2.4693	0	0	0	0	0	0	0	0
8089	126	74.3916	68.4113	2.3971	2.41702	0	0	0	0	0	0	0	0
8089	127	63.1621	68.7306	2.52852	2.49803	0	0	0	0	0	0	0	0
8010	0	61.7893	63.5192	2.62448	2.58268	0	0	0	0	0	0	0	0
8010	1	53.2553	55.0357	2.61828	2.63247	0	0	0	0	0	0	0	0
8010	2	59.931	57.454	3.02456	3.00999	0	0	0	0	0	0	0	0
8010	3	57.9868	68.0095	2.6808	2.68456	0	0	0	0	0	0	0	0
8010	4	62.7126	66.4834	2.75279	2.7567	0	0	0	0	0	0	0	0
8010	5	60.3012	63.0764	2.62392	2.63851	0	0	0	0	0	0	0	0
8010	6	59.4244	64.3616	2.66535	2.61502	0	0	0	0	0	0	0	0
8010	7	55.66	58.8105	2.81752	2.81079	0	0	0	0	0	0	0	0
8010	8	53.1845	59.7628	2.77693	2.76229	0	0	0	0	0	0	0	0
8010	9	59.9431	64.2848	2.7242	2.70053	0	0	0	0	0	0	0	0
8010	10	54.3894	53.5264	3.18784	3.23905	0	0	0	0	0	0	0	0
8010	11	58.3522	55.4916	2.80842	2.83471	0	0	0	0	0	0	0	0
8010	12	64.1374	58.9122	2.65624	2.65955	0	0	0	0	0	0	0	0
8010	13	60.0831	56.5353	2.69319	2.71033	0	0	0	0	0	0	0	0
8010	14	57.9724	58.4428	2.97276	2.9538	0	0	0	0	0	0	0	0
8010	15	57.1694	59.1795	2.59271	2.60361	0	0	0	0	0	0	0	0
8010	16	61.0386	57.7596	2.73886	2.71631	0	0	0	0	0	0	0	0
8010	17	61.7295	54.4674	2.64299	2.6838	0	0	0	0	0	0	0	0
8010	18	66.1329	55.5407	2.46809	2.55815	0	0	0	0	0	0	0	0
8010	19	67.9204	64.3875	3.05469	3.05517	0	0	0	0	0	0	0	0
8010	20	60.0534	61.3121	2.57263	2.53406	0	0	0	0	0	0	0	0
8010	21	60.921	65.4934	2.55849	2.52993	0	0	0	0	0	0	0	0
8010	22	61.7678	62.259	2.52777	2.52541	0	0	0	0	0	0	0	0
8010	23	66.2447	60.2272	2.67404	2.68166	0	0	0	0	0	0	0	0
8010	24	64.0844	64.1631	2.51978	2.49164	0	0	0	0	0	0	0	0
8010	25	63.2446	60.7942	2.44888	2.44638	0	0	0	0	0	0	0	0
8010	26	63.3671	62.731	2.49542	2.46508	0	0	0	0	0	0	0	0
8010	27	55.2565	57.7317	2.58662	2.58254	0	0	0	0	0	0	0	0
8010	28	57.5495	58.2756	2.66994	2.72336	0	0	0	0	0	0	0	0
8010	29	57.7518	60.947	2.55923	2.5411	0	0	0	0	0	0	0	0
8010	30	55.0664	56.7411	2.66489	2.62696	0	0	0	0	0	0	0	0
8010	31	57.0634	56.7628	2.67804	2.6621	0	0	0	0	0	0	0	0
8010	32	71.7543	70.6735	2.82736	2.86373	0	0	0	0	0	0	0	0
8010	33	66.2031	69.4705	2.70117	2.73768	0	0	0	0	0	0	0	0
8010	34	77.2524	78.7258	2.79313	2.83606	0	0	0	0	0	0	0	0
8010	35	76.7579	68.2289	2.64065	2.65071	0	0	0	0	0	0	0	0
8010	36	71.5592	72.804	2.68924	2.6542	0	0	0	0	0	0	0	0
8010	37	74.039	76.3765	2.58267	2.58753	0	0	0	0	0	0	0	0
8010	38	72.6087	71.102	2.58214	2.59842	0	0	0	0	0	0	0	0
8010	39	69.2982	78.8694	2.62687	2.60308	0	0	0	0	0	0	0	0
8010	40	70.4495	68.6322	2.60333	2.64016	0	0	0	0	0	0	0	0
8010	41	71.6271	72.4185	2.50893	2.53183	0	0	0	0	0	0	0	0
8010	42	69.4194	72.4577	2.6268	2.59872	0	0	0	0	0	0	0	0
8010	43	68.9096	70.0921	2.57457	2.5696	0	0	0	0	0	0	0	0
8010	44	71.9969	70.4195	2.69338	2.69389	0	0	0	0	0	0	0	0
8010	45	69.8517	68.917	2.61037	2.60441	0	0	0	0	0	0	0	0
8010	46	76.6986	76.329	2.64406	2.6431	0	0	0	0	0	0	0	0
8010	47	64.537	70.8854	2.5928	2.558	0	0	0	0	0	0	0	0
8010	48	61.1213	55.3757	2.64866	2.66236	0	0	0	0	0	0	0	0
8010	49	61.6889	65.3887	2.55592	2.52614	0	0	0	0	0	0	0	0
8010	50	61.1429	66.7631	2.60706	2.57292	0	0	0	0	0	0	0	0
8010	51	64.4772	65.5412	2.79678	2.75933	0	0	0	0	0	0	0	0
8010	52	67.1673	63.0366	2.52468	2.60188	0	0	0	0	0	0	0	0
8010	53	63.1267	63.6403	2.6265	2.60652	0	0	0	0	0	0	0	0
8010	54	62.6686	57.4728	2.4967	2.53443	0	0	0	0	0	0	0	0
8010	55	65.7736	67.2124	2.41695	2.44283	0	0	0	0	0	0	0	0
8010	56	61.0161	59.518	2.52183	2.53171	0	0	0	0	0	0	0	0
8010	57	58.3446	61.973	2.63407	2.57787	0	0	0	0	0	0	0	0
8010	58	70.1314	68.9397	2.44988	2.46585	0	0	0	0	0	0	0	0
8010	59	54.0906	61.3857	2.74736	2.73892	0	0	0	0	0	0	0	0
8010	60	59.1027	58.4056	2.61573	2.6184	0	0	0	0	0	0	0	0
8010	61	61.7428	59.5808	2.77337	2.79012	0	0	0	0	0	0	0	0
8010	62	61.4848	63.5682	2.75712	2.77295	0	0	0	0	0	0	0	0
8010	63	57.7143	55.9016	2.88471	2.89134	0	0	0	0	0	0	0	0
8010	64	73.9034	80.427	2.50195	2.51917	0	0	0	0	0	0	0	0
8010	65	90.708	87.0464	2.58769	2.51199	0	0	0	0	0	0	0	0
8010	66	87.4103	78.8582	2.75826	2.8046	0	0	0	0	0	0	0	0
8010	67	80.2458	87.7836	2.52623	2.46193	0	0	0	0	0	0	0	0
8010	68	87.1287	83.1589	2.31778	2.34568	0	0	0	0	0	0	0	0
8010	69	87.2963	91.7208	2.27541	2.35407	0	0	0	0	0	0	0	0
8010	70	88.4238	87.0281	3.4896	3.51365	0	0	0	0	0	0	0	0
8010	71	86.9391	84.6463	2.36071	2.3833	0	0	0	0	0	0	0	0
8010	72	87.6886	84.6508	2.3301	2.35794	0	0	0	0	0	0	0	0
8010	73	79.5945	78.9846	2.57916	2.60868	0	0	0	0	0	0	0	0
8010	74	85.7506	89.2566	2.36625	2.37862	0	0	0	0	0	0	0	0
8010	75	86.6478	85.9501	2.44907	2.44507	0	0	0	0	0	0	0	0
8010	76	82.3501	82.9464	2.57722	2.59412	0	0	0	0	0	0	0	0
8010	77	83.4131	83.4929	2.5439	2.54241	0	0	0	0	0	0	0	0
8010	78	82.7211	89.865	2.64726	2.67139	0	0	0	0	0	0	0	0
8010	79	85.9356	82.2517	2.71535	2.75095	0	0	0	0	0	0	0	0
8010	80	82.1866	80.3302	4.25153	4.25985	0	0	0	0	0	0	0	0
8010	81	82.8899	84.1419	3.47716	3.42074	0	0	0	0	0	0	0	0
8010	82	81.6874	83.3405	3.47263	3.46953	0	0	0	0	0	0	0	0
8010	83	79.1355	83.5156	3.17234	3.12712	0	0	0	0	0	0	0	0
8010	84	85.8344	88.3291	3.02576	3.0495	0	0	0	0	0	0	0	0
8010	85	80.7198	84.875	2.83499	2.78771	0	0	0	0	0	0	0	0
8010	86	84.8683	85.8113	2.7667	2.74695	0	0	0	0	0	0	0	0
8010	87	83.5364	81.5612	2.67228	2.71073	0	0	0	0	0	0	0	0
8010	88	80.8645	82.4091	2.95422	2.95767	0	0	0	0	0	0	0	0
8010	89	82.9462	82.0798	3.17218	3.21082	0	0	0	0	0	0	0	0
8010	90	84.1736	83.2705	2.97623	3.01586	0	0	0	0	0	0	0	0
8010	91	83.2066	86.4688	2.97943	2.99058	0	0	0	0	0	0	0	0
8010	92	79.9286	84.4803	2.8783	2.9149	0	0	0	0	0	0	0	0
8010	93	86.3395	83.4283	3.12154	3.19293	0	0	0	0	0	0	0	0
8010	94	77.7806	81.6608	3.01682	2.99399	0	0	0	0	0	0	0	0
8010	95	83.0348	79.0399	3.54927	3.647	0	0	0	0	0	0	0	0
8010	96	73.2373	68.5221	2.48527	2.48811	0	0	0	0	0	0	0	0
8010	97	72.279	69.616	2.54011	2.55301	0	0	0	0	0	0	0	0
8010	98	75.9735	69.0562	2.53681	2.55472	0	0	0	0	0	0	0	0
8010	99	65.0393	68.975	2.54412	2.55234	0	0	0	0	0	0	0	0
8010	100	68.4515	65.2567	2.52574	2.5165	0	0	0	0	0	0	0	0
8010	101	73.8351	67.786	2.56374	2.55907	0	0	0	0	0	0	0	0
8010	102	70.3093	78.7913	2.59836	2.64164	0	0	0	0	0	0	0	0
8010	103	69.6833	64.6656	2.55114	2.56224	0	0	0	0	0	0	0	0
8010	104	76.6388	72.5995	2.58348	2.56092	0	0	0	0	0	0	0	0
8010	105	67.8764	66.8766	2.5066	2.51368	0	0	0	0	0	0	0	0
8010	106	65.2807	64.3801	2.64503	2.66167	0	0	0	0	0	0	0	0
8010	107	65.014	71.0414	2.64524	2.64068	0	0	0	0	0	0	0	0
8010	108	70.5253	69.4608	2.58893	2.58496	0	0	0	0	0	0	0	0
8010	109	69.7741	68.3211	2.55626	2.59061	0	0	0	0	0	0	0	0
8010	110	71.6791	70.9804	2.56481	2.54248	0	0	0	0	0	0	0	0
8010	111	64.2262	61.8173	2.53989	2.53225	0	0	0	0	0	0	0	0
8010	112	76.6918	71.6792	2.48702	2.49467	0	0	0	0	0	0	0	0
8010	113	75.5389	83.263	2.42052	2.39073	0	0	0	0	0	0	0	0
8010	114	81.4677	80.7815	2.45829	2.49911	0	0	0	0	0	0	0	0
8010	115	79.2759	78.7883	2.39367	2.3929	0	0	0	0	0	0	0	0
8010	116	78.5099	78.1417	2.46116	2.44774	0	0	0	0	0	0	0	0
8010	117	76.8001	78.4123	2.41849	2.38742	0	0	0	0	0	0	0	0
8010	118	73.5898	72.8745	2.40036	2.42233	0	0	0	0	0	0	0	0
8010	119	78.3747	76.0876	2.44257	2.48974	0	0	0	0	0	0	0	0
8010	120	83.2518	80.5758	2.48998	2.5124	0	0	0	0	0	0	0	0
8010	121	73.4527	72.9647	2.50945	2.47388	0	0	0	0	0	0	0	0
8010	122	81.1252	74.9871	2.52134	2.52421	0	0	0	0	0	0	0	0
8010	123	73.1487	74.8292	2.51379	2.56419	0	0	0	0	0	0	0	0
8010	124	77.9724	75.0743	2.51946	2.51143	0	0	0	0	0	0	0	0
8010	125	79.5082	76.5797	2.51112	2.52727	0	0	0	0	0	0	0	0
8010	126	79.7247	74.2519	2.49332	2.51237	0	0	0	0	0	0	0	0
8010	127	79.4861	77.0534	2.69518	2.71189	0	0	0	0	0	0	0	0
8080	0	64.478	56.9491	2.24244	2.22927	0	0	0	0	0	0	0	0
8080	1	65.7443	63.2473	2.27009	2.27965	0	0	0	0	0	0	0	0
8080	2	70.2938	62.2649	2.27884	2.27153	0	0	0	0	0	0	0	0
8080	3	70.1417	62.3715	2.24198	2.25993	0	0	0	0	0	0	0	0
8080	4	64.9326	71.0852	2.21943	2.23059	0	0	0	0	0	0	0	0
8080	5	63.875	62.9297	2.39882	2.3646	0	0	0	0	0	0	0	0
8080	6	56.7434	60.9687	3.64034	3.63826	0	0	0	0	0	0	0	0
8080	7	65.3624	71.3166	2.40216	2.42854	0	0	0	0	0	0	0	0
8080	8	59.6688	58.0248	2.41737	2.40599	0	0	0	0	0	0	0	0
8080	9	59.6784	58.5776	2.25317	2.25022	0	0	0	0	0	0	0	0
8080	10	62.2706	64.4194	2.33974	2.31305	0	0	0	0	0	0	0	0
8080	11	59.1681	58.9977	2.41649	2.40967	0	0	0	0	0	0	0	0
8080	12	60.9788	64.283	2.36386	2.34276	0	0	0	0	0	0	0	0
8080	13	62.1483	57.0156	2.25234	2.26132	0	0	0	0	0	0	0	0
8080	14	57.8157	66.105	2.56749	2.53787	0	0	0	0	0	0	0	0
8080	15	64.9621	63.9835	3.08042	3.07658	0	0	0	0	0	0	0	0
8080	16	78.2886	76.8951	3.02405	3.05814	0	0	0	0	0	0	0	0
8080	17	72.5692	77.2027	2.37771	2.35089	0	0	0	0	0	0	0	0
8080	18	71.7548	82.591	2.46846	2.44096	0	0	0	0	0	0	0	0
8080	19	75.6799	84.4367	2.39393	2.39301	0	0	0	0	0	0	0	0
8080	20	85.9928	81.6114	2.45263	2.48736	0	0	0	0	0	0	0	0
8080	21	82.5594	75.5115	2.3388	2.34773	0	0	0	0	0	0	0	0
8080	22	77.651	81.4131	2.52137	2.51144	0	0	0	0	0	0	0	0
8080	23	76.5861	69.944	2.25517	2.276	0	0	0	0	0	0	0	0
8080	24	76.0992	82.4069	2.21232	2.24648	0	0	0	0	0	0	0	0
8080	25	77.691	72.3105	4.03099	4.08646	0	0	0	0	0	0	0	0
8080	26	71.8578	69.7119	2.48793	2.51202	0	0	0	0	0	0	0	0
8080	27	79.1845	73.4322	2.22328	2.26415	0	0	0	0	0	0	0	0
8080	28	77.0792	76.2029	2.23722	2.21501	0	0	0	0	0	0	0	0
8080	29	74.1274	71.4397	2.351	2.36467	0	0	0	0	0	0	0	0
8080	30	78.6866	76.1543	2.15624	2.15437	0	0	0	0	0	0	0	0
8080	31	73.873	71.6719	2.32931	2.33412	0	0	0	0	0	0	0	0
8080	32	70.0011	59.6324	3.19683	3.18372	0	0	0	0	0	0	0	0
8080	33	68.1126	68.2628	3.03882	3.00311	0	0	0	0	0	0	0	0
8080	34	61.9441	67.1781	3.78232	3.75139	0	0	0	0	0	0	0	0
8080	35	60.6163	57.3092	2.9571	2.94694	0	0	0	0	0	0	0	0
8080	36	59.9926	65.1282	3.02325	2.99405	0	0	0	0	0	0	0	0
8080	37	63.502	64.3133	2.96078	2.94231	0	0	0	0	0	0	0	0
8080	38	70.0715	68.5223	2.97897	2.95791	0	0	0	0	0	0	0	0
8080	39	59.4273	60.4358	2.85695	2.84615	0	0	0	0	0	0	0	0
8080	40	64.5808	63.4236	3.07292	3.06483	0	0	0	0	0	0	0	0
8080	41	64.7089	57.7235	2.91313	2.89761	0	0	0	0	0	0	0	0
8080	42	58.9303	59.2864	3.06533	3.04266	0	0	0	0	0	0	0	0
8080	43	64.7872	61.209	2.89676	2.87676	0	0	0	0	0	0	0	0
8080	44	57.4533	61.7779	3.12163	3.1123	0	0	0	0	0	0	0	0
8080	45	65.0072	60.1677	2.98356	2.97786	0	0	0	0	0	0	0	0
8080	46	60.8095	69.2422	3.01638	3.03135	0	0	0	0	0	0	0	0
8080	47	57.6864	55.3785	2.86807	2.87132	0	0	0	0	0	0	0	0
8080	48	73.0533	77.9082	2.42114	2.42964	0	0	0	0	0	0	0	0
8080	49	66.4962	70.4078	2.44489	2.44248	0	0	0	0	0	0	0	0
8080	50	67.4619	71.4315	2.4458	2.42774	0	0	0	0	0	0	0	0
8080	51	73.2633	74.5614	2.39864	2.44712	0	0	0	0	0	0	0	0
8080	52	72.4587	75.3147	2.28696	2.30557	0	0	0	0	0	0	0	0
8080	53	69.8532	72.9811	2.43822	2.45683	0	0	0	0	0	0	0	0
8080	54	71.7808	73.7991	2.25916	2.27301	0	0	0	0	0	0	0	0
8080	55	66.9114	66.8802	2.29349	2.29789	0	0	0	0	0	0	0	0
8080	56	70.6217	70.1903	2.20636	2.25837	0	0	0	0	0	0	0	0
8080	57	65.799	66.3581	2.73726	2.74612	0	0	0	0	0	0	0	0
8080	58	65.8564	71.8999	2.30322	2.3076	0	0	0	0	0	0	0	0
8080	59	66.7237	65.6754	2.52889	2.53983	0	0	0	0	0	0	0	0
8080	60	67.6983	71.6214	2.58764	2.58841	0	0	0	0	0	0	0	0
8080	61	65.4617	64.974	2.59356	2.58795	0	0	0	0	0	0	0	0
8080	62	67.3352	65.7393	2.8649	2.85262	0	0	0	0	0	0	0	0
8080	63	72.1475	72.7367	2.63696	2.65245	0	0	0	0	0	0	0	0
8080	64	69.2108	68.7266	2.5717	2.5921	0	0	0	0	0	0	0	0
8080	65	70.8532	70.1636	2.76547	2.78807	0	0	0	0	0	0	0	0
8080	66	67.4789	74.1584	2.51477	2.50982	0	0	0	0	0	0	0	0
8080	67	70.5765	67.3204	2.44817	2.49239	0	0	0	0	0	0	0	0
8080	68	63.7541	68.9668	2.41441	2.39436	0	0	0	0	0	0	0	0
8080	69	66.8914	70.9997	2.86355	2.84119	0	0	0	0	0	0	0	0
8080	70	72.2619	71.2903	2.37381	2.38653	0	0	0	0	0	0	0	0
8080	71	75.0995	78.2027	2.46408	2.50971	0	0	0	0	0	0	0	0
8080	72	66.9398	74.8032	2.46441	2.43321	0	0	0	0	0	0	0	0
8080	73	66.1651	65.4861	2.69915	2.71402	0	0	0	0	0	0	0	0
8080	74	70.5221	67.23	2.4964	2.53007	0	0	0	0	0	0	0	0
8080	75	65.2435	73.0631	2.72541	2.68327	0	0	0	0	0	0	0	0
8080	76	64.7371	65.3368	2.57039	2.57107	0	0	0	0	0	0	0	0
8080	77	68.7299	65.4821	2.66339	2.67068	0	0	0	0	0	0	0	0
8080	78	69.3384	71.2691	2.75195	2.74117	0	0	0	0	0	0	0	0
8080	79	62.7487	65.3305	2.79765	2.79877	0	0	0	0	0	0	0	0
8080	80	76.8506	80.254	3.99101	3.97543	0	0	0	0	0	0	0	0
8080	81	81.2225	78.6509	3.36862	3.36602	0	0	0	0	0	0	0	0
8080	82	79.901	82.5425	3.22966	3.21844	0	0	0	0	0	0	0	0
8080	83	81.9438	79.6149	4.89607	4.95568	0	0	0	0	0	0	0	0
8080	84	79.5783	82.4806	2.75199	2.73597	0	0	0	0	0	0	0	0
8080	85	73.0891	76.6881	2.6963	2.68999	0	0	0	0	0	0	0	0
8080	86	77.0697	85.9952	2.52166	2.5065	0	0	0	0	0	0	0	0
8080	87	79.2346	84.0606	2.5482	2.54199	0	0	0	0	0	0	0	0
8080	88	85.5782	82.4784	3.17069	3.16082	0	0	0	0	0	0	0	0
8080	89	83.5724	86.0205	2.73561	2.69721	0	0	0	0	0	0	0	0
8080	90	83.2197	79.5439	2.56295	2.60241	0	0	0	0	0	0	0	0
8080	91	78.7517	76.6799	2.69648	2.72998	0	0	0	0	0	0	0	0
8080	92	87.7815	84.0365	2.75408	2.73794	0	0	0	0	0	0	0	0
8080	93	72.6373	80.9356	2.9194	2.91989	0	0	0	0	0	0	0	0
8080	94	87.2065	84.9409	3.20305	3.21585	0	0	0	0	0	0	0	0
8080	95	71.1417	84.3135	4.00848	3.97296	0	0	0	0	0	0	0	0
8080	96	90.4994	89.225	3.11338	3.07105	0	0	0	0	0	0	0	0
8080	97	77.8955	72.5898	2.72163	2.70885	0	0	0	0	0	0	0	0
8080	98	83.1426	80.6921	4.66359	4.68296	0	0	0	0	0	0	0	0
8080	99	77.1601	75.0274	3.00634	3.01103	0	0	0	0	0	0	0	0
8080	100	86.5371	82.188	3.03965	3.07791	0	0	0	0	0	0	0	0
8080	101	78.503	82.8308	2.66426	2.63579	0	0	0	0	0	0	0	0
8080	102	83.242	82.9023	2.72572	2.70972	0	0	0	0	0	0	0	0
8080	103	74.7602	82.1032	2.69024	2.66825	0	0	0	0	0	0	0	0
8080	104	86.8164	84.7058	2.73934	2.71575	0	0	0	0	0	0	0	0
8080	105	79.6254	80.8719	2.75097	2.73086	0	0	0	0	0	0	0	0
8080	106	76.558	79.6917	2.72894	2.71173	0	0	0	0	0	0	0	0
8080	107	76.7863	77.7238	2.78769	2.76627	0	0	0	0	0	0	0	0
8080	108	79.9688	87.6261	2.7618	2.74145	0	0	0	0	0	0	0	0
8080	109	80.5765	75.9479	2.87103	2.89751	0	0	0	0	0	0	0	0
8080	110	77.4428	79.1826	2.95395	2.94961	0	0	0	0	0	0	0	0
8080	111	74.7489	76.9998	2.9425	2.91127	0	0	0	0	0	0	0	0
8080	112	59.7616	66.6864	2.28304	2.28154	0	0	0	0	0	0	0	0
8080	113	67.8615	66.3423	2.21097	2.24453	0	0	0	0	0	0	0	0
8080	114	68.0669	69.8304	2.25218	2.24903	0	0	0	0	0	0	0	0
8080	115	70.2595	74.8184	2.17363	2.12339	0	0	0	0	0	0	0	0
8080	116	62.3425	70.0482	2.41129	2.36164	0	0	0	0	0	0	0	0
8080	117	67.6309	69.2524	2.26897	2.23063	0	0	0	0	0	0	0	0
8080	118	68.4919	71.9635	2.14575	2.11946	0	0	0	0	0	0	0	0
8080	119	66.8002	70.7474	2.16767	2.14028	0	0	0	0	0	0	0	0
8080	120	70.7083	69.1469	2.25734	2.2625	0	0	0	0	0	0	0	0
8080	121	69.3903	69.9665	2.20193	2.18305	0	0	0	0	0	0	0	0
8080	122	71.3674	69.6338	2.21907	2.23688	0	0	0	0	0	0	0	0
8080	123	69.098	69.1655	2.30257	2.27941	0	0	0	0	0	0	0	0
8080	124	67.2529	63.2075	2.24231	2.24002	0	0	0	0	0	0	0	0
8080	125	68.0394	64.5259	2.25502	2.28059	0	0	0	0	0	0	0	0
8080	126	66.7963	69.7403	2.27494	2.23852	0	0	0	0	0	0	0	0
8080	127	70.6504	67.8443	2.19747	2.2143	0	0	0	0	0	0	0	0
8068	0	63.7944	68.2142	2.63661	2.58278	0	0	0	0	0	0	0	0
8068	1	65.5004	64.7717	3.22455	3.23835	0	0	0	0	0	0	0	0
8068	2	69.6183	71.5125	2.96329	2.92602	0	0	0	0	0	0	0	0
8068	3	60.2822	67.6533	2.77524	2.74029	0	0	0	0	0	0	0	0
8068	4	67.0776	61.9703	2.95555	2.98204	0	0	0	0	0	0	0	0
8068	5	75.1093	67.4356	3.65035	3.60547	0	0	0	0	0	0	0	0
8068	6	71.3514	67.2212	2.56967	2.55874	0	0	0	0	0	0	0	0
8068	7	66.8277	63.0702	2.68344	2.71968	0	0	0	0	0	0	0	0
8068	8	66.5522	63.9823	2.62464	2.62589	0	0	0	0	0	0	0	0
8068	9	59.132	66.2354	4.82273	4.86901	0	0	0	0	0	0	0	0
8068	10	61.274	68.3191	2.75874	2.73926	0	0	0	0	0	0	0	0
8068	11	66.0862	71.5953	3.08948	3.02672	0	0	0	0	0	0	0	0
8068	12	71.0705	67.2355	2.67725	2.69444	0	0	0	0	0	0	0	0
8068	13	62.6491	64.6238	2.90824	2.90266	0	0	0	0	0	0	0	0
8068	14	61.4923	63.8493	2.70127	2.66048	0	0	0	0	0	0	0	0
8068	15	62.9299	67.5035	2.79712	2.75301	0	0	0	0	0	0	0	0
8068	16	81.6619	79.7583	2.87322	2.86345	0	0	0	0	0	0	0	0
8068	17	80.5207	81.2513	2.92986	2.93373	0	0	0	0	0	0	0	0
8068	18	90.446	89.4431	3.02623	2.98882	0	0	0	0	0	0	0	0
8068	19	88.4015	90.2398	2.93577	2.96303	0	0	0	0	0	0	0	0
8068	20	89.2893	83.2622	3.08186	3.01219	0	0	0	0	0	0	0	0
8068	21	85.0523	87.3686	3.05936	3.05924	0	0	0	0	0	0	0	0
8068	22	84.7954	82.534	2.87353	2.86581	0	0	0	0	0	0	0	0
8068	23	81.7281	76.7581	2.95055	2.95271	0	0	0	0	0	0	0	0
8068	24	78.51	80.9267	2.84891	2.83666	0	0	0	0	0	0	0	0
8068	25	83.3344	80.3531	2.92012	2.95026	0	0	0	0	0	0	0	0
8068	26	83.8594	81.3074	2.86229	2.85301	0	0	0	0	0	0	0	0
8068	27	77.2365	75.2535	2.97573	2.97272	0	0	0	0	0	0	0	0
8068	28	76.7747	77.5068	2.84414	2.82453	0	0	0	0	0	0	0	0
8068	29	80.782	84.0825	3.09428	3.07007	0	0	0	0	0	0	0	0
8068	30	77.127	81.0531	2.86441	2.82822	0	0	0	0	0	0	0	0
8068	31	81.1991	84.9495	2.98641	2.94286	0	0	0	0	0	0	0	0
8068	32	77.3725	80.884	2.92163	2.88107	0	0	0	0	0	0	0	0
8068	33	81.4022	80.1658	2.89513	2.89169	0	0	0	0	0	0	0	0
8068	34	80.6476	83.7196	2.9685	2.95542	0	0	0	0	0	0	0	0
8068	35	81.825	78.5757	2.6547	2.67664	0	0	0	0	0	0	0	0
8068	36	76.815	78.0515	2.67789	2.6988	0	0	0	0	0	0	0	0
8068	37	78.3843	79.5285	2.75918	2.77094	0	0	0	0	0	0	0	0
8068	38	84.1675	91.0432	2.61331	2.73904	0	0	0	0	0	0	0	0
8068	39	74.9379	86.8705	2.54411	2.51642	0	0	0	0	0	0	0	0
8068	40	78.3341	79.4501	2.6946	2.66977	0	0	0	0	0	0	0	0
8068	41	83.4217	82.5825	2.45048	2.43107	0	0	0	0	0	0	0	0
8068	42	77.5179	76.1998	2.72597	2.70637	0	0	0	0	0	0	0	0
8068	43	78.3381	79.8945	2.77779	2.77247	0	0	0	0	0	0	0	0
8068	44	87.5744	82.5818	2.68653	2.68513	0	0	0	0	0	0	0	0
8068	45	80.3747	77.4571	2.55655	2.57627	0	0	0	0	0	0	0	0
8068	46	81.5034	76.3467	2.65215	2.7253	0	0	0	0	0	0	0	0
8068	47	79.3233	78.9668	2.48261	2.50072	0	0	0	0	0	0	0	0
8068	48	52.6515	53.5537	2.40784	2.42665	0	0	0	0	0	0	0	0
8068	49	62.1356	60.1457	3.00324	3.06586	0	0	0	0	0	0	0	0
8068	50	53.921	53.1507	2.29123	2.31345	0	0	0	0	0	0	0	0
8068	51	51.7274	60.1471	3.36995	3.35164	0	0	0	0	0	0	0	0
8068	52	54.261	54.7441	3.12416	3.13317	0	0	0	0	0	0	0	0
8068	53	56.4671	54.4389	2.9241	2.8995	0	0	0	0	0	0	0	0
8068	54	60.9653	55.8022	2.80428	2.82027	0	0	0	0	0	0	0	0
8068	55	56.3836	61.4398	2.20447	2.19321	0	0	0	0	0	0	0	0
8068	56	52.2887	51.726	2.73065	2.7527	0	0	0	0	0	0	0	0
8068	57	54.5616	62.2855	2.34797	2.3071	0	0	0	0	0	0	0	0
8068	58	52.6166	54.5897	2.46736	2.4616	0	0	0	0	0	0	0	0
8068	59	54.6752	55.5066	2.69567	2.72008	0	0	0	0	0	0	0	0
8068	60	56.6236	57.6796	2.84377	2.81004	0	0	0	0	0	0	0	0
8068	61	55.3926	57.9763	2.4693	2.43673	0	0	0	0	0	0	0	0
8068	62	56.6425	55.2802	2.51054	2.55699	0	0	0	0	0	0	0	0
8068	63	57.274	61.7607	3.19738	3.20719	0	0	0	0	0	0	0	0
8068	64	73.1018	72.8275	4.15989	4.20279	0	0	0	0	0	0	0	0
8068	65	75.5373	76.833	2.17007	2.14198	0	0	0	0	0	0	0	0
8068	66	79.9123	71.2038	2.11689	2.14989	0	0	0	0	0	0	0	0
8068	67	76.089	75.7865	2.1752	2.18695	0	0	0	0	0	0	0	0
8068	68	73.4083	74.8851	2.17918	2.17368	0	0	0	0	0	0	0	0
8068	69	72.6983	73.5821	2.20164	2.16353	0	0	0	0	0	0	0	0
8068	70	66.5745	64.7608	2.26064	2.24986	0	0	0	0	0	0	0	0
8068	71	75.6867	74.6923	3.98969	3.98912	0	0	0	0	0	0	0	0
8068	72	71.8567	75.8509	2.14724	2.14874	0	0	0	0	0	0	0	0
8068	73	73.3835	71.3049	2.2337	2.24029	0	0	0	0	0	0	0	0
8068	74	70.6398	72.5922	2.66454	2.66582	0	0	0	0	0	0	0	0
8068	75	70.046	67.6113	2.37317	2.37743	0	0	0	0	0	0	0	0
8068	76	75.0717	74.7298	2.5817	2.59212	0	0	0	0	0	0	0	0
8068	77	75.9093	74.388	2.534	2.56792	0	0	0	0	0	0	0	0
8068	78	71.6595	75.0161	2.47251	2.47786	0	0	0	0	0	0	0	0
8068	79	64.9248	74.4084	2.93418	2.92447	0	0	0	0	0	0	0	0
8068	80	73.7583	73.1392	4.07413	4.07454	0	0	0	0	0	0	0	0
8068	81	79.091	75.7941	3.47818	3.50201	0	0	0	0	0	0	0	0
8068	82	77.675	69.7204	3.36518	3.39557	0	0	0	0	0	0	0	0
8068	83	77.7479	74.6737	2.89721	2.89575	0	0	0	0	0	0	0	0
8068	84	74.6542	76.0771	2.9152	2.87938	0	0	0	0	0	0	0	0
8068	85	73.57	73.4133	2.71479	2.71128	0	0	0	0	0	0	0	0
8068	86	73.8973	75.5283	2.73546	2.69927	0	0	0	0	0	0	0	0
8068	87	73.6149	70.21	2.82344	2.82034	0	0	0	0	0	0	0	0
8068	88	73.463	69.7091	2.78089	2.81094	0	0	0	0	0	0	0	0
8068	89	66.3581	70.1825	2.77872	2.84947	0	0	0	0	0	0	0	0
8068	90	70.4416	76.5859	2.8571	2.87634	0	0	0	0	0	0	0	0
8068	91	73.6526	69.7974	3.01859	3.09014	0	0	0	0	0	0	0	0
8068	92	74.7439	75.3063	3.15769	3.16104	0	0	0	0	0	0	0	0
8068	93	78.5541	75.1565	3.10861	3.16136	0	0	0	0	0	0	0	0
8068	94	74.1187	74.15	3.30482	3.33309	0	0	0	0	0	0	0	0
8068	95	73.4803	76.0262	3.40082	3.45657	0	0	0	0	0	0	0	0
8068	96	66.779	65.537	2.39522	2.37359	0	0	0	0	0	0	0	0
8068	97	65.0828	70.7584	2.30503	2.22887	0	0	0	0	0	0	0	0
8068	98	75.7926	69.3342	2.23998	2.22723	0	0	0	0	0	0	0	0
8068	99	74.1327	72.7902	2.28906	2.30006	0	0	0	0	0	0	0	0
8068	100	64.0286	63.5667	2.21183	2.19448	0	0	0	0	0	0	0	0
8068	101	66.9794	67.9962	2.24272	2.24995	0	0	0	0	0	0	0	0
8068	102	67.8979	67.8363	2.20982	2.20968	0	0	0	0	0	0	0	0
8068	103	73.3658	69.5165	2.23637	2.24405	0	0	0	0	0	0	0	0
8068	104	64.9211	60.1335	2.25957	2.24035	0	0	0	0	0	0	0	0
8068	105	66.3678	61.3185	2.26542	2.29163	0	0	0	0	0	0	0	0
8068	106	65.2231	70.7775	2.26514	2.23972	0	0	0	0	0	0	0	0
8068	107	68.2926	73.3893	2.35675	2.35289	0	0	0	0	0	0	0	0
8068	108	63.9068	69.0666	2.28227	2.25314	0	0	0	0	0	0	0	0
8068	109	72.4906	68.4958	2.27779	2.32615	0	0	0	0	0	0	0	0
8068	110	74.714	70.2507	2.21064	2.22928	0	0	0	0	0	0	0	0
8068	111	73.509	70.2319	2.33268	2.33172	0	0	0	0	0	0	0	0
8068	112	82.4408	80.6394	2.4886	2.45401	0	0	0	0	0	0	0	0
8068	113	80.963	81.7345	2.40499	2.4075	0	0	0	0	0	0	0	0
8068	114	87.431	82.911	2.60305	2.74874	0	0	0	0	0	0	0	0
8068	115	84.3489	85.3576	2.31738	2.30514	0	0	0	0	0	0	0	0
8068	116	83.6873	81.144	2.36708	2.44639	0	0	0	0	0	0	0	0
8068	117	81.017	85.7184	2.61769	2.44643	0	0	0	0	0	0	0	0
8068	118	81.048	85.6685	2.38198	2.30944	0	0	0	0	0	0	0	0
8068	119	81.4523	86.786	2.41072	2.46078	0	0	0	0	0	0	0	0
8068	120	86.2446	83.9968	2.34082	2.39227	0	0	0	0	0	0	0	0
8068	121	82.1576	82.8391	2.45177	2.44884	0	0	0	0	0	0	0	0
8068	122	79.4709	82.1684	8.57221	8.59733	0	0	0	0	0	0	0	0
8068	123	80.5324	84.7378	3.59295	3.57041	0	0	0	0	0	0	0	0
8068	124	84.5543	82.2884	2.56843	2.61784	0	0	0	0	0	0	0	0
8068	125	84.9266	79.5245	2.54276	2.61686	0	0	0	0	0	0	0	0
8068	126	83.5255	81.6593	2.49885	2.55625	0	0	0	0	0	0	0	0
8068	127	82.053	82.1964	3.10445	3.10958	0	0	0	0	0	0	0	0
8088	0	68.3958	68.1859	2.82104	2.84639	0	0	0	0	0	0	0	0
8088	1	66.013	69.9518	2.46583	2.48094	0	0	0	0	0	0	0	0
8088	2	69.7647	72.1431	3.09551	3.07305	0	0	0	0	0	0	0	0
8088	3	72.0724	68.3461	2.5111	2.53885	0	0	0	0	0	0	0	0
8088	4	68.7296	71.0331	3.11038	3.1146	0	0	0	0	0	0	0	0
8088	5	70.6154	65.7478	2.59553	2.62413	0	0	0	0	0	0	0	0
8088	6	71.0345	71.5191	2.9275	2.93095	0	0	0	0	0	0	0	0
8088	7	83.096	73.6447	2.46691	2.41314	0	0	0	0	0	0	0	0
8088	8	76.5969	75.9223	3.7212	3.69143	0	0	0	0	0	0	0	0
8088	9	67.6797	68.686	2.70114	2.71826	0	0	0	0	0	0	0	0
8088	10	70.3752	70.1354	2.6007	2.62129	0	0	0	0	0	0	0	0
8088	11	71.1635	66.9725	3.54159	3.58779	0	0	0	0	0	0	0	0
8088	12	63.8216	72.0898	3.25358	3.24383	0	0	0	0	0	0	0	0
8088	13	63.9682	70.5206	2.76034	2.72178	0	0	0	0	0	0	0	0
8088	14	70.4752	72.262	2.69411	2.67955	0	0	0	0	0	0	0	0
8088	15	63.4248	68.2835	3.03651	3.02612	0	0	0	0	0	0	0	0
8088	16	81.4541	74.2334	2.33936	2.34528	0	0	0	0	0	0	0	0
8088	17	70.1955	74.2008	2.51717	2.46987	0	0	0	0	0	0	0	0
8088	18	74.2758	76.6648	2.43867	2.43477	0	0	0	0	0	0	0	0
8088	19	66.9086	72.2016	2.78226	2.77327	0	0	0	0	0	0	0	0
8088	20	72.283	79.5424	2.7319	2.7067	0	0	0	0	0	0	0	0
8088	21	76.9984	74.8691	2.6066	2.59306	0	0	0	0	0	0	0	0
8088	22	78.6135	70.6563	2.17222	2.20325	0	0	0	0	0	0	0	0
8088	23	69.1065	66.7916	2.33625	2.33683	0	0	0	0	0	0	0	0
8088	24	70.0799	81.4416	2.4567	2.45868	0	0	0	0	0	0	0	0
8088	25	71.1523	67.3673	2.53702	2.57203	0	0	0	0	0	0	0	0
8088	26	71.7268	70.2336	2.67078	2.69461	0	0	0	0	0	0	0	0
8088	27	70.5325	66.1336	2.41519	2.43847	0	0	0	0	0	0	0	0
8088	28	69.3777	70.4494	2.51946	2.4951	0	0	0	0	0	0	0	0
8088	29	74.6598	71.746	2.59326	2.59705	0	0	0	0	0	0	0	0
8088	30	74.1733	70.8253	2.53688	2.53858	0	0	0	0	0	0	0	0
8088	31	70.8831	73.5128	2.739	2.7336	0	0	0	0	0	0	0	0
8088	32	78.9313	83.34	3.45421	3.38263	0	0	0	0	0	0	0	0
8088	33	72.2113	73.1132	3.19774	3.18255	0	0	0	0	0	0	0	0
8088	34	85.2294	79.5526	3.07019	3.06655	0	0	0	0	0	0	0	0
8088	35	80.8668	73.4773	3.23259	3.25048	0	0	0	0	0	0	0	0
8088	36	80.0262	85.9198	3.13092	3.05613	0	0	0	0	0	0	0	0
8088	37	77.2671	77.3973	3.05902	2.99304	0	0	0	0	0	0	0	0
8088	38	79.6108	78.6011	2.99123	2.93658	0	0	0	0	0	0	0	0
8088	39	78.7376	80.3358	3.14538	3.089	0	0	0	0	0	0	0	0
8088	40	79.9133	76.4372	3.07415	3.03794	0	0	0	0	0	0	0	0
8088	41	69.8644	72.7019	2.98756	2.98287	0	0	0	0	0	0	0	0
8088	42	78.6974	73.9608	3.08438	3.03503	0	0	0	0	0	0	0	0
8088	43	81.774	76.9705	3.02148	3.02064	0	0	0	0	0	0	0	0
8088	44	67.3408	69.6853	3.24457	3.23357	0	0	0	0	0	0	0	0
8088	45	69.068	73.5691	2.97014	2.94124	0	0	0	0	0	0	0	0
8088	46	75.8199	81.5278	3.14169	3.11974	0	0	0	0	0	0	0	0
8088	47	73.0942	79.2284	2.92342	2.9023	0	0	0	0	0	0	0	0
8088	48	57.3171	54.9704	2.62583	2.6133	0	0	0	0	0	0	0	0
8088	49	57.4497	58.4391	3.13918	3.13786	0	0	0	0	0	0	0	0
8088	50	59.0714	53.3278	2.63047	2.63741	0	0	0	0	0	0	0	0
8088	51	61.1115	57.0746	2.60243	2.58644	0	0	0	0	0	0	0	0
8088	52	58.7607	58.576	2.60468	2.5725	0	0	0	0	0	0	0	0
8088	53	62.8806	65.82	2.66085	2.64779	0	0	0	0	0	0	0	0
8088	54	64.3203	67.0765	2.30924	2.32377	0	0	0	0	0	0	0	0
8088	55	59.0503	58.694	2.58539	2.58149	0	0	0	0	0	0	0	0
8088	56	63.8276	60.7132	2.38278	2.3957	0	0	0	0	0	0	0	0
8088	57	60.6177	61.7349	2.47919	2.43557	0	0	0	0	0	0	0	0
8088	58	57.3273	57.8325	2.51127	2.49515	0	0	0	0	0	0	0	0
8088	59	52.0432	63.4002	2.83135	2.80778	0	0	0	0	0	0	0	0
8088	60	63.1499	60.3396	2.6864	2.71336	0	0	0	0	0	0	0	0
8088	61	61.9223	60.6829	2.60803	2.60851	0	0	0	0	0	0	0	0
8088	62	60.6307	62.4358	2.83583	2.777	0	0	0	0	0	0	0	0
8088	63	57.5175	62.7508	3.21419	3.17063	0	0	0	0	0	0	0	0
8088	64	75.4735	77.2691	2.67677	2.69172	0	0	0	0	0	0	0	0
8088	65	71.2354	72.5489	2.63674	2.68551	0	0	0	0	0	0	0	0
8088	66	71.4474	73.5261	2.49688	2.51691	0	0	0	0	0	0	0	0
8088	67	74.6471	69.652	3.09375	3.16329	0	0	0	0	0	0	0	0
8088	68	71.5462	72.7112	2.67081	2.65016	0	0	0	0	0	0	0	0
8088	69	75.6372	74.9263	2.58851	2.58619	0	0	0	0	0	0	0	0
8088	70	72.9103	68.0323	2.64647	2.66931	0	0	0	0	0	0	0	0
8088	71	72.7822	75.1986	2.54396	2.54287	0	0	0	0	0	0	0	0
8088	72	70.0047	73.5091	2.71812	2.66736	0	0	0	0	0	0	0	0
8088	73	65.2115	65.7071	2.68149	2.66448	0	0	0	0	0	0	0	0
8088	74	69.3664	72.79	3.14884	3.1402	0	0	0	0	0	0	0	0
8088	75	66.231	70.3871	3.05747	3.05496	0	0	0	0	0	0	0	0
8088	76	69.424	69.5244	2.54456	2.56084	0	0	0	0	0	0	0	0
8088	77	76.1922	69.2573	2.52257	2.57042	0	0	0	0	0	0	0	0
8088	78	67.4691	71.1225	2.55727	2.58085	0	0	0	0	0	0	0	0
8088	79	73.6766	72.7922	2.57483	2.55898	0	0	0	0	0	0	0	0
8088	80	67.0242	68.1162	4.2242	4.24054	0	0	0	0	0	0	0	0
8088	81	67.1112	67.6231	3.44201	3.48316	0	0	0	0	0	0	0	0
8088	82	72.6776	71.31	3.35148	3.38743	0	0	0	0	0	0	0	0
8088	83	64.1743	71.0898	2.81069	2.75806	0	0	0	0	0	0	0	0
8088	84	72.3314	72.6054	2.9539	2.934	0	0	0	0	0	0	0	0
8088	85	70.0248	72.8224	2.96239	2.9713	0	0	0	0	0	0	0	0
8088	86	65.2245	63.3586	3.12999	3.15265	0	0	0	0	0	0	0	0
8088	87	74.8256	68.2042	2.64271	2.63602	0	0	0	0	0	0	0	0
8088	88	70.1616	69.3158	3.11512	3.09913	0	0	0	0	0	0	0	0
8088	89	61.9117	67.0894	3.08692	3.05785	0	0	0	0	0	0	0	0
8088	90	69.2547	68.4604	2.67183	2.71081	0	0	0	0	0	0	0	0
8088	91	63.7382	62.2292	3.26617	3.22474	0	0	0	0	0	0	0	0
8088	92	65.3052	64.1128	3.33531	3.34252	0	0	0	0	0	0	0	0
8088	93	63.9248	70.1361	3.02158	2.98656	0	0	0	0	0	0	0	0
8088	94	70.5296	70.9894	2.8966	2.90709	0	0	0	0	0	0	0	0
8088	95	63.6799	67.9515	2.77369	2.75748	0	0	0	0	0	0	0	0
8088	96	75.0735	71.8613	2.40467	2.38275	0	0	0	0	0	0	0	0
8088	97	75.7731	80.9169	2.3465	2.28522	0	0	0	0	0	0	0	0
8088	98	86.5132	81.1824	2.51285	2.44014	0	0	0	0	0	0	0	0
8088	99	77.115	73.645	2.37941	2.38129	0	0	0	0	0	0	0	0
8088	100	82.3913	79.1076	2.36156	2.3635	0	0	0	0	0	0	0	0
8088	101	78.8471	75.0488	2.27729	2.30561	0	0	0	0	0	0	0	0
8088	102	78.2582	78.9879	2.30761	2.3357	0	0	0	0	0	0	0	0
8088	103	76.1322	74.3485	2.3817	2.4036	0	0	0	0	0	0	0	0
8088	104	78.8384	74.6123	2.26922	2.26826	0	0	0	0	0	0	0	0
8088	105	73.7222	76.2287	2.3188	2.29405	0	0	0	0	0	0	0	0
8088	106	80.3651	74.6317	2.3922	2.45441	0	0	0	0	0	0	0	0
8088	107	76.396	73.2198	2.35154	2.33801	0	0	0	0	0	0	0	0
8088	108	73.9532	79.4852	2.32782	2.29265	0	0	0	0	0	0	0	0
8088	109	76.7276	70.3726	2.38867	2.38909	0	0	0	0	0	0	0	0
8088	110	74.3199	74.9415	2.35167	2.3589	0	0	0	0	0	0	0	0
8088	111	75.7631	77.7091	2.62411	2.60382	0	0	0	0	0	0	0	0
8088	112	80.5509	86.1272	2.49938	2.34185	0	0	0	0	0	0	0	0
8088	113	89.9209	82.7629	2.28775	2.30511	0	0	0	0	0	0	0	0
8088	114	88.8874	84.6519	2.3204	2.33954	0	0	0	0	0	0	0	0
8088	115	85.2184	88.7335	2.25382	2.28602	0	0	0	0	0	0	0	0
8088	116	86.8737	85.3056	2.4072	2.46018	0	0	0	0	0	0	0	0
8088	117	85.5779	83.0807	2.20605	2.25975	0	0	0	0	0	0	0	0
8088	118	89.8283	87.4493	2.26387	2.2791	0	0	0	0	0	0	0	0
8088	119	84.1484	87.0211	2.25303	2.22129	0	0	0	0	0	0	0	0
8088	120	83.7927	82.6209	2.3073	2.30986	0	0	0	0	0	0	0	0
8088	121	79.967	84.788	2.284	2.23964	0	0	0	0	0	0	0	0
8088	122	83.6632	85.9967	2.43035	2.31854	0	0	0	0	0	0	0	0
8088	123	85.3653	86.8398	2.28614	2.3002	0	0	0	0	0	0	0	0
8088	124	85.2824	85.0859	2.32995	2.3618	0	0	0	0	0	0	0	0
8088	125	83.1824	84.495	2.30904	2.31484	0	0	0	0	0	0	0	0
8088	126	86.5267	87.1407	2.25108	2.28188	0	0	0	0	0	0	0	0
8088	127	85.6403	84.049	2.24205	2.2879	0	0	0	0	0	0	0	0
8020	0	62.177	62.5964	2.85854	2.81941	0	0	0	0	0	0	0	0
8020	1	72.7461	68.5378	2.51555	2.53979	0	0	0	0	0	0	0	0
8020	2	68.961	70.0509	2.90159	2.92978	0	0	0	0	0	0	0	0
8020	3	61.7396	62.7783	2.5467	2.55722	0	0	0	0	0	0	0	0
8020	4	73.4715	70.9725	2.46375	2.47913	0	0	0	0	0	0	0	0
8020	5	65.3536	61.8555	2.43454	2.44932	0	0	0	0	0	0	0	0
8020	6	66.5004	65.947	2.44506	2.45945	0	0	0	0	0	0	0	0
8020	7	64.8152	74.9246	2.43722	2.41699	0	0	0	0	0	0	0	0
8020	8	65.1337	71.5986	2.78696	2.78954	0	0	0	0	0	0	0	0
8020	9	67.0085	64.68	2.53871	2.55383	0	0	0	0	0	0	0	0
8020	10	66.0119	70.0065	2.50852	2.52365	0	0	0	0	0	0	0	0
8020	11	67.6982	68.0238	2.67711	2.69646	0	0	0	0	0	0	0	0
8020	12	63.9713	72.8964	2.57728	2.55551	0	0	0	0	0	0	0	0
8020	13	67.1619	65.9875	2.522	2.51416	0	0	0	0	0	0	0	0
8020	14	62.4712	63.2119	2.4952	2.50819	0	0	0	0	0	0	0	0
8020	15	66.5334	68.5231	2.5949	2.61284	0	0	0	0	0	0	0	0
8020	16	76.3141	80.5732	2.40709	2.38653	0	0	0	0	0	0	0	0
8020	17	78.7671	75.3693	2.68291	2.69675	0	0	0	0	0	0	0	0
8020	18	75.9324	73.3276	2.4604	2.49266	0	0	0	0	0	0	0	0
8020	19	79.0008	77.5825	2.8347	2.84509	0	0	0	0	0	0	0	0
8020	20	82.4497	87.0198	2.36111	2.34311	0	0	0	0	0	0	0	0
8020	21	75.2872	76.3874	2.58966	2.62759	0	0	0	0	0	0	0	0
8020	22	79.9209	88.8508	2.68713	2.75441	0	0	0	0	0	0	0	0
8020	23	80.7868	76.76	2.45762	2.49264	0	0	0	0	0	0	0	0
8020	24	75.5222	80.3973	2.38613	2.37115	0	0	0	0	0	0	0	0
8020	25	77.0359	77.6844	2.3623	2.34582	0	0	0	0	0	0	0	0
8020	26	84.078	78.9645	2.33466	2.38286	0	0	0	0	0	0	0	0
8020	27	81.576	76.2216	2.47796	2.49936	0	0	0	0	0	0	0	0
8020	28	75.4564	80.7085	2.44584	2.429	0	0	0	0	0	0	0	0
8020	29	76.378	80.3829	2.44627	2.43595	0	0	0	0	0	0	0	0
8020	30	76.2195	82.6208	2.47291	2.44841	0	0	0	0	0	0	0	0
8020	31	72.7744	80.4754	2.44904	2.45206	0	0	0	0	0	0	0	0
8020	32	78.7177	78.2753	2.71309	2.74726	0	0	0	0	0	0	0	0
8020	33	74.1617	80.8757	2.70527	2.65999	0	0	0	0	0	0	0	0
8020	34	77.02	76.0451	2.70052	2.70612	0	0	0	0	0	0	0	0
8020	35	76.2457	77.1585	2.53972	2.548	0	0	0	0	0	0	0	0
8020	36	80.2092	79.2118	2.52914	2.52522	0	0	0	0	0	0	0	0
8020	37	73.7103	74.5375	2.53131	2.50509	0	0	0	0	0	0	0	0
8020	38	70.6683	78.2435	2.49831	2.46503	0	0	0	0	0	0	0	0
8020	39	80.0398	78.5448	2.32791	2.33119	0	0	0	0	0	0	0	0
8020	40	79.0143	78.8579	2.60421	2.61103	0	0	0	0	0	0	0	0
8020	41	76.5388	76.4956	2.45903	2.45199	0	0	0	0	0	0	0	0
8020	42	72.0804	74.2011	2.55596	2.57413	0	0	0	0	0	0	0	0
8020	43	81.2683	87.4869	2.44819	2.45731	0	0	0	0	0	0	0	0
8020	44	72.3609	69.2282	2.60121	2.59981	0	0	0	0	0	0	0	0
8020	45	74.9938	80.1839	2.46103	2.4466	0	0	0	0	0	0	0	0
8020	46	82.173	78.6334	2.48738	2.52775	0	0	0	0	0	0	0	0
8020	47	73.8228	74.2911	2.34208	2.32999	0	0	0	0	0	0	0	0
8020	48	74.7258	69.9331	2.41784	2.41193	0	0	0	0	0	0	0	0
8020	49	73.6662	75.687	2.51866	2.53961	0	0	0	0	0	0	0	0
8020	50	72.6026	75.7779	2.46577	2.46135	0	0	0	0	0	0	0	0
8020	51	77.3266	82.9369	2.61271	2.60385	0	0	0	0	0	0	0	0
8020	52	77.1046	82.1182	2.30802	2.32168	0	0	0	0	0	0	0	0
8020	53	77.457	76.7934	2.38277	2.37994	0	0	0	0	0	0	0	0
8020	54	79.7467	80.1469	2.39112	2.42175	0	0	0	0	0	0	0	0
8020	55	79.2909	79.6009	2.38252	2.4135	0	0	0	0	0	0	0	0
8020	56	82.3597	86.0137	2.27283	2.23538	0	0	0	0	0	0	0	0
8020	57	80.6119	81.9	2.51287	2.5683	0	0	0	0	0	0	0	0
8020	58	77.7598	84.7738	2.39621	2.35811	0	0	0	0	0	0	0	0
8020	59	72.6223	70.4525	2.68196	2.66432	0	0	0	0	0	0	0	0
8020	60	72.8654	76.0535	2.59004	2.6075	0	0	0	0	0	0	0	0
8020	61	77.0121	77.7664	2.66223	2.68022	0	0	0	0	0	0	0	0
8020	62	82.0435	79.5862	2.66626	2.72013	0	0	0	0	0	0	0	0
8020	63	71.1272	76.9371	2.70173	2.71785	0	0	0	0	0	0	0	0
8020	64	84.001	78.8466	2.46516	2.48935	0	0	0	0	0	0	0	0
8020	65	76.7573	83.3423	2.74577	2.68822	0	0	0	0	0	0	0	0
8020	66	76.7614	79.283	2.43507	2.41436	0	0	0	0	0	0	0	0
8020	67	83.8999	75.5452	2.3361	2.3614	0	0	0	0	0	0	0	0
8020	68	85.2237	89.125	2.55149	2.62068	0	0	0	0	0	0	0	0
8020	69	79.8396	85.0091	3.47876	3.42772	0	0	0	0	0	0	0	0
8020	70	82.7322	80.1871	2.36676	2.39489	0	0	0	0	0	0	0	0
8020	71	81.3577	78.2762	2.44901	2.43582	0	0	0	0	0	0	0	0
8020	72	80.1059	83.2433	2.4916	2.45591	0	0	0	0	0	0	0	0
8020	73	80.77	79.4555	2.67074	2.69217	0	0	0	0	0	0	0	0
8020	74	82.3502	84.3416	2.79318	2.74193	0	0	0	0	0	0	0	0
8020	75	80.2971	78.3639	3.00102	3.03808	0	0	0	0	0	0	0	0
8020	76	82.6041	78.9789	2.80453	2.85038	0	0	0	0	0	0	0	0
8020	77	82.159	84.4339	2.63741	2.57561	0	0	0	0	0	0	0	0
8020	78	83.6437	79.2755	3.00604	3.04581	0	0	0	0	0	0	0	0
8020	79	83.0024	79.2066	2.90211	2.9364	0	0	0	0	0	0	0	0
8020	80	71.8043	69.277	3.84811	3.92048	0	0	0	0	0	0	0	0
8020	81	68.8106	69.8227	3.41095	3.39579	0	0	0	0	0	0	0	0
8020	82	74.0286	76.2672	3.21361	3.27012	0	0	0	0	0	0	0	0
8020	83	75.5823	75.1304	2.79131	2.76642	0	0	0	0	0	0	0	0
8020	84	78.4068	80.8432	2.84585	2.8728	0	0	0	0	0	0	0	0
8020	85	71.7916	77.6483	2.62998	2.60472	0	0	0	0	0	0	0	0
8020	86	73.1841	74.6755	2.61533	2.61029	0	0	0	0	0	0	0	0
8020	87	69.7546	66.6072	2.65418	2.62964	0	0	0	0	0	0	0	0
8020	88	71.1713	72.6974	2.64272	2.65025	0	0	0	0	0	0	0	0
8020	89	73.7629	74.9906	2.7772	2.77078	0	0	0	0	0	0	0	0
8020	90	72.2877	76.6146	2.71884	2.70779	0	0	0	0	0	0	0	0
8020	91	68.0007	68.8839	2.97487	2.95616	0	0	0	0	0	0	0	0
8020	92	67.6557	70.8625	2.79075	2.79039	0	0	0	0	0	0	0	0
8020	93	75.1643	73.6067	3.13851	3.18251	0	0	0	0	0	0	0	0
8020	94	72.4924	74.4456	2.99635	3.00262	0	0	0	0	0	0	0	0
8020	95	68.4997	69.3525	3.31032	3.31116	0	0	0	0	0	0	0	0
8020	96	68.4968	74.2485	2.30973	2.30003	0	0	0	0	0	0	0	0
8020	97	74.4575	71.2683	2.34304	2.40807	0	0	0	0	0	0	0	0
8020	98	76.6933	73.7664	2.37966	2.41216	0	0	0	0	0	0	0	0
8020	99	68.1439	73.5146	2.25535	2.26307	0	0	0	0	0	0	0	0
8020	100	69.3663	71.0561	2.38922	2.4145	0	0	0	0	0	0	0	0
8020	101	69.6467	72.3284	2.26233	2.28642	0	0	0	0	0	0	0	0
8020	102	71.8384	68.3422	2.3335	2.38875	0	0	0	0	0	0	0	0
8020	103	71.4964	76.5185	2.25276	2.27174	0	0	0	0	0	0	0	0
8020	104	67.5205	75.5349	2.65543	2.61591	0	0	0	0	0	0	0	0
8020	105	70.4376	68.5692	2.22882	2.28918	0	0	0	0	0	0	0	0
8020	106	68.0808	67.555	2.27418	2.30337	0	0	0	0	0	0	0	0
8020	107	66.8007	71.3995	2.28188	2.26889	0	0	0	0	0	0	0	0
8020	108	70.4416	67.5949	2.41148	2.4482	0	0	0	0	0	0	0	0
8020	109	71.4586	72.3056	2.37729	2.37442	0	0	0	0	0	0	0	0
8020	110	69.3394	73.199	2.34349	2.34868	0	0	0	0	0	0	0	0
8020	111	64.9172	68.3502	2.30878	2.31498	0	0	0	0	0	0	0	0
8020	112	80.883	77.7616	2.78915	2.7616	0	0	0	0	0	0	0	0
8020	113	76.1842	84.9925	2.81086	2.76702	0	0	0	0	0	0	0	0
8020	114	74.6829	78.506	2.80093	2.78695	0	0	0	0	0	0	0	0
8020	115	81.5121	82.2631	2.73323	2.73424	0	0	0	0	0	0	0	0
8020	116	81.9391	79.9251	2.79574	2.81827	0	0	0	0	0	0	0	0
8020	117	78.2377	74.9377	2.85694	2.9081	0	0	0	0	0	0	0	0
8020	118	73.368	76.5709	2.85998	2.86499	0	0	0	0	0	0	0	0
8020	119	80.0436	74.7813	2.83644	2.83728	0	0	0	0	0	0	0	0
8020	120	82.1474	80.2968	2.75094	2.77293	0	0	0	0	0	0	0	0
8020	121	78.0076	77.275	2.79762	2.77995	0	0	0	0	0	0	0	0
8020	122	77.7897	79.4682	2.82169	2.84358	0	0	0	0	0	0	0	0
8020	123	82.8192	79.124	2.88862	2.92307	0	0	0	0	0	0	0	0
8020	124	83.2488	78.2509	2.73538	2.77379	0	0	0	0	0	0	0	0
8020	125	76.8357	74.1949	2.92732	2.93898	0	0	0	0	0	0	0	0
8020	126	78.6188	83.0491	2.72781	2.69321	0	0	0	0	0	0	0	0
8020	127	80.4849	83.6464	2.86069	2.80151	0	0	0	0	0	0	0	0
8063	0	78.1088	77.2736	2.81647	2.82326	0	0	0	0	0	0	0	0
8063	1	85.4987	82.0993	2.41981	2.45009	0	0	0	0	0	0	0	0
8063	2	81.1301	77.6654	2.48124	2.51811	0	0	0	0	0	0	0	0
8063	3	76.9869	77.4938	2.71208	2.72251	0	0	0	0	0	0	0	0
8063	4	76.8316	84.1749	2.55093	2.47156	0	0	0	0	0	0	0	0
8063	5	82.2428	74.7973	2.43717	2.51238	0	0	0	0	0	0	0	0
8063	6	81.0546	85.738	2.42316	2.37306	0	0	0	0	0	0	0	0
8063	7	76.3484	78.3733	2.42082	2.40225	0	0	0	0	0	0	0	0
8063	8	87.4834	76.1629	2.53335	2.5947	0	0	0	0	0	0	0	0
8063	9	81.9818	83.482	2.4147	2.37558	0	0	0	0	0	0	0	0
8063	10	76.4231	88.5002	2.51605	2.52109	0	0	0	0	0	0	0	0
8063	11	82.3193	82.5333	2.43116	2.42504	0	0	0	0	0	0	0	0
8063	12	86.2707	82.6313	2.59437	2.596	0	0	0	0	0	0	0	0
8063	13	76.1455	83.1541	2.49271	2.45068	0	0	0	0	0	0	0	0
8063	14	84.1839	80.9636	2.46654	2.54578	0	0	0	0	0	0	0	0
8063	15	85.6215	75.9476	2.42391	2.50475	0	0	0	0	0	0	0	0
8063	16	65.3185	71.4506	2.48639	2.44983	0	0	0	0	0	0	0	0
8063	17	69.2335	73.7667	2.5809	2.55244	0	0	0	0	0	0	0	0
8063	18	68.4006	69.9258	2.82505	2.82295	0	0	0	0	0	0	0	0
8063	19	68.7534	66.3159	2.67877	2.67953	0	0	0	0	0	0	0	0
8063	20	69.9169	67.775	2.67852	2.71237	0	0	0	0	0	0	0	0
8063	21	70.6279	65.8902	2.51415	2.55387	0	0	0	0	0	0	0	0
8063	22	64.4761	75.999	3.01977	3.00685	0	0	0	0	0	0	0	0
8063	23	72.6785	70.9021	2.58733	2.61195	0	0	0	0	0	0	0	0
8063	24	70.8006	68.1017	2.41697	2.4505	0	0	0	0	0	0	0	0
8063	25	68.3864	61.7616	2.49754	2.48015	0	0	0	0	0	0	0	0
8063	26	63.6048	66.2174	2.63834	2.60516	0	0	0	0	0	0	0	0
8063	27	66.8892	67.3518	2.99969	2.95126	0	0	0	0	0	0	0	0
8063	28	69.8308	64.8858	2.67373	2.70167	0	0	0	0	0	0	0	0
8063	29	66.6448	68.6239	2.69773	2.70873	0	0	0	0	0	0	0	0
8063	30	72.6324	67.8982	2.64304	2.69168	0	0	0	0	0	0	0	0
8063	31	72.3581	75.1687	2.62079	2.65527	0	0	0	0	0	0	0	0
8063	32	62.4789	65.4815	2.87066	2.87047	0	0	0	0	0	0	0	0
8063	33	65.0257	71.3511	2.64048	2.61289	0	0	0	0	0	0	0	0
8063	34	62.266	68.5474	2.78069	2.74631	0	0	0	0	0	0	0	0
8063	35	67.2651	75.2293	2.5832	2.61308	0	0	0	0	0	0	0	0
8063	36	67.3578	69.3142	2.75479	2.74433	0	0	0	0	0	0	0	0
8063	37	66.3375	67.9134	2.5835	2.5933	0	0	0	0	0	0	0	0
8063	38	69.1927	73.7703	2.57547	2.57365	0	0	0	0	0	0	0	0
8063	39	60.5503	67.2597	2.56568	2.56265	0	0	0	0	0	0	0	0
8063	40	67.0656	73.7039	2.61204	2.60703	0	0	0	0	0	0	0	0
8063	41	67.242	70.7276	2.66463	2.66648	0	0	0	0	0	0	0	0
8063	42	69.3879	66.0455	2.74844	2.78181	0	0	0	0	0	0	0	0
8063	43	62.8669	65.8385	2.5556	2.55443	0	0	0	0	0	0	0	0
8063	44	61.566	62.1578	2.79798	2.78384	0	0	0	0	0	0	0	0
8063	45	66.4593	63.8301	2.47385	2.49122	0	0	0	0	0	0	0	0
8063	46	69.4209	65.6471	2.55737	2.58518	0	0	0	0	0	0	0	0
8063	47	64.142	63.0705	2.60695	2.61531	0	0	0	0	0	0	0	0
8063	48	76.4754	74.1093	2.42164	2.4075	0	0	0	0	0	0	0	0
8063	49	78.8276	71.6442	2.58644	2.55997	0	0	0	0	0	0	0	0
8063	50	75.3865	76.4087	2.37965	2.3629	0	0	0	0	0	0	0	0
8063	51	74.569	75.2316	2.57798	2.5453	0	0	0	0	0	0	0	0
8063	52	80.2203	77.6602	2.3532	2.38227	0	0	0	0	0	0	0	0
8063	53	78.6355	77.0641	2.59925	2.55159	0	0	0	0	0	0	0	0
8063	54	80.3986	74.8786	2.31742	2.34555	0	0	0	0	0	0	0	0
8063	55	78.5197	70.6446	2.40068	2.39216	0	0	0	0	0	0	0	0
8063	56	80.9768	71.2182	2.39308	2.42572	0	0	0	0	0	0	0	0
8063	57	81.1031	72.8081	2.41972	2.42259	0	0	0	0	0	0	0	0
8063	58	74.6418	75.4023	2.46686	2.46017	0	0	0	0	0	0	0	0
8063	59	78.0203	68.3399	2.56209	2.52418	0	0	0	0	0	0	0	0
8063	60	75.5646	73.9943	2.56742	2.55038	0	0	0	0	0	0	0	0
8063	61	75.9041	78.7229	3.18731	3.15002	0	0	0	0	0	0	0	0
8063	62	80.8639	74.7988	2.69255	2.73522	0	0	0	0	0	0	0	0
8063	63	69.5974	67.9629	2.75773	2.73729	0	0	0	0	0	0	0	0
8063	64	73.8015	73.2635	2.579	2.59343	0	0	0	0	0	0	0	0
8063	65	79.0749	67.5811	2.56594	2.59593	0	0	0	0	0	0	0	0
8063	66	73.2317	69.0505	2.70306	2.69025	0	0	0	0	0	0	0	0
8063	67	69.6759	77.5974	2.8464	2.80325	0	0	0	0	0	0	0	0
8063	68	76.2735	78.0422	2.43692	2.47255	0	0	0	0	0	0	0	0
8063	69	67.7883	68.9723	2.6102	2.60527	0	0	0	0	0	0	0	0
8063	70	66.3971	66.4412	2.49796	2.51058	0	0	0	0	0	0	0	0
8063	71	73.2713	74.0463	2.59211	2.5908	0	0	0	0	0	0	0	0
8063	72	73.8468	66.5539	2.86498	2.86015	0	0	0	0	0	0	0	0
8063	73	72.1467	73.4126	2.56172	2.56862	0	0	0	0	0	0	0	0
8063	74	72.3555	71.775	2.67573	2.62922	0	0	0	0	0	0	0	0
8063	75	71.6057	74.346	2.68419	2.63336	0	0	0	0	0	0	0	0
8063	76	76.1162	70.1589	2.60377	2.58385	0	0	0	0	0	0	0	0
8063	77	72.2821	67.829	2.98698	2.95035	0	0	0	0	0	0	0	0
8063	78	71.5362	69.2962	2.89412	2.87699	0	0	0	0	0	0	0	0
8063	79	70.7785	71.7445	2.73927	2.75457	0	0	0	0	0	0	0	0
8063	80	64.9798	58.4792	4.60689	4.60065	0	0	0	0	0	0	0	0
8063	81	62.6434	65.2991	4.09727	4.07941	0	0	0	0	0	0	0	0
8063	82	58.6351	59.3788	3.34118	3.38266	0	0	0	0	0	0	0	0
8063	83	53.3519	59.9021	3.10095	3.06274	0	0	0	0	0	0	0	0
8063	84	62.0787	59.7526	3.78073	3.78979	0	0	0	0	0	0	0	0
8063	85	64.6043	62.8694	3.13597	3.10239	0	0	0	0	0	0	0	0
8063	86	59.063	58.5624	4.12966	4.12477	0	0	0	0	0	0	0	0
8063	87	62.6182	58.9706	2.90783	2.93873	0	0	0	0	0	0	0	0
8063	88	50.6449	51.7817	2.9172	2.90692	0	0	0	0	0	0	0	0
8063	89	56.7049	59.0126	2.56031	2.55059	0	0	0	0	0	0	0	0
8063	90	56.1736	57.9329	2.61057	2.6133	0	0	0	0	0	0	0	0
8063	91	58.558	63.6921	2.99525	2.95325	0	0	0	0	0	0	0	0
8063	92	66.6283	56.982	2.8816	2.9044	0	0	0	0	0	0	0	0
8063	93	60.9586	63.3278	2.64302	2.65002	0	0	0	0	0	0	0	0
8063	94	56.3677	55.0534	2.78189	2.79152	0	0	0	0	0	0	0	0
8063	95	54.6964	58.7602	2.95063	2.93499	0	0	0	0	0	0	0	0
8063	96	71.6011	74.787	2.25906	2.23396	0	0	0	0	0	0	0	0
8063	97	77.1192	77.2662	2.21631	2.21276	0	0	0	0	0	0	0	0
8063	98	79.8212	79.5538	2.24094	2.23585	0	0	0	0	0	0	0	0
8063	99	76.4189	80.7278	2.28216	2.28261	0	0	0	0	0	0	0	0
8063	100	72.6982	78.4535	2.23057	2.20995	0	0	0	0	0	0	0	0
8063	101	73.9218	73.6045	2.24264	2.22585	0	0	0	0	0	0	0	0
8063	102	77.4469	88.8238	2.20807	2.24651	0	0	0	0	0	0	0	0
8063	103	78.1568	82.7632	2.22377	2.22906	0	0	0	0	0	0	0	0
8063	104	79.0764	82.7521	2.20666	2.20484	0	0	0	0	0	0	0	0
8063	105	76.8837	75.265	2.28219	2.27637	0	0	0	0	0	0	0	0
8063	106	77.0897	78.4274	2.24125	2.24793	0	0	0	0	0	0	0	0
8063	107	72.3869	74.696	2.26518	2.25395	0	0	0	0	0	0	0	0
8063	108	76.6512	75.3633	2.22932	2.24599	0	0	0	0	0	0	0	0
8063	109	75.8703	72.668	2.23184	2.2509	0	0	0	0	0	0	0	0
8063	110	80.2519	82.5826	2.20247	2.22897	0	0	0	0	0	0	0	0
8063	111	73.5197	75.1928	2.23574	2.2271	0	0	0	0	0	0	0	0
8063	112	61.9293	64.0759	2.34116	2.3153	0	0	0	0	0	0	0	0
8063	113	65.9909	61.5834	2.25023	2.28468	0	0	0	0	0	0	0	0
8063	114	68.9506	67.1566	2.28274	2.27954	0	0	0	0	0	0	0	0
8063	115	60.22	61.5359	2.2704	2.26563	0	0	0	0	0	0	0	0
8063	116	69.9929	66.3689	2.33122	2.33217	0	0	0	0	0	0	0	0
8063	117	63.4208	64.8695	2.22913	2.22011	0	0	0	0	0	0	0	0
8063	118	58.4873	62.5002	2.29036	2.29497	0	0	0	0	0	0	0	0
8063	119	65.4092	66.0368	2.21023	2.25967	0	0	0	0	0	0	0	0
8063	120	72.9947	68.9553	2.33467	2.31497	0	0	0	0	0	0	0	0
8063	121	64.0587	63.3077	2.33781	2.34223	0	0	0	0	0	0	0	0
8063	122	62.7129	64.7759	2.38792	2.37099	0	0	0	0	0	0	0	0
8063	123	58.032	64.775	2.29461	2.2931	0	0	0	0	0	0	0	0
8063	124	63.9826	67.1967	2.35171	2.34565	0	0	0	0	0	0	0	0
8063	125	64.2167	65.9754	2.32248	2.31132	0	0	0	0	0	0	0	0
8063	126	62.7971	65.6074	2.34328	2.31155	0	0	0	0	0	0	0	0
8063	127	63.3519	62.9073	2.3265	2.32591	0	0	0	0	0	0	0	0
8043	0	55.7444	56.6173	2.29372	2.28642	0	0	0	0	0	0	0	0
8043	1	53.2189	50.7868	2.67314	2.67329	0	0	0	0	0	0	0	0
8043	2	61.174	55.5186	2.64506	2.65236	0	0	0	0	0	0	0	0
8043	3	61.9146	58.3593	2.58523	2.58584	0	0	0	0	0	0	0	0
8043	4	59.4274	63.2	4.18463	4.13856	0	0	0	0	0	0	0	0
8043	5	65.5418	57.5668	3.7212	3.76674	0	0	0	0	0	0	0	0
8043	6	60.7665	57.4491	2.70148	2.71117	0	0	0	0	0	0	0	0
8043	7	60.8498	59.0039	2.41651	2.41064	0	0	0	0	0	0	0	0
8043	8	61.1861	60.5164	2.49306	2.4774	0	0	0	0	0	0	0	0
8043	9	56.3977	56.681	1.94527	1.96409	0	0	0	0	0	0	0	0
8043	10	58.4838	59.3543	2.50671	2.51518	0	0	0	0	0	0	0	0
8043	11	58.5644	59.6689	3.15212	3.13259	0	0	0	0	0	0	0	0
8043	12	58.3659	59.8009	3.96618	3.92407	0	0	0	0	0	0	0	0
8043	13	56.7974	56.3188	3.13341	3.11377	0	0	0	0	0	0	0	0
8043	14	60.3898	65.9287	2.70787	2.66756	0	0	0	0	0	0	0	0
8043	15	59.3572	60.7414	2.81504	2.8331	0	0	0	0	0	0	0	0
8043	16	77.2579	75.1597	2.68889	2.68921	0	0	0	0	0	0	0	0
8043	17	68.2871	64.9986	2.70031	2.75241	0	0	0	0	0	0	0	0
8043	18	79.5103	67.1999	2.49672	2.50903	0	0	0	0	0	0	0	0
8043	19	67.7911	73.2134	2.98697	2.96202	0	0	0	0	0	0	0	0
8043	20	72.3568	77.6227	2.48489	2.48244	0	0	0	0	0	0	0	0
8043	21	66.3369	71.2138	2.61691	2.63655	0	0	0	0	0	0	0	0
8043	22	72.5017	65.4566	2.69258	2.71457	0	0	0	0	0	0	0	0
8043	23	74.4856	68.6182	2.49741	2.50505	0	0	0	0	0	0	0	0
8043	24	77.5666	71.005	2.55877	2.55268	0	0	0	0	0	0	0	0
8043	25	67.2314	75.4635	2.59621	2.59521	0	0	0	0	0	0	0	0
8043	26	78.019	79.1472	2.60204	2.60906	0	0	0	0	0	0	0	0
8043	27	67.0377	71.1538	2.53126	2.50956	0	0	0	0	0	0	0	0
8043	28	76.0413	74.2304	2.56466	2.53711	0	0	0	0	0	0	0	0
8043	29	66.138	66.6069	2.93093	2.95087	0	0	0	0	0	0	0	0
8043	30	73.5752	71.8159	2.71664	2.71077	0	0	0	0	0	0	0	0
8043	31	78.5463	68.2911	2.55346	2.57568	0	0	0	0	0	0	0	0
8043	32	56.6755	60.4643	2.84422	2.83287	0	0	0	0	0	0	0	0
8043	33	59.1748	55.4162	2.9527	2.99466	0	0	0	0	0	0	0	0
8043	34	55.7176	52.2469	2.77518	2.82353	0	0	0	0	0	0	0	0
8043	35	60.9866	58.5681	2.63779	2.68144	0	0	0	0	0	0	0	0
8043	36	51.6688	54.3015	2.67012	2.6852	0	0	0	0	0	0	0	0
8043	37	58.1795	56.7763	2.5939	2.62111	0	0	0	0	0	0	0	0
8043	38	61.1714	61.713	2.66912	2.66807	0	0	0	0	0	0	0	0
8043	39	50.0496	63.1157	2.54375	2.54785	0	0	0	0	0	0	0	0
8043	40	61.4114	60.6591	2.57771	2.60621	0	0	0	0	0	0	0	0
8043	41	58.748	57.6954	2.79059	2.81455	0	0	0	0	0	0	0	0
8043	42	55.3677	56.4928	2.6543	2.6897	0	0	0	0	0	0	0	0
8043	43	55.2261	58.5293	2.47989	2.50783	0	0	0	0	0	0	0	0
8043	44	57.3576	59.3544	2.77636	2.79043	0	0	0	0	0	0	0	0
8043	45	60.3302	55.4092	2.49371	2.54629	0	0	0	0	0	0	0	0
8043	46	51.3113	60.1974	2.70457	2.66297	0	0	0	0	0	0	0	0
8043	47	51.6011	53.1881	2.53864	2.54641	0	0	0	0	0	0	0	0
8043	48	71.1541	63.1505	2.32872	2.36003	0	0	0	0	0	0	0	0
8043	49	69.1209	63.8486	2.35552	2.39368	0	0	0	0	0	0	0	0
8043	50	73.1878	67.1919	2.42426	2.3879	0	0	0	0	0	0	0	0
8043	51	65.4701	67.222	2.53975	2.53947	0	0	0	0	0	0	0	0
8043	52	64.6235	60.322	2.40871	2.44617	0	0	0	0	0	0	0	0
8043	53	71.3006	65.788	2.43365	2.46287	0	0	0	0	0	0	0	0
8043	54	65.4241	64.9123	2.63913	2.65453	0	0	0	0	0	0	0	0
8043	55	66.3837	64.7809	2.33575	2.35185	0	0	0	0	0	0	0	0
8043	56	76.0575	72.3415	2.32164	2.26896	0	0	0	0	0	0	0	0
8043	57	65.6514	60.705	2.48896	2.52059	0	0	0	0	0	0	0	0
8043	58	63.0616	65.8522	2.47583	2.42978	0	0	0	0	0	0	0	0
8043	59	62.5217	64.2821	2.73722	2.68625	0	0	0	0	0	0	0	0
8043	60	61.7619	63.2525	2.59464	2.57186	0	0	0	0	0	0	0	0
8043	61	68.7454	68.237	2.71804	2.71398	0	0	0	0	0	0	0	0
8043	62	70.3877	70.782	2.61587	2.58085	0	0	0	0	0	0	0	0
8043	63	68.0127	59.0286	2.68815	2.7382	0	0	0	0	0	0	0	0
8043	64	72.6012	71.586	2.2237	2.21366	0	0	0	0	0	0	0	0
8043	65	77.1475	75.5792	2.24603	2.24304	0	0	0	0	0	0	0	0
8043	66	85.9751	78.1205	2.31681	2.34384	0	0	0	0	0	0	0	0
8043	67	79.053	81.5565	2.33674	2.30321	0	0	0	0	0	0	0	0
8043	68	75.8199	78.5386	2.45427	2.43386	0	0	0	0	0	0	0	0
8043	69	79.4187	79.0325	2.36195	2.33726	0	0	0	0	0	0	0	0
8043	70	75.7613	77.8749	2.43913	2.44719	0	0	0	0	0	0	0	0
8043	71	76.952	77.343	2.43081	2.42407	0	0	0	0	0	0	0	0
8043	72	79.7119	73.957	2.71279	2.72714	0	0	0	0	0	0	0	0
8043	73	73.7738	77.9792	2.98107	2.9629	0	0	0	0	0	0	0	0
8043	74	83.6996	81.6303	2.34925	2.3442	0	0	0	0	0	0	0	0
8043	75	81.9736	80.9932	2.33588	2.32085	0	0	0	0	0	0	0	0
8043	76	81.4865	80.0997	2.69563	2.66424	0	0	0	0	0	0	0	0
8043	77	83.1054	79.9986	2.43946	2.45141	0	0	0	0	0	0	0	0
8043	78	75.7065	75.8079	2.42052	2.37774	0	0	0	0	0	0	0	0
8043	79	72.8228	81.2678	2.52327	2.52212	0	0	0	0	0	0	0	0
8043	80	87.4039	84.1167	4.043	4.06439	0	0	0	0	0	0	0	0
8043	81	83.1673	80.8908	4.08829	4.10732	0	0	0	0	0	0	0	0
8043	82	81.8012	84.1296	3.60985	3.62262	0	0	0	0	0	0	0	0
8043	83	81.2229	83.6951	2.8451	2.80646	0	0	0	0	0	0	0	0
8043	84	82.298	86.8909	2.82451	2.76765	0	0	0	0	0	0	0	0
8043	85	79.4722	82.9254	2.74063	2.73287	0	0	0	0	0	0	0	0
8043	86	83.96	82.2802	2.49748	2.49001	0	0	0	0	0	0	0	0
8043	87	80.264	80.1926	3.23744	3.25879	0	0	0	0	0	0	0	0
8043	88	78.4037	81.9973	2.68388	2.6695	0	0	0	0	0	0	0	0
8043	89	78.8131	78.2532	2.62651	2.65111	0	0	0	0	0	0	0	0
8043	90	82.1711	81.1413	2.79444	2.80632	0	0	0	0	0	0	0	0
8043	91	81.609	80.9541	2.77248	2.79717	0	0	0	0	0	0	0	0
8043	92	78.6724	77.4541	2.78441	2.76475	0	0	0	0	0	0	0	0
8043	93	83.0501	84.1602	3.25808	3.2403	0	0	0	0	0	0	0	0
8043	94	73.5817	72.8782	2.75959	2.73827	0	0	0	0	0	0	0	0
8043	95	76.1711	80.93	2.98518	2.97577	0	0	0	0	0	0	0	0
8043	96	74.3254	74.4248	2.20198	2.18687	0	0	0	0	0	0	0	0
8043	97	71.2259	72.0042	2.16436	2.19647	0	0	0	0	0	0	0	0
8043	98	78.3466	76.1556	2.16375	2.19487	0	0	0	0	0	0	0	0
8043	99	76.882	73.6357	2.17193	2.20056	0	0	0	0	0	0	0	0
8043	100	71.9429	77.7228	2.19006	2.15185	0	0	0	0	0	0	0	0
8043	101	76.8622	72.6056	2.27056	2.2969	0	0	0	0	0	0	0	0
8043	102	74.5916	77.9687	2.26587	2.22371	0	0	0	0	0	0	0	0
8043	103	77.5705	82.705	2.1923	2.23735	0	0	0	0	0	0	0	0
8043	104	73.2796	70.463	2.1343	2.13385	0	0	0	0	0	0	0	0
8043	105	75.0385	76.5292	2.17129	2.1605	0	0	0	0	0	0	0	0
8043	106	73.688	76.5488	2.27689	2.26727	0	0	0	0	0	0	0	0
8043	107	73.6625	73.0455	2.21984	2.21107	0	0	0	0	0	0	0	0
8043	108	74.5207	72.1697	2.22007	2.23801	0	0	0	0	0	0	0	0
8043	109	81.1251	78.8429	2.19497	2.18887	0	0	0	0	0	0	0	0
8043	110	79.3675	75.5526	2.15158	2.16659	0	0	0	0	0	0	0	0
8043	111	71.4187	71.3458	2.21664	2.22335	0	0	0	0	0	0	0	0
8043	112	55.5476	51.9797	2.7913	2.85568	0	0	0	0	0	0	0	0
8043	113	61.1641	60.1587	2.41531	2.41933	0	0	0	0	0	0	0	0
8043	114	53.2556	52.7102	2.49709	2.53338	0	0	0	0	0	0	0	0
8043	115	57.4843	65.6311	2.56614	2.55813	0	0	0	0	0	0	0	0
8043	116	57.8747	59.3649	2.40365	2.45175	0	0	0	0	0	0	0	0
8043	117	49.2687	57.4208	2.38257	2.35857	0	0	0	0	0	0	0	0
8043	118	60.4927	57.4713	2.32204	2.3262	0	0	0	0	0	0	0	0
8043	119	52.6514	55.7224	2.38802	2.36194	0	0	0	0	0	0	0	0
8043	120	59.5048	56.6043	2.38869	2.39938	0	0	0	0	0	0	0	0
8043	121	58.9202	53.4573	2.36397	2.42307	0	0	0	0	0	0	0	0
8043	122	59.5192	58.6695	2.37008	2.39753	0	0	0	0	0	0	0	0
8043	123	57.3216	55.0796	2.38142	2.39032	0	0	0	0	0	0	0	0
8043	124	58.805	57.4729	2.40954	2.43226	0	0	0	0	0	0	0	0
8043	125	63.4707	57.8211	2.44359	2.45994	0	0	0	0	0	0	0	0
8043	126	56.8139	50.5627	2.44519	2.48677	0	0	0	0	0	0	0	0
8043	127	54.6897	57.5407	2.50387	2.513	0	0	0	0	0	0	0	0
8110	0	65.1773	71.2926	2.24154	2.22934	0	0	0	0	0	0	0	0
8110	1	65.5227	69.406	2.2509	2.23333	0	0	0	0	0	0	0	0
8110	2	71.2774	68.6869	2.22398	2.25153	0	0	0	0	0	0	0	0
8110	3	68.2177	72.1365	2.22993	2.21068	0	0	0	0	0	0	0	0
8110	4	71.5257	70.9605	2.18911	2.20781	0	0	0	0	0	0	0	0
8110	5	75.4106	74.2383	2.17077	2.16311	0	0	0	0	0	0	0	0
8110	6	73.0553	73.8406	2.69951	2.69312	0	0	0	0	0	0	0	0
8110	7	68.3123	70.1937	2.13966	2.15826	0	0	0	0	0	0	0	0
8110	8	73.1315	73.5631	2.31132	2.28507	0	0	0	0	0	0	0	0
8110	9	72.3713	70.8131	2.12772	2.15008	0	0	0	0	0	0	0	0
8110	10	68.7532	74.1496	2.25645	2.25683	0	0	0	0	0	0	0	0
8110	11	67.1781	66.5503	3.09587	3.10639	0	0	0	0	0	0	0	0
8110	12	70.1247	72.7479	2.18424	2.19779	0	0	0	0	0	0	0	0
8110	13	64.7759	66.6482	2.19317	2.20461	0	0	0	0	0	0	0	0
8110	14	72.3389	74.7086	2.17456	2.16818	0	0	0	0	0	0	0	0
8110	15	70.6146	69.5071	2.17165	2.20278	0	0	0	0	0	0	0	0
8110	16	76.8165	66.8268	2.60255	2.64235	0	0	0	0	0	0	0	0
8110	17	66.8251	73.3379	3.90769	3.83732	0	0	0	0	0	0	0	0
8110	18	75.5852	74.4357	2.8686	2.90411	0	0	0	0	0	0	0	0
8110	19	71.9413	74.1784	2.58596	2.55187	0	0	0	0	0	0	0	0
8110	20	72.1301	75.8235	2.57087	2.58244	0	0	0	0	0	0	0	0
8110	21	79.4504	74.5958	3.58672	3.57882	0	0	0	0	0	0	0	0
8110	22	75.2555	78.6166	2.49926	2.52164	0	0	0	0	0	0	0	0
8110	23	69.843	68.0547	2.49268	2.50059	0	0	0	0	0	0	0	0
8110	24	78.4106	69.8601	2.67249	2.6725	0	0	0	0	0	0	0	0
8110	25	70.573	77.5759	3.54581	3.54295	0	0	0	0	0	0	0	0
8110	26	75.4232	67.6775	2.43612	2.49851	0	0	0	0	0	0	0	0
8110	27	67.2955	68.583	2.53532	2.55739	0	0	0	0	0	0	0	0
8110	28	69.675	68.0704	2.55631	2.56406	0	0	0	0	0	0	0	0
8110	29	71.4386	79.2908	2.76302	2.82682	0	0	0	0	0	0	0	0
8110	30	66.8295	66.1974	2.53996	2.58127	0	0	0	0	0	0	0	0
8110	31	72.184	71.7898	2.66904	2.70745	0	0	0	0	0	0	0	0
8110	32	55.6365	53.8621	2.68779	2.68007	0	0	0	0	0	0	0	0
8110	33	48.3532	51.0179	2.73886	2.74811	0	0	0	0	0	0	0	0
8110	34	51.0585	58.1732	2.68664	2.6462	0	0	0	0	0	0	0	0
8110	35	50.231	50.801	2.76619	2.76908	0	0	0	0	0	0	0	0
8110	36	54.7478	53.5063	2.78852	2.77192	0	0	0	0	0	0	0	0
8110	37	54.3192	55.3472	2.54648	2.52393	0	0	0	0	0	0	0	0
8110	38	52.1303	59.8912	3.9351	3.87412	0	0	0	0	0	0	0	0
8110	39	55.3844	46.7902	2.53334	2.55522	0	0	0	0	0	0	0	0
8110	40	47.8485	50.9659	2.6739	2.6478	0	0	0	0	0	0	0	0
8110	41	42.9301	49.4068	2.57335	2.61114	0	0	0	0	0	0	0	0
8110	42	48.2539	53.2913	2.64054	2.60605	0	0	0	0	0	0	0	0
8110	43	55.7579	56.7878	2.50536	2.52281	0	0	0	0	0	0	0	0
8110	44	49.4898	50.6877	2.79393	2.76803	0	0	0	0	0	0	0	0
8110	45	51.1843	55.4914	2.6591	2.62442	0	0	0	0	0	0	0	0
8110	46	49.4173	52.1403	2.57771	2.58693	0	0	0	0	0	0	0	0
8110	47	42.681	50.747	2.51794	2.56901	0	0	0	0	0	0	0	0
8110	48	76.0857	72.1629	2.37153	2.39619	0	0	0	0	0	0	0	0
8110	49	70.8454	71.0277	2.22568	2.23738	0	0	0	0	0	0	0	0
8110	50	75.7942	75.0116	2.32113	2.32324	0	0	0	0	0	0	0	0
8110	51	74.9894	75.1772	2.24667	2.25691	0	0	0	0	0	0	0	0
8110	52	72.9696	75.9763	2.29437	2.30199	0	0	0	0	0	0	0	0
8110	53	79.4724	76.9996	2.30978	2.31795	0	0	0	0	0	0	0	0
8110	54	78.4786	81.9972	2.30724	2.30203	0	0	0	0	0	0	0	0
8110	55	62.6123	66.755	2.31224	2.34538	0	0	0	0	0	0	0	0
8110	56	72.3009	67.5129	2.59004	2.58826	0	0	0	0	0	0	0	0
8110	57	82.2279	79.8594	2.37184	2.38054	0	0	0	0	0	0	0	0
8110	58	68.3287	66.1209	2.23983	2.25876	0	0	0	0	0	0	0	0
8110	59	68.2542	70.5391	2.60323	2.64121	0	0	0	0	0	0	0	0
8110	60	74.0899	77.7134	2.36937	2.36357	0	0	0	0	0	0	0	0
8110	61	67.3028	71.5368	2.50361	2.52794	0	0	0	0	0	0	0	0
8110	62	75.3007	71.92	2.92032	2.92572	0	0	0	0	0	0	0	0
8110	63	68.6898	75.3945	2.67133	2.66028	0	0	0	0	0	0	0	0
8110	64	76.8352	67.8711	2.67823	2.67109	0	0	0	0	0	0	0	0
8110	65	69.3143	71.8541	2.62687	2.61425	0	0	0	0	0	0	0	0
8110	66	76.351	74.3864	2.97026	2.95953	0	0	0	0	0	0	0	0
8110	67	68.8077	70.7975	2.46024	2.44734	0	0	0	0	0	0	0	0
8110	68	71.3578	70.1767	2.6673	2.70744	0	0	0	0	0	0	0	0
8110	69	67.7866	67.0988	2.46616	2.48575	0	0	0	0	0	0	0	0
8110	70	73.0935	73.7026	3.44423	3.46193	0	0	0	0	0	0	0	0
8110	71	66.0975	65.0848	2.88754	2.89849	0	0	0	0	0	0	0	0
8110	72	68.2419	65.6459	6.75945	6.80891	0	0	0	0	0	0	0	0
8110	73	64.1438	65.4112	3.58172	3.58886	0	0	0	0	0	0	0	0
8110	74	61.509	65.4698	2.42694	2.46267	0	0	0	0	0	0	0	0
8110	75	66.7382	69.1695	2.54832	2.56532	0	0	0	0	0	0	0	0
8110	76	74.6177	74.7898	2.4317	2.44943	0	0	0	0	0	0	0	0
8110	77	73.1789	69.1217	5.6447	5.62717	0	0	0	0	0	0	0	0
8110	78	75.0289	71.4261	2.62307	2.63481	0	0	0	0	0	0	0	0
8110	79	66.5374	69.3035	2.50194	2.51945	0	0	0	0	0	0	0	0
8110	80	75.3478	73.5281	4.1292	4.12777	0	0	0	0	0	0	0	0
8110	81	80.6842	77.2663	5.90203	5.82663	0	0	0	0	0	0	0	0
8110	82	70.861	70.0579	3.72284	3.66231	0	0	0	0	0	0	0	0
8110	83	72.1818	70.4096	3.04237	3.03344	0	0	0	0	0	0	0	0
8110	84	78.137	72.3246	2.7506	2.8014	0	0	0	0	0	0	0	0
8110	85	75.6766	72.2313	2.47267	2.51899	0	0	0	0	0	0	0	0
8110	86	76.4884	78.3617	2.53882	2.52976	0	0	0	0	0	0	0	0
8110	87	72.7549	73.3721	2.86865	2.86117	0	0	0	0	0	0	0	0
8110	88	72.7085	71.1792	2.42183	2.46253	0	0	0	0	0	0	0	0
8110	89	73.5585	75.7527	2.39408	2.38046	0	0	0	0	0	0	0	0
8110	90	68.9011	72.3179	3.08193	3.10761	0	0	0	0	0	0	0	0
8110	91	74.2967	74.461	3.32732	3.306	0	0	0	0	0	0	0	0
8110	92	75.9102	75.3204	2.44898	2.44084	0	0	0	0	0	0	0	0
8110	93	85.1762	74.9949	2.54309	2.52285	0	0	0	0	0	0	0	0
8110	94	75.7403	74.451	2.81338	2.8349	0	0	0	0	0	0	0	0
8110	95	75.942	77.1803	2.79447	2.78419	0	0	0	0	0	0	0	0
8110	96	84.2244	93.0738	2.54975	2.53398	0	0	0	0	0	0	0	0
8110	97	88.4136	92.2125	2.48727	2.50627	0	0	0	0	0	0	0	0
8110	98	84.7927	91.0271	2.53097	2.53071	0	0	0	0	0	0	0	0
8110	99	87.6953	87.0911	2.54703	2.52927	0	0	0	0	0	0	0	0
8110	100	85.4135	85.8541	2.5661	2.56447	0	0	0	0	0	0	0	0
8110	101	91.2943	92.6215	2.60065	2.59034	0	0	0	0	0	0	0	0
8110	102	87.1745	91.5118	2.53543	2.56924	0	0	0	0	0	0	0	0
8110	103	82.9716	85.7257	2.50753	2.48382	0	0	0	0	0	0	0	0
8110	104	85.2019	90.3553	2.58164	2.59726	0	0	0	0	0	0	0	0
8110	105	92.8499	87.4724	2.55726	2.51677	0	0	0	0	0	0	0	0
8110	106	85.4195	89.7706	2.55306	2.54827	0	0	0	0	0	0	0	0
8110	107	87.9176	85.6598	2.57369	2.55751	0	0	0	0	0	0	0	0
8110	108	87.6097	86.3115	2.62417	2.62116	0	0	0	0	0	0	0	0
8110	109	86.4453	89.7552	2.64395	2.63359	0	0	0	0	0	0	0	0
8110	110	85.3727	85.9864	2.67929	2.68156	0	0	0	0	0	0	0	0
8110	111	81.5746	84.6827	2.60697	2.59028	0	0	0	0	0	0	0	0
8110	112	76.4751	78.7274	2.34859	2.33877	0	0	0	0	0	0	0	0
8110	113	77.8	76.7651	2.3227	2.36943	0	0	0	0	0	0	0	0
8110	114	73.282	76.3039	2.32777	2.3664	0	0	0	0	0	0	0	0
8110	115	78.3801	75.4796	2.3074	2.31566	0	0	0	0	0	0	0	0
8110	116	71.3617	69.4414	2.34051	2.33593	0	0	0	0	0	0	0	0
8110	117	75.211	72.7068	2.30264	2.32866	0	0	0	0	0	0	0	0
8110	118	79.8562	78.5138	2.26476	2.25548	0	0	0	0	0	0	0	0
8110	119	75.167	74.6747	2.26734	2.29114	0	0	0	0	0	0	0	0
8110	120	72.7571	75.4099	2.32964	2.33924	0	0	0	0	0	0	0	0
8110	121	77.4425	72.6711	2.39374	2.41371	0	0	0	0	0	0	0	0
8110	122	76.5389	77.8372	2.33268	2.33943	0	0	0	0	0	0	0	0
8110	123	73.8081	75.3227	2.32104	2.31215	0	0	0	0	0	0	0	0
8110	124	74.01	75.3725	2.36277	2.36515	0	0	0	0	0	0	0	0
8110	125	69.3287	77.6078	2.33535	2.3167	0	0	0	0	0	0	0	0
8110	126	73.59	75.6202	2.34598	2.35102	0	0	0	0	0	0	0	0
8110	127	74.763	74.7958	2.30074	2.30308	0	0	0	0	0	0	0	0
8027	0	55.8269	59.8053	2.4933	2.54059	0	0	0	0	0	0	0	0
8027	1	66.8972	66.5558	2.27787	2.26563	0	0	0	0	0	0	0	0
8027	2	60.2048	59.4412	2.80196	2.82317	0	0	0	0	0	0	0	0
8027	3	67.8297	64.3362	2.30506	2.32018	0	0	0	0	0	0	0	0
8027	4	65.0785	63.4406	2.41961	2.44698	0	0	0	0	0	0	0	0
8027	5	57.4599	58.2171	2.30919	2.32275	0	0	0	0	0	0	0	0
8027	6	63.3389	68.9319	2.31859	2.30253	0	0	0	0	0	0	0	0
8027	7	62.1285	54.9613	2.64797	2.64377	0	0	0	0	0	0	0	0
8027	8	60.2713	64.0219	2.62138	2.61405	0	0	0	0	0	0	0	0
8027	9	55.4896	59.874	2.72388	2.72615	0	0	0	0	0	0	0	0
8027	10	70.7235	67.9814	2.4968	2.46604	0	0	0	0	0	0	0	0
8027	11	63.3311	61.6235	2.33656	2.36551	0	0	0	0	0	0	0	0
8027	12	64.1239	60.0867	2.43382	2.47165	0	0	0	0	0	0	0	0
8027	13	68.2101	64.636	2.34684	2.318	0	0	0	0	0	0	0	0
8027	14	57.5617	61.8597	2.49266	2.49138	0	0	0	0	0	0	0	0
8027	15	58.8657	61.4242	2.31482	2.31683	0	0	0	0	0	0	0	0
8027	16	75.1539	75.1726	5.10589	5.10122	0	0	0	0	0	0	0	0
8027	17	77.8109	76.5839	3.20873	3.20026	0	0	0	0	0	0	0	0
8027	18	73.7579	73.0711	3.06839	3.06589	0	0	0	0	0	0	0	0
8027	19	66.2351	72.467	3.09085	3.10581	0	0	0	0	0	0	0	0
8027	20	67.8741	74.6938	2.98525	2.99209	0	0	0	0	0	0	0	0
8027	21	76.2803	68.9131	3.2941	3.3219	0	0	0	0	0	0	0	0
8027	22	73.2149	68.8656	3.06045	3.12435	0	0	0	0	0	0	0	0
8027	23	73.8512	69.6219	2.99064	3.04012	0	0	0	0	0	0	0	0
8027	24	75.5526	70.1798	2.94613	2.95613	0	0	0	0	0	0	0	0
8027	25	64.7693	64.0504	3.00535	3.03858	0	0	0	0	0	0	0	0
8027	26	67.4304	67.588	2.99858	3.019	0	0	0	0	0	0	0	0
8027	27	65.5855	71.2223	3.05049	3.06917	0	0	0	0	0	0	0	0
8027	28	70.935	66.8775	5.15841	5.20919	0	0	0	0	0	0	0	0
8027	29	69.6981	66.8307	3.61542	3.66634	0	0	0	0	0	0	0	0
8027	30	73.3492	73.0831	2.98991	3.00925	0	0	0	0	0	0	0	0
8027	31	64.0453	67.9724	3.02266	3.0528	0	0	0	0	0	0	0	0
8027	32	69.0301	67.455	3.03155	3.01811	0	0	0	0	0	0	0	0
8027	33	66.0231	64.6846	2.86018	2.86741	0	0	0	0	0	0	0	0
8027	34	71.4342	68.452	3.0756	3.0955	0	0	0	0	0	0	0	0
8027	35	66.5914	67.3993	2.77766	2.7368	0	0	0	0	0	0	0	0
8027	36	69.1576	66.9442	2.88368	2.90026	0	0	0	0	0	0	0	0
8027	37	68.1961	62.1025	2.74585	2.71225	0	0	0	0	0	0	0	0
8027	38	67.8823	64.6812	2.82734	2.80806	0	0	0	0	0	0	0	0
8027	39	68.6549	62.1888	2.65276	2.68816	0	0	0	0	0	0	0	0
8027	40	69.0125	75.1378	2.89513	2.89942	0	0	0	0	0	0	0	0
8027	41	60.9646	65.7766	2.74182	2.73349	0	0	0	0	0	0	0	0
8027	42	62.5417	66.8712	2.92368	2.9282	0	0	0	0	0	0	0	0
8027	43	70.7814	70.4632	2.65417	2.66109	0	0	0	0	0	0	0	0
8027	44	71.5717	68.2102	3.06099	3.06723	0	0	0	0	0	0	0	0
8027	45	67.1296	68.5831	2.85353	2.79782	0	0	0	0	0	0	0	0
8027	46	67.7046	68.5244	2.88004	2.82688	0	0	0	0	0	0	0	0
8027	47	66.8761	63.8735	2.70251	2.68286	0	0	0	0	0	0	0	0
8027	48	57.9359	66.4842	2.23937	2.17425	0	0	0	0	0	0	0	0
8027	49	63.52	61.6456	2.28155	2.30323	0	0	0	0	0	0	0	0
8027	50	61.4262	63.4701	2.22605	2.2396	0	0	0	0	0	0	0	0
8027	51	57.4812	61.9293	2.33704	2.33413	0	0	0	0	0	0	0	0
8027	52	54.7603	60.6315	2.40259	2.40592	0	0	0	0	0	0	0	0
8027	53	61.4461	66.11	2.35491	2.3279	0	0	0	0	0	0	0	0
8027	54	61.4466	60.2833	2.30493	2.30027	0	0	0	0	0	0	0	0
8027	55	61.5934	57.8178	2.26667	2.31031	0	0	0	0	0	0	0	0
8027	56	59.3961	59.9301	2.22526	2.22664	0	0	0	0	0	0	0	0
8027	57	63.2446	61.5283	2.24084	2.26318	0	0	0	0	0	0	0	0
8027	58	58.6907	65.747	2.33388	2.27162	0	0	0	0	0	0	0	0
8027	59	58.4913	65.9378	2.45523	2.39275	0	0	0	0	0	0	0	0
8027	60	57.0814	68.0045	2.45315	2.3442	0	0	0	0	0	0	0	0
8027	61	59.2693	57.8482	2.60961	2.63927	0	0	0	0	0	0	0	0
8027	62	54.3377	63.3124	2.57993	2.48754	0	0	0	0	0	0	0	0
8027	63	57.865	59.3722	2.59951	2.58724	0	0	0	0	0	0	0	0
8027	64	72.3749	67.2684	2.19979	2.19303	0	0	0	0	0	0	0	0
8027	65	69.549	74.0968	2.23702	2.23574	0	0	0	0	0	0	0	0
8027	66	79.0002	71.9449	2.33838	2.37851	0	0	0	0	0	0	0	0
8027	67	72.3459	77.3752	2.31168	2.27477	0	0	0	0	0	0	0	0
8027	68	72.1477	74.5751	2.26113	2.26687	0	0	0	0	0	0	0	0
8027	69	76.1405	73.0149	2.3197	2.33971	0	0	0	0	0	0	0	0
8027	70	72.7839	74.3856	2.9873	2.99641	0	0	0	0	0	0	0	0
8027	71	80.2193	73.0235	2.46182	2.52729	0	0	0	0	0	0	0	0
8027	72	74.1464	77.9304	2.27098	2.22974	0	0	0	0	0	0	0	0
8027	73	73.0679	78.3565	2.37421	2.3222	0	0	0	0	0	0	0	0
8027	74	74.4205	75.4587	2.27595	2.27887	0	0	0	0	0	0	0	0
8027	75	76.2247	70.0383	2.89771	2.94088	0	0	0	0	0	0	0	0
8027	76	74.5424	73.4065	2.37991	2.38353	0	0	0	0	0	0	0	0
8027	77	75.61	72.622	3.74708	3.7718	0	0	0	0	0	0	0	0
8027	78	72.5453	73.6962	2.44381	2.46409	0	0	0	0	0	0	0	0
8027	79	75.043	73.6302	2.64798	2.67447	0	0	0	0	0	0	0	0
8027	80	70.1283	66.3695	3.87602	3.8577	0	0	0	0	0	0	0	0
8027	81	59.1235	61.8734	3.24068	3.24298	0	0	0	0	0	0	0	0
8027	82	65.5115	58.7369	3.17319	3.19288	0	0	0	0	0	0	0	0
8027	83	63.1026	68.0672	5.51639	5.50783	0	0	0	0	0	0	0	0
8027	84	65.6438	70.2953	2.63993	2.60662	0	0	0	0	0	0	0	0
8027	85	67.805	65.5064	2.39563	2.40897	0	0	0	0	0	0	0	0
8027	86	61.4147	58.9739	2.43685	2.44081	0	0	0	0	0	0	0	0
8027	87	68.5403	64.9016	2.30451	2.33581	0	0	0	0	0	0	0	0
8027	88	56.9562	63.5305	2.48309	2.49167	0	0	0	0	0	0	0	0
8027	89	61.9284	63.2282	2.35966	2.35509	0	0	0	0	0	0	0	0
8027	90	61.6715	61.594	2.36267	2.35215	0	0	0	0	0	0	0	0
8027	91	61.046	58.7227	4.51628	4.51113	0	0	0	0	0	0	0	0
8027	92	65.694	57.7035	4.74837	4.77173	0	0	0	0	0	0	0	0
8027	93	67.2299	63.9261	2.45921	2.48418	0	0	0	0	0	0	0	0
8027	94	61.9823	65.6503	2.5018	2.52475	0	0	0	0	0	0	0	0
8027	95	69.6664	68.4039	2.61325	2.62634	0	0	0	0	0	0	0	0
8027	96	66.2961	64.0562	2.12824	2.12377	0	0	0	0	0	0	0	0
8027	97	69.051	73.8426	2.11222	2.10787	0	0	0	0	0	0	0	0
8027	98	69.4709	70.5547	2.10586	2.06976	0	0	0	0	0	0	0	0
8027	99	67.0084	72.9018	2.13177	2.07178	0	0	0	0	0	0	0	0
8027	100	68.1055	68.1275	2.12475	2.10618	0	0	0	0	0	0	0	0
8027	101	67.7704	67.7342	2.07931	2.08666	0	0	0	0	0	0	0	0
8027	102	66.3287	63.7848	2.08411	2.09013	0	0	0	0	0	0	0	0
8027	103	70.113	68.9012	2.15938	2.16776	0	0	0	0	0	0	0	0
8027	104	70.9701	69.2611	2.08936	2.12318	0	0	0	0	0	0	0	0
8027	105	70.4766	65.8239	2.11068	2.12061	0	0	0	0	0	0	0	0
8027	106	70.0742	67.5238	2.19785	2.18878	0	0	0	0	0	0	0	0
8027	107	64.9857	64.733	2.14312	2.14347	0	0	0	0	0	0	0	0
8027	108	63.1972	65.8335	2.17454	2.14705	0	0	0	0	0	0	0	0
8027	109	68.2567	61.1425	2.16201	2.16931	0	0	0	0	0	0	0	0
8027	110	70.826	69.1377	2.10242	2.12842	0	0	0	0	0	0	0	0
8027	111	68.172	68.4008	2.13483	2.12095	0	0	0	0	0	0	0	0
8027	112	53.8123	53.5371	2.34357	2.35086	0	0	0	0	0	0	0	0
8027	113	47.5777	46.9304	2.40175	2.39415	0	0	0	0	0	0	0	0
8027	114	56.1444	51.1827	2.38423	2.44696	0	0	0	0	0	0	0	0
8027	115	51.8945	51.9421	2.3693	2.39464	0	0	0	0	0	0	0	0
8027	116	51.1045	58.6064	2.49266	2.45486	0	0	0	0	0	0	0	0
8027	117	49.2825	50.6487	2.47956	2.484	0	0	0	0	0	0	0	0
8027	118	52.7403	54.5945	2.34987	2.33683	0	0	0	0	0	0	0	0
8027	119	51.8987	48.5112	2.36085	2.42152	0	0	0	0	0	0	0	0
8027	120	49.8259	51.3661	2.45419	2.43883	0	0	0	0	0	0	0	0
8027	121	54.8865	57.1306	2.34682	2.36765	0	0	0	0	0	0	0	0
8027	122	50.1399	51.4588	2.43288	2.41711	0	0	0	0	0	0	0	0
8027	123	51.893	53.0656	2.42923	2.42674	0	0	0	0	0	0	0	0
8027	124	52.7484	54.1327	2.46289	2.44678	0	0	0	0	0	0	0	0
8027	125	57.0594	54.9523	2.37679	2.42172	0	0	0	0	0	0	0	0
8027	126	48.4427	49.4348	2.43224	2.44034	0	0	0	0	0	0	0	0
8027	127	50.378	46.9517	2.40915	2.44836	0	0	0	0	0	0	0	0
8074	0	62.8775	64.2924	2.99593	2.99313	0	0	0	0	0	0	0	0
8074	1	61.4195	62.7752	2.43022	2.40128	0	0	0	0	0	0	0	0
8074	2	63.345	64.5747	3.24178	3.23062	0	0	0	0	0	0	0	0
8074	3	66.5492	60.2842	2.45727	2.4979	0	0	0	0	0	0	0	0
8074	4	69.2673	65.2979	2.50036	2.50106	0	0	0	0	0	0	0	0
8074	5	68.7745	70.6049	2.25319	2.25114	0	0	0	0	0	0	0	0
8074	6	64.7806	61.6243	2.43314	2.44941	0	0	0	0	0	0	0	0
8074	7	59.3664	61.2029	2.25162	2.26129	0	0	0	0	0	0	0	0
8074	8	66.8311	67.1982	2.62905	2.61497	0	0	0	0	0	0	0	0
8074	9	67.0613	62.6018	2.58187	2.63277	0	0	0	0	0	0	0	0
8074	10	72.2535	66.7891	2.45295	2.45174	0	0	0	0	0	0	0	0
8074	11	65.2104	61.9321	2.41647	2.45046	0	0	0	0	0	0	0	0
8074	12	67.2951	59.9228	2.79134	2.86931	0	0	0	0	0	0	0	0
8074	13	59.017	59.5847	2.73775	2.75042	0	0	0	0	0	0	0	0
8074	14	60.3285	62.8665	2.92256	2.93217	0	0	0	0	0	0	0	0
8074	15	61.2471	67.2526	2.35138	2.28216	0	0	0	0	0	0	0	0
8074	16	61.1342	68.1777	2.15457	2.1295	0	0	0	0	0	0	0	0
8074	17	64.7771	64.6566	2.21028	2.22769	0	0	0	0	0	0	0	0
8074	18	70.7373	63.41	2.26656	2.28522	0	0	0	0	0	0	0	0
8074	19	68.0532	61.2241	2.22187	2.26348	0	0	0	0	0	0	0	0
8074	20	66.5208	65.483	2.28896	2.31575	0	0	0	0	0	0	0	0
8074	21	64.6626	64.5213	2.23209	2.25707	0	0	0	0	0	0	0	0
8074	22	62.8337	58.6065	2.12398	2.11517	0	0	0	0	0	0	0	0
8074	23	66.169	62.8098	2.20211	2.23784	0	0	0	0	0	0	0	0
8074	24	69.1181	63.2367	2.12074	2.13693	0	0	0	0	0	0	0	0
8074	25	61.0356	61.7218	2.13257	2.12055	0	0	0	0	0	0	0	0
8074	26	61.2413	68.4612	2.19029	2.15113	0	0	0	0	0	0	0	0
8074	27	57.5308	56.4954	2.21971	2.20281	0	0	0	0	0	0	0	0
8074	28	60.7416	62.2463	2.17757	2.15169	0	0	0	0	0	0	0	0
8074	29	58.0803	54.3193	2.31744	2.30781	0	0	0	0	0	0	0	0
8074	30	59.4873	66.8935	2.21226	2.19276	0	0	0	0	0	0	0	0
8074	31	60.7373	55.7165	2.23081	2.21053	0	0	0	0	0	0	0	0
8074	32	59.74	58.2475	3.22723	3.19948	0	0	0	0	0	0	0	0
8074	33	58.4009	62.6078	3.0214	3.03556	0	0	0	0	0	0	0	0
8074	34	63.6581	66.2982	3.1928	3.26303	0	0	0	0	0	0	0	0
8074	35	61.7339	67.6058	3.06262	3.08504	0	0	0	0	0	0	0	0
8074	36	59.4505	59.885	3.181	3.18729	0	0	0	0	0	0	0	0
8074	37	70.9105	64.0067	3.03261	3.0529	0	0	0	0	0	0	0	0
8074	38	63.7092	69.4609	3.14584	3.13606	0	0	0	0	0	0	0	0
8074	39	69.7183	63.7647	2.97874	2.98618	0	0	0	0	0	0	0	0
8074	40	60.4589	61.5741	3.06687	3.0759	0	0	0	0	0	0	0	0
8074	41	60.2313	62.4226	3.03449	3.05134	0	0	0	0	0	0	0	0
8074	42	59.3099	59.1195	3.13534	3.14884	0	0	0	0	0	0	0	0
8074	43	61.5014	63.6991	2.98618	2.98122	0	0	0	0	0	0	0	0
8074	44	65.5717	62.0756	3.16737	3.22202	0	0	0	0	0	0	0	0
8074	45	66.8076	67.5147	3.01084	3.03059	0	0	0	0	0	0	0	0
8074	46	58.8091	60.5723	3.69113	3.71121	0	0	0	0	0	0	0	0
8074	47	61.1546	67.012	3.22116	3.18577	0	0	0	0	0	0	0	0
8074	48	88.9585	84.5037	2.2867	2.28835	0	0	0	0	0	0	0	0
8074	49	83.5295	76.757	2.4163	2.43713	0	0	0	0	0	0	0	0
8074	50	85.5332	86.4698	2.28395	2.29173	0	0	0	0	0	0	0	0
8074	51	84.6328	78.1576	2.68763	2.78162	0	0	0	0	0	0	0	0
8074	52	83.5213	84.5049	2.30028	2.29843	0	0	0	0	0	0	0	0
8074	53	89.2258	86.6052	2.51328	2.51954	0	0	0	0	0	0	0	0
8074	54	83.2796	84.3181	2.33635	2.31874	0	0	0	0	0	0	0	0
8074	55	79.2204	85.9266	2.6682	2.62656	0	0	0	0	0	0	0	0
8074	56	82.9638	84.3815	2.5382	2.47833	0	0	0	0	0	0	0	0
8074	57	93.5125	82.2997	2.51794	2.51198	0	0	0	0	0	0	0	0
8074	58	81.4138	85.5153	2.58277	2.55073	0	0	0	0	0	0	0	0
8074	59	80.8639	78.254	2.73779	2.73792	0	0	0	0	0	0	0	0
8074	60	83.6227	80.1155	2.42799	2.45997	0	0	0	0	0	0	0	0
8074	61	75.6437	84.2073	2.97797	2.90249	0	0	0	0	0	0	0	0
8074	62	81.3463	82.1186	3.08483	3.12336	0	0	0	0	0	0	0	0
8074	63	85.6207	83.3782	2.8297	2.82224	0	0	0	0	0	0	0	0
8074	64	72.229	75.7048	2.47833	2.41254	0	0	0	0	0	0	0	0
8074	65	75.9416	70.4682	2.42004	2.43159	0	0	0	0	0	0	0	0
8074	66	75.0962	68.0166	2.2649	2.2577	0	0	0	0	0	0	0	0
8074	67	70.3971	71.8438	2.31114	2.30761	0	0	0	0	0	0	0	0
8074	68	76.6677	76.4613	2.61069	2.58428	0	0	0	0	0	0	0	0
8074	69	77.6516	74.7435	2.31189	2.29273	0	0	0	0	0	0	0	0
8074	70	76.9668	76.323	2.32492	2.29412	0	0	0	0	0	0	0	0
8074	71	72.5442	67.8665	2.27182	2.28237	0	0	0	0	0	0	0	0
8074	72	78.3941	74.3219	2.29671	2.28583	0	0	0	0	0	0	0	0
8074	73	73.4266	76.3055	2.36694	2.33977	0	0	0	0	0	0	0	0
8074	74	70.778	75.9644	3.16252	3.09833	0	0	0	0	0	0	0	0
8074	75	66.8573	71.0127	2.66585	2.66016	0	0	0	0	0	0	0	0
8074	76	72.9979	73.6766	2.40296	2.3801	0	0	0	0	0	0	0	0
8074	77	76.1421	78.2355	2.45278	2.42942	0	0	0	0	0	0	0	0
8074	78	73.6993	74.2319	2.40298	2.36131	0	0	0	0	0	0	0	0
8074	79	75.5027	70.557	2.33209	2.31399	0	0	0	0	0	0	0	0
8074	80	66.5035	72.7135	3.81101	3.76272	0	0	0	0	0	0	0	0
8074	81	61.341	69.2193	2.57763	2.51395	0	0	0	0	0	0	0	0
8074	82	64.9612	63.8654	3.01463	3.04038	0	0	0	0	0	0	0	0
8074	83	62.592	64.5168	2.33255	2.32855	0	0	0	0	0	0	0	0
8074	84	63.1165	64.8924	2.71394	2.72579	0	0	0	0	0	0	0	0
8074	85	68.1537	62.6069	3.16484	3.24815	0	0	0	0	0	0	0	0
8074	86	63.7702	66.6326	2.45433	2.4493	0	0	0	0	0	0	0	0
8074	87	62.5973	66.9314	2.28618	2.25651	0	0	0	0	0	0	0	0
8074	88	69.4868	67.63	2.21993	2.22546	0	0	0	0	0	0	0	0
8074	89	66.1068	64.724	2.37701	2.40502	0	0	0	0	0	0	0	0
8074	90	64.1848	63.9783	2.31384	2.31304	0	0	0	0	0	0	0	0
8074	91	57.2643	62.5853	2.27903	2.29088	0	0	0	0	0	0	0	0
8074	92	65.7662	63.2708	2.73831	2.80131	0	0	0	0	0	0	0	0
8074	93	64.7492	65.0166	2.37826	2.38429	0	0	0	0	0	0	0	0
8074	94	64.5182	65.5771	2.5114	2.55347	0	0	0	0	0	0	0	0
8074	95	62.2364	65.0736	2.28638	2.26237	0	0	0	0	0	0	0	0
8074	96	66.2799	65.5044	2.31608	2.3362	0	0	0	0	0	0	0	0
8074	97	76.3093	71.6496	2.15826	2.17286	0	0	0	0	0	0	0	0
8074	98	65.8185	67.4735	2.23195	2.19963	0	0	0	0	0	0	0	0
8074	99	72.6077	72.5469	2.18256	2.22176	0	0	0	0	0	0	0	0
8074	100	76.5703	74.4453	2.22019	2.23625	0	0	0	0	0	0	0	0
8074	101	70.9971	70.8577	2.22148	2.24805	0	0	0	0	0	0	0	0
8074	102	72.5126	75.215	2.65462	2.66678	0	0	0	0	0	0	0	0
8074	103	70.7675	69.6539	2.16297	2.19417	0	0	0	0	0	0	0	0
8074	104	68.3288	74.2741	2.20901	2.17719	0	0	0	0	0	0	0	0
8074	105	65.0882	65.6779	2.58391	2.58988	0	0	0	0	0	0	0	0
8074	106	69.7594	67.0246	2.19335	2.20214	0	0	0	0	0	0	0	0
8074	107	66.6096	71.8639	2.29665	2.2998	0	0	0	0	0	0	0	0
8074	108	66.1148	70.5895	2.26328	2.25535	0	0	0	0	0	0	0	0
8074	109	69.3193	71.3045	2.35447	2.34975	0	0	0	0	0	0	0	0
8074	110	73.7866	76.0774	2.21268	2.22242	0	0	0	0	0	0	0	0
8074	111	72.3892	69.5446	2.28817	2.32658	0	0	0	0	0	0	0	0
8074	112	63.2573	65.6806	2.46986	2.43555	0	0	0	0	0	0	0	0
8074	113	60.2665	65.5872	2.29246	2.28635	0	0	0	0	0	0	0	0
8074	114	67.2757	65.8975	2.33627	2.37752	0	0	0	0	0	0	0	0
8074	115	62.2751	67.8201	2.27845	2.22604	0	0	0	0	0	0	0	0
8074	116	65.5084	68.6649	2.4884	2.47038	0	0	0	0	0	0	0	0
8074	117	65.1819	64.6299	2.27817	2.26502	0	0	0	0	0	0	0	0
8074	118	68.0456	69.103	2.29591	2.27977	0	0	0	0	0	0	0	0
8074	119	60.2946	66.4622	2.32986	2.30019	0	0	0	0	0	0	0	0
8074	120	62.4818	66.7513	2.50649	2.48826	0	0	0	0	0	0	0	0
8074	121	68.2492	62.444	2.67141	2.74205	0	0	0	0	0	0	0	0
8074	122	62.9077	63.2358	2.36937	2.34731	0	0	0	0	0	0	0	0
8074	123	66.2168	67.4487	2.29665	2.28971	0	0	0	0	0	0	0	0
8074	124	65.0713	66.3309	2.3762	2.37216	0	0	0	0	0	0	0	0
8074	125	65.4613	64.8486	2.32216	2.32781	0	0	0	0	0	0	0	0
8074	126	64.5126	64.1895	2.33258	2.31256	0	0	0	0	0	0	0	0
8074	127	63.1061	66.0884	2.37662	2.39382	0	0	0	0	0	0	0	0
8078	0	76.6946	77.5518	2.84922	2.85632	0	0	0	0	0	0	0	0
8078	1	80.6846	74.8986	3.30256	3.33721	0	0	0	0	0	0	0	0
8078	2	79.7319	79.4737	2.8101	2.80507	0	0	0	0	0	0	0	0
8078	3	79.186	76.7989	2.80216	2.8076	0	0	0	0	0	0	0	0
8078	4	81.6981	82.602	2.89395	2.86249	0	0	0	0	0	0	0	0
8078	5	77.0807	83.4402	2.9003	2.84957	0	0	0	0	0	0	0	0
8078	6	75.9132	79.5194	2.75295	2.73413	0	0	0	0	0	0	0	0
8078	7	84.395	76.7083	2.89392	2.95462	0	0	0	0	0	0	0	0
8078	8	84.2576	82.6872	2.74829	2.74018	0	0	0	0	0	0	0	0
8078	9	82.7665	76.9046	2.69818	2.74162	0	0	0	0	0	0	0	0
8078	10	77.0063	79.9489	2.8178	2.79878	0	0	0	0	0	0	0	0
8078	11	87.0355	76.3149	3.20169	3.21547	0	0	0	0	0	0	0	0
8078	12	83.1056	77.894	2.81138	2.8356	0	0	0	0	0	0	0	0
8078	13	74.5158	82.4015	2.80771	2.74989	0	0	0	0	0	0	0	0
8078	14	81.1641	75.8246	2.96926	3.00785	0	0	0	0	0	0	0	0
8078	15	75.8208	75.8472	2.83779	2.8353	0	0	0	0	0	0	0	0
8078	16	72.8168	69.3156	2.55513	2.5686	0	0	0	0	0	0	0	0
8078	17	68.5558	69.2601	2.69522	2.66052	0	0	0	0	0	0	0	0
8078	18	64.6126	67.1108	4.36524	4.32824	0	0	0	0	0	0	0	0
8078	19	73.479	69.6512	2.59531	2.62177	0	0	0	0	0	0	0	0
8078	20	65.7785	62.2976	2.83546	2.85184	0	0	0	0	0	0	0	0
8078	21	64.0603	77.7765	2.68112	2.73946	0	0	0	0	0	0	0	0
8078	22	70.1186	60.8529	2.60965	2.63126	0	0	0	0	0	0	0	0
8078	23	72.3136	69.396	2.50016	2.49555	0	0	0	0	0	0	0	0
8078	24	65.792	64.9551	2.48675	2.48095	0	0	0	0	0	0	0	0
8078	25	68.0638	63.1627	4.16682	4.18117	0	0	0	0	0	0	0	0
8078	26	69.9364	66.4157	2.98287	3.00682	0	0	0	0	0	0	0	0
8078	27	67.7546	65.3868	2.58015	2.58903	0	0	0	0	0	0	0	0
8078	28	71.345	63.9381	2.545	2.58499	0	0	0	0	0	0	0	0
8078	29	73.528	70.3136	6.32048	6.29099	0	0	0	0	0	0	0	0
8078	30	62.3553	65.6157	2.64233	2.64963	0	0	0	0	0	0	0	0
8078	31	69.2792	65.4288	2.86067	2.88378	0	0	0	0	0	0	0	0
8078	32	55.156	61.6256	2.81698	2.79936	0	0	0	0	0	0	0	0
8078	33	62.5941	57.6068	2.58848	2.59736	0	0	0	0	0	0	0	0
8078	34	60.178	61.3834	2.64868	2.62895	0	0	0	0	0	0	0	0
8078	35	56.1163	54.5657	2.73286	2.74463	0	0	0	0	0	0	0	0
8078	36	60.7511	60.635	2.6755	2.67934	0	0	0	0	0	0	0	0
8078	37	62.5283	63.85	2.41215	2.43519	0	0	0	0	0	0	0	0
8078	38	58.2775	60.2607	2.46798	2.46667	0	0	0	0	0	0	0	0
8078	39	58.5377	63.4136	2.41721	2.42159	0	0	0	0	0	0	0	0
8078	40	55.9861	61.1446	2.60991	2.60533	0	0	0	0	0	0	0	0
8078	41	55.3057	56.6111	2.74957	2.72808	0	0	0	0	0	0	0	0
8078	42	60.4939	51.1141	2.61253	2.66918	0	0	0	0	0	0	0	0
8078	43	61.5291	61.9907	2.41465	2.43357	0	0	0	0	0	0	0	0
8078	44	59.4095	58.6887	2.68245	2.66617	0	0	0	0	0	0	0	0
8078	45	56.5686	57.4368	2.82523	2.81958	0	0	0	0	0	0	0	0
8078	46	60.9973	59.4374	2.62185	2.60207	0	0	0	0	0	0	0	0
8078	47	53.1599	53.6144	2.72259	2.73561	0	0	0	0	0	0	0	0
8078	48	77.9817	81.483	3.4801	3.40642	0	0	0	0	0	0	0	0
8078	49	79.6463	75.934	2.68375	2.69058	0	0	0	0	0	0	0	0
8078	50	81.2609	78.7773	2.63078	2.62207	0	0	0	0	0	0	0	0
8078	51	86.503	80.0663	2.88594	2.93777	0	0	0	0	0	0	0	0
8078	52	81.9458	74.0409	2.74009	2.77774	0	0	0	0	0	0	0	0
8078	53	86.1756	77.6867	2.69845	2.73488	0	0	0	0	0	0	0	0
8078	54	80.7608	79.6484	2.60026	2.57305	0	0	0	0	0	0	0	0
8078	55	80.0506	81.9838	2.52591	2.50237	0	0	0	0	0	0	0	0
8078	56	76.2784	74.4239	2.99144	2.96478	0	0	0	0	0	0	0	0
8078	57	80.5182	82.4157	2.80606	2.74863	0	0	0	0	0	0	0	0
8078	58	74.5126	80.6155	2.62518	2.61184	0	0	0	0	0	0	0	0
8078	59	76.2807	76.2978	2.81385	2.79788	0	0	0	0	0	0	0	0
8078	60	77.7273	76.5793	3.02903	3.03486	0	0	0	0	0	0	0	0
8078	61	77.8508	82.2039	2.70775	2.67217	0	0	0	0	0	0	0	0
8078	62	81.4348	82.0703	2.92627	2.87507	0	0	0	0	0	0	0	0
8078	63	77.7741	75.2135	2.81759	2.84147	0	0	0	0	0	0	0	0
8078	64	74.2918	75.5312	2.30197	2.29439	0	0	0	0	0	0	0	0
8078	65	75.3453	76.6457	2.28234	2.27293	0	0	0	0	0	0	0	0
8078	66	80.3912	81.2954	2.11986	2.11047	0	0	0	0	0	0	0	0
8078	67	69.6078	77.2199	2.18873	2.1636	0	0	0	0	0	0	0	0
8078	68	67.1182	71.539	2.15256	2.1804	0	0	0	0	0	0	0	0
8078	69	74.9989	73.3356	2.15581	2.1759	0	0	0	0	0	0	0	0
8078	70	72.4321	75.7514	2.35445	2.37063	0	0	0	0	0	0	0	0
8078	71	70.4987	69.0348	2.23907	2.24665	0	0	0	0	0	0	0	0
8078	72	73.38	70.2245	2.13351	2.1596	0	0	0	0	0	0	0	0
8078	73	70.3057	74.7237	2.19492	2.20138	0	0	0	0	0	0	0	0
8078	74	78.0863	75.3893	2.16303	2.20586	0	0	0	0	0	0	0	0
8078	75	74.4475	74.6334	2.30391	2.31706	0	0	0	0	0	0	0	0
8078	76	78.4896	71.1885	2.2989	2.34519	0	0	0	0	0	0	0	0
8078	77	68.712	74.2408	2.22821	2.23108	0	0	0	0	0	0	0	0
8078	78	75.3247	74.096	2.2893	2.32186	0	0	0	0	0	0	0	0
8078	79	74.0573	75.851	2.268	2.27307	0	0	0	0	0	0	0	0
8078	80	64.9225	63.1191	4.02815	4.06	0	0	0	0	0	0	0	0
8078	81	68.0371	65.7698	3.30325	3.30917	0	0	0	0	0	0	0	0
8078	82	68.4595	67.3976	3.20894	3.21782	0	0	0	0	0	0	0	0
8078	83	68.4037	65.6774	2.78241	2.77882	0	0	0	0	0	0	0	0
8078	84	68.5221	68.8808	2.85756	2.83974	0	0	0	0	0	0	0	0
8078	85	68.0701	68.5542	2.63383	2.64064	0	0	0	0	0	0	0	0
8078	86	66.4297	71.4789	2.59112	2.56082	0	0	0	0	0	0	0	0
8078	87	70.8605	68.6136	2.55449	2.56876	0	0	0	0	0	0	0	0
8078	88	68.8348	67.1032	2.51754	2.51806	0	0	0	0	0	0	0	0
8078	89	70.9611	68.0368	2.49118	2.52839	0	0	0	0	0	0	0	0
8078	90	59.158	63.9364	2.54888	2.53846	0	0	0	0	0	0	0	0
8078	91	71.4145	71.5575	2.57712	2.59327	0	0	0	0	0	0	0	0
8078	92	65.8019	68.8415	2.63064	2.61244	0	0	0	0	0	0	0	0
8078	93	63.8436	62.7514	2.74992	2.74442	0	0	0	0	0	0	0	0
8078	94	68.9487	69.1156	2.8646	2.86679	0	0	0	0	0	0	0	0
8078	95	66.5821	66.403	2.8166	2.83117	0	0	0	0	0	0	0	0
8078	96	59.9117	58.2138	2.59141	2.59639	0	0	0	0	0	0	0	0
8078	97	60.4544	58.3698	2.67042	2.6974	0	0	0	0	0	0	0	0
8078	98	51.1834	54.5067	2.66631	2.64163	0	0	0	0	0	0	0	0
8078	99	57.363	56.904	2.63679	2.64728	0	0	0	0	0	0	0	0
8078	100	59.0417	59.1469	2.60974	2.59331	0	0	0	0	0	0	0	0
8078	101	58.926	64.2765	2.58017	2.54741	0	0	0	0	0	0	0	0
8078	102	57.8241	58.1054	2.6131	2.6341	0	0	0	0	0	0	0	0
8078	103	64.1723	58.7872	2.69524	2.72022	0	0	0	0	0	0	0	0
8078	104	52.5303	56.3426	2.68806	2.6846	0	0	0	0	0	0	0	0
8078	105	58.7541	57.902	2.69674	2.70117	0	0	0	0	0	0	0	0
8078	106	57.5335	62.6618	2.73016	2.66873	0	0	0	0	0	0	0	0
8078	107	59.3536	61.6375	2.66203	2.62822	0	0	0	0	0	0	0	0
8078	108	59.3049	58.3098	2.79556	2.8088	0	0	0	0	0	0	0	0
8078	109	52.7483	55.86	2.65073	2.64673	0	0	0	0	0	0	0	0
8078	110	59.8911	56.7679	2.65392	2.64557	0	0	0	0	0	0	0	0
8078	111	55.6366	58.0694	2.717	2.70122	0	0	0	0	0	0	0	0
8078	112	69.3696	69.6969	2.20182	2.22323	0	0	0	0	0	0	0	0
8078	113	73.4646	71.0209	2.16578	2.22409	0	0	0	0	0	0	0	0
8078	114	61.0596	68.8403	2.21745	2.21232	0	0	0	0	0	0	0	0
8078	115	69.2152	67.9857	2.16922	2.18859	0	0	0	0	0	0	0	0
8078	116	71.3784	66.8137	2.39476	2.4646	0	0	0	0	0	0	0	0
8078	117	69.436	71.6386	2.40817	2.43305	0	0	0	0	0	0	0	0
8078	118	70.3477	74.0089	2.17089	2.1584	0	0	0	0	0	0	0	0
8078	119	71.3906	68.3361	2.23391	2.2687	0	0	0	0	0	0	0	0
8078	120	67.6622	72.4068	2.22129	2.21614	0	0	0	0	0	0	0	0
8078	121	69.4566	69.2196	2.46141	2.49019	0	0	0	0	0	0	0	0
8078	122	62.5301	61.2476	2.18812	2.19158	0	0	0	0	0	0	0	0
8078	123	70.8546	69.6627	2.17294	2.18321	0	0	0	0	0	0	0	0
8078	124	65.1892	72.0806	2.22093	2.21263	0	0	0	0	0	0	0	0
8078	125	70.9819	69.6483	2.15614	2.17502	0	0	0	0	0	0	0	0
8078	126	66.0818	68.3308	2.15491	2.1707	0	0	0	0	0	0	0	0
8078	127	64.9295	64.91	2.22764	2.23252	0	0	0	0	0	0	0	0
8037	0	62.8698	56.2678	2.80658	2.80377	0	0	0	0	0	0	0	0
8037	1	58.0276	56.9339	2.72908	2.73753	0	0	0	0	0	0	0	0
8037	2	63.1535	52.7733	2.58951	2.57359	0	0	0	0	0	0	0	0
8037	3	60.8258	63.1751	2.52505	2.50305	0	0	0	0	0	0	0	0
8037	4	61.1798	57.6894	2.63586	2.60262	0	0	0	0	0	0	0	0
8037	5	51.6204	59.1274	2.6858	2.68269	0	0	0	0	0	0	0	0
8037	6	60.9203	63.1685	2.75959	2.76076	0	0	0	0	0	0	0	0
8037	7	60.8005	60.7525	2.5666	2.56104	0	0	0	0	0	0	0	0
8037	8	54.625	54.7371	2.79053	2.80441	0	0	0	0	0	0	0	0
8037	9	52.9148	59.6043	2.55028	2.54546	0	0	0	0	0	0	0	0
8037	10	56.3089	56.944	2.61182	2.5788	0	0	0	0	0	0	0	0
8037	11	52.2583	48.62	2.4863	2.51869	0	0	0	0	0	0	0	0
8037	12	49.3565	63.2647	2.85571	2.83713	0	0	0	0	0	0	0	0
8037	13	52.2975	51.9512	2.75079	2.73976	0	0	0	0	0	0	0	0
8037	14	63.534	58.3158	2.57268	2.58479	0	0	0	0	0	0	0	0
8037	15	56.3907	54.6439	2.60421	2.57563	0	0	0	0	0	0	0	0
8037	16	86.2555	80.4073	2.77534	2.77824	0	0	0	0	0	0	0	0
8037	17	84.3107	76.8624	2.95203	2.97127	0	0	0	0	0	0	0	0
8037	18	74.929	85.0299	2.81737	2.75969	0	0	0	0	0	0	0	0
8037	19	86.2295	79.0901	3.07122	3.09119	0	0	0	0	0	0	0	0
8037	20	81.232	79.5097	2.70445	2.66631	0	0	0	0	0	0	0	0
8037	21	72.0608	78.4193	3.06402	3.01258	0	0	0	0	0	0	0	0
8037	22	82.3763	83.7611	2.77885	2.75153	0	0	0	0	0	0	0	0
8037	23	77.0738	73.7164	3.02236	3.01105	0	0	0	0	0	0	0	0
8037	24	75.7693	81.4783	2.85235	2.83295	0	0	0	0	0	0	0	0
8037	25	77.6909	79.3349	3.00048	2.96941	0	0	0	0	0	0	0	0
8037	26	78.2654	81.667	2.93429	2.89284	0	0	0	0	0	0	0	0
8037	27	74.5745	80.0898	3.20755	3.20019	0	0	0	0	0	0	0	0
8037	28	76.032	71.6404	4.15038	4.10419	0	0	0	0	0	0	0	0
8037	29	79.8286	73.8306	2.93594	2.9209	0	0	0	0	0	0	0	0
8037	30	70.9077	72.4925	2.65071	2.62093	0	0	0	0	0	0	0	0
8037	31	68.9515	72.3044	2.79554	2.75974	0	0	0	0	0	0	0	0
8037	32	61.5574	52.8888	3.06998	3.09335	0	0	0	0	0	0	0	0
8037	33	55.1632	58.9104	2.87724	2.8556	0	0	0	0	0	0	0	0
8037	34	52.4988	55.8072	3.09381	3.06748	0	0	0	0	0	0	0	0
8037	35	56.7957	57.256	2.91858	2.93906	0	0	0	0	0	0	0	0
8037	36	55.3532	52.2848	3.17456	3.16908	0	0	0	0	0	0	0	0
8037	37	55.8679	53.9714	2.91528	2.92888	0	0	0	0	0	0	0	0
8037	38	56.8461	64.898	2.89164	2.90371	0	0	0	0	0	0	0	0
8037	39	62.2867	58.8181	2.88292	2.88289	0	0	0	0	0	0	0	0
8037	40	57.0636	57.2905	3.08332	3.09073	0	0	0	0	0	0	0	0
8037	41	55.2241	56.9424	2.74648	2.73438	0	0	0	0	0	0	0	0
8037	42	48.5882	53.105	3.14766	3.09653	0	0	0	0	0	0	0	0
8037	43	54.8119	62.0985	2.82596	2.81707	0	0	0	0	0	0	0	0
8037	44	55.0249	56.1068	3.34748	3.32998	0	0	0	0	0	0	0	0
8037	45	55.0567	51.5014	2.82921	2.8436	0	0	0	0	0	0	0	0
8037	46	51.0393	56.1215	3.1804	3.13272	0	0	0	0	0	0	0	0
8037	47	55.536	57.0585	2.86849	2.8345	0	0	0	0	0	0	0	0
8037	48	75.7651	76.3589	2.4923	2.50598	0	0	0	0	0	0	0	0
8037	49	70.9658	82.2414	2.55263	2.50245	0	0	0	0	0	0	0	0
8037	50	77.0809	74.4939	2.39956	2.41605	0	0	0	0	0	0	0	0
8037	51	64.2258	72.2626	2.49434	2.48352	0	0	0	0	0	0	0	0
8037	52	72.6354	75.1619	2.51521	2.51397	0	0	0	0	0	0	0	0
8037	53	75.0179	74.1879	2.62831	2.60832	0	0	0	0	0	0	0	0
8037	54	76.249	79.2809	2.49558	2.48792	0	0	0	0	0	0	0	0
8037	55	75.3156	72.0189	2.68403	2.66738	0	0	0	0	0	0	0	0
8037	56	78.219	82.0299	2.48294	2.45553	0	0	0	0	0	0	0	0
8037	57	71.4841	72.8289	3.0019	3.00633	0	0	0	0	0	0	0	0
8037	58	68.9615	77.3511	2.55177	2.54126	0	0	0	0	0	0	0	0
8037	59	72.9016	77.6667	2.72899	2.69452	0	0	0	0	0	0	0	0
8037	60	74.0577	73.118	2.46033	2.45743	0	0	0	0	0	0	0	0
8037	61	81.5426	81.2348	2.64096	2.62482	0	0	0	0	0	0	0	0
8037	62	78.3703	71.5269	2.67287	2.70868	0	0	0	0	0	0	0	0
8037	63	72.824	74.8984	2.64535	2.63954	0	0	0	0	0	0	0	0
8037	64	63.3971	70.6643	2.3671	2.34036	0	0	0	0	0	0	0	0
8037	65	70.7388	64.1605	2.36558	2.37199	0	0	0	0	0	0	0	0
8037	66	67.5563	71.7364	2.58093	2.55967	0	0	0	0	0	0	0	0
8037	67	72.477	67.9418	2.53702	2.58089	0	0	0	0	0	0	0	0
8037	68	69.2804	67.9913	2.45955	2.46118	0	0	0	0	0	0	0	0
8037	69	66.1474	72.3577	2.60235	2.56372	0	0	0	0	0	0	0	0
8037	70	70.7739	70.8169	2.34631	2.33852	0	0	0	0	0	0	0	0
8037	71	71.7687	68.556	2.40247	2.4289	0	0	0	0	0	0	0	0
8037	72	68.1214	70.568	2.34283	2.33785	0	0	0	0	0	0	0	0
8037	73	77.139	65.4608	2.70686	2.70037	0	0	0	0	0	0	0	0
8037	74	66.829	66.7182	2.41886	2.41781	0	0	0	0	0	0	0	0
8037	75	65.3803	71.1629	2.63283	2.6215	0	0	0	0	0	0	0	0
8037	76	65.9418	62.9916	2.3107	2.33118	0	0	0	0	0	0	0	0
8037	77	71.6866	71.0345	3.11611	3.07729	0	0	0	0	0	0	0	0
8037	78	65.279	66.2034	2.62962	2.65955	0	0	0	0	0	0	0	0
8037	79	61.259	66.4879	2.6638	2.63922	0	0	0	0	0	0	0	0
8037	80	61.845	61.0683	3.84771	3.85965	0	0	0	0	0	0	0	0
8037	81	57.1973	59.6967	3.3276	3.3344	0	0	0	0	0	0	0	0
8037	82	58.8216	61.309	3.15314	3.17192	0	0	0	0	0	0	0	0
8037	83	57.8817	58.7555	2.91952	2.91875	0	0	0	0	0	0	0	0
8037	84	55.2451	57.5314	2.8005	2.80957	0	0	0	0	0	0	0	0
8037	85	58.7238	58.9257	2.54986	2.56069	0	0	0	0	0	0	0	0
8037	86	65.9738	62.9925	2.73892	2.67363	0	0	0	0	0	0	0	0
8037	87	60.5326	57.9341	2.54005	2.56859	0	0	0	0	0	0	0	0
8037	88	57.6725	58.9172	2.6645	2.65527	0	0	0	0	0	0	0	0
8037	89	64.1284	58.0075	2.53746	2.57778	0	0	0	0	0	0	0	0
8037	90	55.9427	55.7352	2.67047	2.62981	0	0	0	0	0	0	0	0
8037	91	56.2292	58.4696	2.75852	2.76345	0	0	0	0	0	0	0	0
8037	92	61.5618	60.1467	2.81845	2.84633	0	0	0	0	0	0	0	0
8037	93	63.01	60.0462	2.67959	2.71197	0	0	0	0	0	0	0	0
8037	94	56.6147	59.2765	2.68489	2.65917	0	0	0	0	0	0	0	0
8037	95	53.7483	58.3801	2.88391	2.86216	0	0	0	0	0	0	0	0
8037	96	74.0124	73.8499	2.22083	2.20471	0	0	0	0	0	0	0	0
8037	97	74.7907	74.658	2.31941	2.30073	0	0	0	0	0	0	0	0
8037	98	78.2382	76.8458	2.26855	2.27886	0	0	0	0	0	0	0	0
8037	99	77.0748	76.0517	2.381	2.36599	0	0	0	0	0	0	0	0
8037	100	76.9505	80.5341	2.37426	2.36544	0	0	0	0	0	0	0	0
8037	101	76.5347	73.9909	2.34	2.31868	0	0	0	0	0	0	0	0
8037	102	77.262	76.0497	2.19053	2.16222	0	0	0	0	0	0	0	0
8037	103	76.4389	75.5685	2.34247	2.33964	0	0	0	0	0	0	0	0
8037	104	73.9871	72.4322	2.33309	2.33676	0	0	0	0	0	0	0	0
8037	105	74.3864	73.0533	2.29744	2.27953	0	0	0	0	0	0	0	0
8037	106	70.6906	68.78	2.51175	2.49423	0	0	0	0	0	0	0	0
8037	107	75.5629	71.5202	2.21912	2.19138	0	0	0	0	0	0	0	0
8037	108	72.5184	76.8676	2.5045	2.47272	0	0	0	0	0	0	0	0
8037	109	76.6433	75.4557	2.34865	2.34597	0	0	0	0	0	0	0	0
8037	110	72.9222	75.9412	2.29752	2.26941	0	0	0	0	0	0	0	0
8037	111	72.1581	74.7356	2.44407	2.40863	0	0	0	0	0	0	0	0
8037	112	74.2643	69.5659	2.29053	2.27336	0	0	0	0	0	0	0	0
8037	113	72.1863	73.1121	2.12077	2.11092	0	0	0	0	0	0	0	0
8037	114	70.3054	74.0649	2.24297	2.25704	0	0	0	0	0	0	0	0
8037	115	79.3863	72.4838	2.37085	2.37168	0	0	0	0	0	0	0	0
8037	116	77.8228	74.2928	2.15913	2.14361	0	0	0	0	0	0	0	0
8037	117	73.1575	73.6595	2.18478	2.16716	0	0	0	0	0	0	0	0
8037	118	72.9181	69.7864	2.18031	2.20011	0	0	0	0	0	0	0	0
8037	119	70.3661	71.7188	2.19763	2.19458	0	0	0	0	0	0	0	0
8037	120	76.1466	72.5814	2.17102	2.17738	0	0	0	0	0	0	0	0
8037	121	69.6389	74.4982	2.13385	2.1115	0	0	0	0	0	0	0	0
8037	122	70.0683	70.5394	2.23142	2.20291	0	0	0	0	0	0	0	0
8037	123	75.7909	71.2142	2.25339	2.27415	0	0	0	0	0	0	0	0
8037	124	66.0164	68.8733	2.20565	2.20031	0	0	0	0	0	0	0	0
8037	125	75.456	77.0912	2.2776	2.23837	0	0	0	0	0	0	0	0
8037	126	72.9106	69.1097	2.23778	2.24362	0	0	0	0	0	0	0	0
8037	127	69.3976	74.4643	2.24336	2.20965	0	0	0	0	0	0	0	0
8006	0	59.9914	60.6418	2.37455	2.38272	0	0	0	0	0	0	0	0
8006	1	64.2727	65.3915	2.40333	2.40038	0	0	0	0	0	0	0	0
8006	2	64.8634	68.0697	2.38489	2.37101	0	0	0	0	0	0	0	0
8006	3	74.6919	61.3639	2.44744	2.41537	0	0	0	0	0	0	0	0
8006	4	64.1359	72.0134	2.36388	2.37622	0	0	0	0	0	0	0	0
8006	5	69.2835	65.8291	2.37177	2.40213	0	0	0	0	0	0	0	0
8006	6	66.213	73.3732	2.30045	2.27313	0	0	0	0	0	0	0	0
8006	7	63.2379	71.5546	2.39956	2.32857	0	0	0	0	0	0	0	0
8006	8	68.5146	68.2	2.43286	2.45853	0	0	0	0	0	0	0	0
8006	9	63.7878	65.9875	2.35793	2.36775	0	0	0	0	0	0	0	0
8006	10	65.6386	66.8534	2.43084	2.4305	0	0	0	0	0	0	0	0
8006	11	63.185	65.2646	2.37285	2.37684	0	0	0	0	0	0	0	0
8006	12	67.7647	68.3167	2.3887	2.39423	0	0	0	0	0	0	0	0
8006	13	67.6301	65.6337	2.3827	2.42303	0	0	0	0	0	0	0	0
8006	14	66.597	66.0503	2.33899	2.33984	0	0	0	0	0	0	0	0
8006	15	66.2062	70.2447	2.34139	2.33161	0	0	0	0	0	0	0	0
8006	16	63.4844	71.2513	2.84742	2.84537	0	0	0	0	0	0	0	0
8006	17	66.0321	62.6797	3.55523	3.56018	0	0	0	0	0	0	0	0
8006	18	65.8489	71.4985	2.75755	2.75215	0	0	0	0	0	0	0	0
8006	19	68.135	68.1638	2.74043	2.74757	0	0	0	0	0	0	0	0
8006	20	69.4637	62.9328	2.99137	3.06349	0	0	0	0	0	0	0	0
8006	21	68.3651	67.968	2.91164	2.93676	0	0	0	0	0	0	0	0
8006	22	65.335	68.2176	2.74652	2.75874	0	0	0	0	0	0	0	0
8006	23	62.9113	63.6076	2.73785	2.75115	0	0	0	0	0	0	0	0
8006	24	68.5416	67.7787	2.80487	2.83406	0	0	0	0	0	0	0	0
8006	25	71.3963	67.964	2.63941	2.6452	0	0	0	0	0	0	0	0
8006	26	64.0956	64.4198	2.8085	2.83926	0	0	0	0	0	0	0	0
8006	27	60.823	70.9456	2.76228	2.74032	0	0	0	0	0	0	0	0
8006	28	69.0095	68.5104	2.68308	2.70651	0	0	0	0	0	0	0	0
8006	29	66.6393	57.4623	2.67849	2.71865	0	0	0	0	0	0	0	0
8006	30	72.7754	60.0785	2.70017	2.72495	0	0	0	0	0	0	0	0
8006	31	62.2437	62.8512	2.85776	2.85038	0	0	0	0	0	0	0	0
8006	32	56.6363	60.5082	2.58955	2.60408	0	0	0	0	0	0	0	0
8006	33	58.1318	63.3383	2.56835	2.55952	0	0	0	0	0	0	0	0
8006	34	56.2687	57.6837	2.66836	2.6646	0	0	0	0	0	0	0	0
8006	35	58.8068	56.6329	2.53642	2.58449	0	0	0	0	0	0	0	0
8006	36	62.7376	59.3972	2.46376	2.53029	0	0	0	0	0	0	0	0
8006	37	57.9383	55.7646	2.46254	2.48919	0	0	0	0	0	0	0	0
8006	38	56.4578	56.1415	2.45676	2.47482	0	0	0	0	0	0	0	0
8006	39	54.2421	61.4827	2.42903	2.45611	0	0	0	0	0	0	0	0
8006	40	58.4033	60.2117	2.45338	2.4842	0	0	0	0	0	0	0	0
8006	41	58.0599	60.9421	2.46986	2.48543	0	0	0	0	0	0	0	0
8006	42	57.0321	54.6844	2.64658	2.67471	0	0	0	0	0	0	0	0
8006	43	61.2183	57.8086	2.40324	2.45641	0	0	0	0	0	0	0	0
8006	44	52.7626	58.4626	2.63407	2.64204	0	0	0	0	0	0	0	0
8006	45	58.2779	59.4778	2.336	2.38305	0	0	0	0	0	0	0	0
8006	46	61.621	60.5131	2.41007	2.45529	0	0	0	0	0	0	0	0
8006	47	53.5837	64.0327	2.39017	2.3763	0	0	0	0	0	0	0	0
8006	48	66.8002	56.1611	2.25483	2.27672	0	0	0	0	0	0	0	0
8006	49	61.9856	64.6559	2.66879	2.63841	0	0	0	0	0	0	0	0
8006	50	67.0703	71.2055	2.27287	2.31799	0	0	0	0	0	0	0	0
8006	51	72.9328	63.8157	2.55328	2.55863	0	0	0	0	0	0	0	0
8006	52	67.0415	62.1661	2.4321	2.43421	0	0	0	0	0	0	0	0
8006	53	61.498	63.7509	2.30846	2.29497	0	0	0	0	0	0	0	0
8006	54	68.7826	62.2582	2.52169	2.53378	0	0	0	0	0	0	0	0
8006	55	62.8062	59.0502	2.4931	2.51317	0	0	0	0	0	0	0	0
8006	56	63.3846	59.2207	2.2818	2.27894	0	0	0	0	0	0	0	0
8006	57	62.9374	63.3109	2.50403	2.4719	0	0	0	0	0	0	0	0
8006	58	67.8097	72.0251	2.34694	2.41388	0	0	0	0	0	0	0	0
8006	59	58.6827	55.3492	2.72241	2.69689	0	0	0	0	0	0	0	0
8006	60	55.1029	56.249	2.46254	2.4638	0	0	0	0	0	0	0	0
8006	61	66.0482	60.1895	2.61757	2.67567	0	0	0	0	0	0	0	0
8006	62	65.7849	62.9616	2.54743	2.52078	0	0	0	0	0	0	0	0
8006	63	65.5224	63.5268	2.76896	2.76367	0	0	0	0	0	0	0	0
8006	64	60.6179	59.6548	2.3277	2.30184	0	0	0	0	0	0	0	0
8006	65	60.3462	56.1101	2.42951	2.42991	0	0	0	0	0	0	0	0
8006	66	62.1943	65.9286	2.25138	2.24237	0	0	0	0	0	0	0	0
8006	67	58.5708	64.4741	2.81608	2.74908	0	0	0	0	0	0	0	0
8006	68	62.5065	63.1998	2.34786	2.30642	0	0	0	0	0	0	0	0
8006	69	58.8749	65.3616	2.44965	2.40315	0	0	0	0	0	0	0	0
8006	70	60.6596	60.8661	2.33591	2.32726	0	0	0	0	0	0	0	0
8006	71	53.5696	58.5338	4.88438	4.86758	0	0	0	0	0	0	0	0
8006	72	60.9361	57.1716	2.38164	2.37879	0	0	0	0	0	0	0	0
8006	73	60.8795	59.2136	2.38394	2.39261	0	0	0	0	0	0	0	0
8006	74	58.6012	61.1012	2.40613	2.38476	0	0	0	0	0	0	0	0
8006	75	58.0098	59.0022	2.45773	2.45176	0	0	0	0	0	0	0	0
8006	76	58.1033	61.66	2.55445	2.5419	0	0	0	0	0	0	0	0
8006	77	65.6129	63.0706	2.76642	2.80104	0	0	0	0	0	0	0	0
8006	78	59.4638	59.3802	2.5295	2.53196	0	0	0	0	0	0	0	0
8006	79	62.4919	60.8923	2.41586	2.44361	0	0	0	0	0	0	0	0
8006	80	81.2059	84.1913	4.40727	4.41906	0	0	0	0	0	0	0	0
8006	81	75.4158	76.8879	4.07712	4.0661	0	0	0	0	0	0	0	0
8006	82	87.3799	82.8209	3.45732	3.45586	0	0	0	0	0	0	0	0
8006	83	83.9328	80.4099	2.97621	3.03575	0	0	0	0	0	0	0	0
8006	84	81.6812	80.5795	3.15802	3.17766	0	0	0	0	0	0	0	0
8006	85	82.984	74.8379	3.04958	3.09855	0	0	0	0	0	0	0	0
8006	86	78.6133	84.199	3.1304	3.10206	0	0	0	0	0	0	0	0
8006	87	79.5408	78.1557	3.08472	3.10527	0	0	0	0	0	0	0	0
8006	88	76.0468	78.2353	2.92381	2.92576	0	0	0	0	0	0	0	0
8006	89	77.374	79.4024	2.80837	2.80918	0	0	0	0	0	0	0	0
8006	90	78.9588	80.9279	2.96408	2.9854	0	0	0	0	0	0	0	0
8006	91	80.3346	78.918	2.95703	2.94341	0	0	0	0	0	0	0	0
8006	92	76.187	73.2996	2.86228	2.87329	0	0	0	0	0	0	0	0
8006	93	77.4429	81.3777	2.95806	2.96638	0	0	0	0	0	0	0	0
8006	94	80.771	74.9119	2.96134	3.00065	0	0	0	0	0	0	0	0
8006	95	75.0881	77.9427	3.08121	3.06792	0	0	0	0	0	0	0	0
8006	96	63.3814	64.7209	2.13475	2.13898	0	0	0	0	0	0	0	0
8006	97	61.6446	64.4175	2.16246	2.151	0	0	0	0	0	0	0	0
8006	98	72.3939	69.8947	2.20378	2.23159	0	0	0	0	0	0	0	0
8006	99	66.7397	65.5066	2.1714	2.18479	0	0	0	0	0	0	0	0
8006	100	68.4997	64.8124	2.15539	2.21546	0	0	0	0	0	0	0	0
8006	101	64.2065	66.356	2.24253	2.23146	0	0	0	0	0	0	0	0
8006	102	65.5982	61.8611	2.19505	2.22548	0	0	0	0	0	0	0	0
8006	103	67.3359	64.4729	2.19116	2.20941	0	0	0	0	0	0	0	0
8006	104	63.3738	70.239	2.16531	2.15521	0	0	0	0	0	0	0	0
8006	105	65.1737	69.8346	2.16749	2.16937	0	0	0	0	0	0	0	0
8006	106	65.1553	70.46	2.17244	2.16791	0	0	0	0	0	0	0	0
8006	107	68.3086	68.2309	2.20334	2.21979	0	0	0	0	0	0	0	0
8006	108	63.202	61.6338	2.17443	2.18515	0	0	0	0	0	0	0	0
8006	109	68.0375	66.549	2.26914	2.29647	0	0	0	0	0	0	0	0
8006	110	63.9817	69.6734	2.2343	2.18052	0	0	0	0	0	0	0	0
8006	111	62.6682	62.8765	2.24241	2.25707	0	0	0	0	0	0	0	0
8006	112	96.8923	92.267	2.35923	2.46099	0	0	0	0	0	0	0	0
8006	113	95.7153	96.2382	2.30233	2.28185	0	0	0	0	0	0	0	0
8006	114	97.8054	101.897	2.2813	2.35028	0	0	0	0	0	0	0	0
8006	115	96.5313	90.1389	2.29454	2.38408	0	0	0	0	0	0	0	0
8006	116	92.1647	94.1655	2.47068	2.49336	0	0	0	0	0	0	0	0
8006	117	91.7327	85.2738	2.38915	2.3657	0	0	0	0	0	0	0	0
8006	118	97.7994	89.9429	2.20391	2.32562	0	0	0	0	0	0	0	0
8006	119	89.4096	91.9498	2.31498	2.32321	0	0	0	0	0	0	0	0
8006	120	89.4788	90.306	2.32564	2.33936	0	0	0	0	0	0	0	0
8006	121	90.9068	90.7191	2.53702	2.54774	0	0	0	0	0	0	0	0
8006	122	93.633	94.0484	2.27337	2.28741	0	0	0	0	0	0	0	0
8006	123	94.1814	93.1045	2.42085	2.46889	0	0	0	0	0	0	0	0
8006	124	95.6152	99.1611	2.28813	2.28683	0	0	0	0	0	0	0	0
8006	125	94.2998	95.0286	2.26758	2.29752	0	0	0	0	0	0	0	0
8006	126	97.362	94.8633	2.27574	2.32642	0	0	0	0	0	0	0	0
8006	127	88.3633	89.4437	2.33985	2.38485	0	0	0	0	0	0	0	0
8013	0	73.4214	67.8759	2.72019	2.71783	0	0	0	0	0	0	0	0
8013	1	66.8916	63.6621	2.8349	2.8099	0	0	0	0	0	0	0	0
8013	2	61.0464	61.4421	5.72394	5.71023	0	0	0	0	0	0	0	0
8013	3	69.8889	71.606	4.38098	4.42086	0	0	0	0	0	0	0	0
8013	4	65.7918	65.9367	4.90231	4.89303	0	0	0	0	0	0	0	0
8013	5	65.413	74.5956	4.52037	4.60439	0	0	0	0	0	0	0	0
8013	6	69.953	66.3227	5.51904	5.5674	0	0	0	0	0	0	0	0
8013	7	66.8955	62.7521	2.47146	2.4919	0	0	0	0	0	0	0	0
8013	8	65.6837	66.6356	4.01081	3.97045	0	0	0	0	0	0	0	0
8013	9	65.4165	62.2585	2.73849	2.76412	0	0	0	0	0	0	0	0
8013	10	64.0987	63.7195	3.18921	3.23388	0	0	0	0	0	0	0	0
8013	11	69.2493	70.8673	3.72599	3.75897	0	0	0	0	0	0	0	0
8013	12	69.4424	63.2414	2.52675	2.56241	0	0	0	0	0	0	0	0
8013	13	62.3975	61.4142	3.13572	3.14094	0	0	0	0	0	0	0	0
8013	14	65.3322	67.5199	2.34428	2.32989	0	0	0	0	0	0	0	0
8013	15	67.6428	69.24	2.52882	2.54229	0	0	0	0	0	0	0	0
8013	16	72.4716	82.9197	2.28158	2.34902	0	0	0	0	0	0	0	0
8013	17	77.6286	74.4614	2.56864	2.54163	0	0	0	0	0	0	0	0
8013	18	67.3834	69.2546	2.35921	2.3542	0	0	0	0	0	0	0	0
8013	19	72.375	65.7476	2.35482	2.4018	0	0	0	0	0	0	0	0
8013	20	77.0967	71.8862	2.32796	2.28201	0	0	0	0	0	0	0	0
8013	21	75.5736	79.5686	2.37988	2.42401	0	0	0	0	0	0	0	0
8013	22	66.9112	71.618	2.44688	2.42889	0	0	0	0	0	0	0	0
8013	23	67.9745	62.8524	2.32207	2.34599	0	0	0	0	0	0	0	0
8013	24	76.6229	74.6617	2.23135	2.22959	0	0	0	0	0	0	0	0
8013	25	64.7553	73.6976	2.37803	2.33476	0	0	0	0	0	0	0	0
8013	26	73.8079	67.6408	2.28987	2.30629	0	0	0	0	0	0	0	0
8013	27	71.2155	68.4863	2.44969	2.45277	0	0	0	0	0	0	0	0
8013	28	66.5844	65.6098	2.35386	2.34608	0	0	0	0	0	0	0	0
8013	29	70.4556	67.7238	2.53841	2.55727	0	0	0	0	0	0	0	0
8013	30	66.992	71.3052	2.62066	2.59307	0	0	0	0	0	0	0	0
8013	31	64.2641	61.299	2.4692	2.44241	0	0	0	0	0	0	0	0
8013	32	71.7817	75.0607	2.98919	3.02796	0	0	0	0	0	0	0	0
8013	33	83.9918	75.6309	2.8063	2.78724	0	0	0	0	0	0	0	0
8013	34	77.9078	79.3524	3.18145	3.22078	0	0	0	0	0	0	0	0
8013	35	69.7729	78.3052	2.82065	2.86799	0	0	0	0	0	0	0	0
8013	36	69.0393	68.1277	2.98405	3.00775	0	0	0	0	0	0	0	0
8013	37	74.7861	83.0739	2.62954	2.66533	0	0	0	0	0	0	0	0
8013	38	76.2818	75.3936	2.72452	2.78285	0	0	0	0	0	0	0	0
8013	39	69.5187	66.0225	2.61105	2.6275	0	0	0	0	0	0	0	0
8013	40	73.4925	80.0256	2.71101	2.80091	0	0	0	0	0	0	0	0
8013	41	68.376	79.0238	2.9649	2.98619	0	0	0	0	0	0	0	0
8013	42	69.8787	74.6489	2.85399	2.84566	0	0	0	0	0	0	0	0
8013	43	68.642	73.8687	2.81043	2.80806	0	0	0	0	0	0	0	0
8013	44	69.4474	66.4659	2.78741	2.78233	0	0	0	0	0	0	0	0
8013	45	73.8704	79.3129	2.68312	2.75416	0	0	0	0	0	0	0	0
8013	46	68.947	65.275	2.7798	2.81027	0	0	0	0	0	0	0	0
8013	47	66.543	70.7363	2.75249	2.74672	0	0	0	0	0	0	0	0
8013	48	82.1377	82.5663	2.60465	2.57745	0	0	0	0	0	0	0	0
8013	49	77.5725	77.914	2.81114	2.81407	0	0	0	0	0	0	0	0
8013	50	88.3893	75.72	2.82469	2.80986	0	0	0	0	0	0	0	0
8013	51	78.8915	74.6916	2.85834	2.87452	0	0	0	0	0	0	0	0
8013	52	81.6746	80.3315	2.6038	2.57892	0	0	0	0	0	0	0	0
8013	53	82.9528	79.1196	2.6917	2.68762	0	0	0	0	0	0	0	0
8013	54	72.277	85.797	2.47581	2.4089	0	0	0	0	0	0	0	0
8013	55	84.0997	83.473	2.71241	2.68841	0	0	0	0	0	0	0	0
8013	56	72.7607	72.1134	2.41097	2.40709	0	0	0	0	0	0	0	0
8013	57	73.3438	82.4912	2.52134	2.50483	0	0	0	0	0	0	0	0
8013	58	83.1742	81.1892	2.70825	2.67306	0	0	0	0	0	0	0	0
8013	59	71.3324	70.4855	2.76109	2.72339	0	0	0	0	0	0	0	0
8013	60	75.8599	74.8168	2.78614	2.76304	0	0	0	0	0	0	0	0
8013	61	81.5235	73.6634	2.99538	3.01339	0	0	0	0	0	0	0	0
8013	62	74.2092	87.2159	2.88899	2.89643	0	0	0	0	0	0	0	0
8013	63	79.8466	76.3047	2.83448	2.83822	0	0	0	0	0	0	0	0
8013	64	85.3389	82.1798	2.29904	2.36959	0	0	0	0	0	0	0	0
8013	65	87.7001	86.8348	2.31612	2.32819	0	0	0	0	0	0	0	0
8013	66	81.9095	85.4712	2.25024	2.21248	0	0	0	0	0	0	0	0
8013	67	83.9006	83.2996	2.41959	2.4247	0	0	0	0	0	0	0	0
8013	68	85.5006	83.0975	2.29117	2.34141	0	0	0	0	0	0	0	0
8013	69	87.1148	84.3476	2.3047	2.34391	0	0	0	0	0	0	0	0
8013	70	82.8385	83.004	2.34097	2.36911	0	0	0	0	0	0	0	0
8013	71	83.3937	84.2614	2.73416	2.71879	0	0	0	0	0	0	0	0
8013	72	83.9622	86.3573	2.36799	2.33932	0	0	0	0	0	0	0	0
8013	73	84.2203	83.2893	2.3062	2.30688	0	0	0	0	0	0	0	0
8013	74	82.0378	88.4273	2.89334	2.8057	0	0	0	0	0	0	0	0
8013	75	86.1057	85.4951	2.47368	2.47589	0	0	0	0	0	0	0	0
8013	76	80.184	80.0289	2.57754	2.55285	0	0	0	0	0	0	0	0
8013	77	81.1865	83.4932	2.57038	2.56127	0	0	0	0	0	0	0	0
8013	78	88.9177	86.5904	2.39326	2.37327	0	0	0	0	0	0	0	0
8013	79	87.468	84.2622	2.417	2.46956	0	0	0	0	0	0	0	0
8013	80	67.163	72.5237	4.85025	4.74795	0	0	0	0	0	0	0	0
8013	81	72.4248	70.848	4.19004	4.2239	0	0	0	0	0	0	0	0
8013	82	71.3673	72.5897	3.86402	3.83931	0	0	0	0	0	0	0	0
8013	83	73.3196	75.9852	3.40534	3.38545	0	0	0	0	0	0	0	0
8013	84	72.8237	73.8797	3.50496	3.49415	0	0	0	0	0	0	0	0
8013	85	73.3859	70.9111	3.57009	3.62285	0	0	0	0	0	0	0	0
8013	86	69.0592	74.9012	3.22138	3.18132	0	0	0	0	0	0	0	0
8013	87	68.6228	70.5892	3.77956	3.77644	0	0	0	0	0	0	0	0
8013	88	74.0178	71.1814	3.09502	3.12636	0	0	0	0	0	0	0	0
8013	89	70.9103	70.8185	3.14976	3.18269	0	0	0	0	0	0	0	0
8013	90	68.9237	71.2176	3.27844	3.24464	0	0	0	0	0	0	0	0
8013	91	66.8002	70.5743	3.2168	3.20504	0	0	0	0	0	0	0	0
8013	92	68.5667	70.7621	3.22336	3.22207	0	0	0	0	0	0	0	0
8013	93	77.9245	77.0518	3.58611	3.56447	0	0	0	0	0	0	0	0
8013	94	67.7644	68.9486	3.17872	3.17698	0	0	0	0	0	0	0	0
8013	95	67.2488	68.2839	3.29203	3.31242	0	0	0	0	0	0	0	0
8013	96	81.638	85.193	2.30501	2.23937	0	0	0	0	0	0	0	0
8013	97	83.1084	81.1754	2.26154	2.2359	0	0	0	0	0	0	0	0
8013	98	81.6614	86.107	2.15006	2.10543	0	0	0	0	0	0	0	0
8013	99	90.3968	89.6933	2.17326	2.15941	0	0	0	0	0	0	0	0
8013	100	84.4823	84.5784	2.21653	2.18629	0	0	0	0	0	0	0	0
8013	101	74.2536	76.2127	2.14541	2.10599	0	0	0	0	0	0	0	0
8013	102	84.5567	84.3024	3.15911	3.14546	0	0	0	0	0	0	0	0
8013	103	74.854	79.3924	2.13205	2.13527	0	0	0	0	0	0	0	0
8013	104	85.5402	77.5588	2.10863	2.16153	0	0	0	0	0	0	0	0
8013	105	82.962	76.4239	2.74911	2.77278	0	0	0	0	0	0	0	0
8013	106	82.8646	82.6793	2.50507	2.51877	0	0	0	0	0	0	0	0
8013	107	75.78	84.8361	2.32998	2.32294	0	0	0	0	0	0	0	0
8013	108	79.9483	86.4311	2.23601	2.19113	0	0	0	0	0	0	0	0
8013	109	88.723	86.4275	2.17211	2.15175	0	0	0	0	0	0	0	0
8013	110	81.4461	83.1565	2.19296	2.1757	0	0	0	0	0	0	0	0
8013	111	82.3487	79.3708	2.18992	2.18535	0	0	0	0	0	0	0	0
8013	112	75.023	77.9526	2.68811	2.65067	0	0	0	0	0	0	0	0
8013	113	74.2699	72.7908	2.75976	2.71027	0	0	0	0	0	0	0	0
8013	114	75.9181	76.3452	2.7188	2.67128	0	0	0	0	0	0	0	0
8013	115	75.2883	76.1717	2.63089	2.6186	0	0	0	0	0	0	0	0
8013	116	81.1107	79.332	2.61193	2.58757	0	0	0	0	0	0	0	0
8013	117	74.8681	74.1361	2.69579	2.65748	0	0	0	0	0	0	0	0
8013	118	75.5611	75.1641	2.60829	2.57495	0	0	0	0	0	0	0	0
8013	119	73.5118	72.1476	2.59201	2.53978	0	0	0	0	0	0	0	0
8013	120	75.0274	80.5878	2.69334	2.64196	0	0	0	0	0	0	0	0
8013	121	70.3827	68.3701	2.65838	2.63057	0	0	0	0	0	0	0	0
8013	122	70.2904	75.8865	2.62677	2.58244	0	0	0	0	0	0	0	0
8013	123	72.8795	71.7271	2.6865	2.63118	0	0	0	0	0	0	0	0
8013	124	71.0242	69.845	2.65452	2.6276	0	0	0	0	0	0	0	0
8013	125	71.7111	69.0847	2.64997	2.60912	0	0	0	0	0	0	0	0
8013	126	75.0914	75.8614	2.68643	2.62955	0	0	0	0	0	0	0	0
8013	127	74.4199	73.6056	2.67669	2.61955	0	0	0	0	0	0	0	0
8034	0	78.6222	71.2027	2.39165	2.45326	0	0	0	0	0	0	0	0
8034	1	71.1652	65.7502	2.267	2.27668	0	0	0	0	0	0	0	0
8034	2	75.9534	73.0356	2.40069	2.40616	0	0	0	0	0	0	0	0
8034	3	71.4957	71.1494	2.35035	2.35055	0	0	0	0	0	0	0	0
8034	4	70.318	73.5352	2.3135	2.32668	0	0	0	0	0	0	0	0
8034	5	64.4507	71.957	2.35676	2.35324	0	0	0	0	0	0	0	0
8034	6	71.374	79.424	3.65325	3.62622	0	0	0	0	0	0	0	0
8034	7	72.1613	74.0481	2.27804	2.28791	0	0	0	0	0	0	0	0
8034	8	73.3943	76.9304	2.30032	2.30351	0	0	0	0	0	0	0	0
8034	9	75.889	80.516	2.30576	2.311	0	0	0	0	0	0	0	0
8034	10	85.8182	77.4802	2.37156	2.3444	0	0	0	0	0	0	0	0
8034	11	74.0802	79.6031	2.28331	2.26719	0	0	0	0	0	0	0	0
8034	12	77.9652	78.2895	2.65663	2.63822	0	0	0	0	0	0	0	0
8034	13	69.6472	72.2545	2.27138	2.27654	0	0	0	0	0	0	0	0
8034	14	73.0981	75.5332	2.35089	2.34712	0	0	0	0	0	0	0	0
8034	15	74.922	75.2587	2.47641	2.47153	0	0	0	0	0	0	0	0
8034	16	76.9414	66.6037	2.57854	2.58739	0	0	0	0	0	0	0	0
8034	17	76.6346	74.6972	2.51744	2.53865	0	0	0	0	0	0	0	0
8034	18	71.3752	76.9631	2.66853	2.68653	0	0	0	0	0	0	0	0
8034	19	71.684	67.6392	2.59106	2.6197	0	0	0	0	0	0	0	0
8034	20	69.2849	68.7847	2.77422	2.78659	0	0	0	0	0	0	0	0
8034	21	74.6667	74.1369	2.79972	2.79584	0	0	0	0	0	0	0	0
8034	22	68.568	66.3704	2.61002	2.62615	0	0	0	0	0	0	0	0
8034	23	71.9983	73.8282	2.49896	2.50041	0	0	0	0	0	0	0	0
8034	24	69.9385	72.7476	3.03362	3.01138	0	0	0	0	0	0	0	0
8034	25	64.6929	65.6242	2.50298	2.5301	0	0	0	0	0	0	0	0
8034	26	69.1362	71.4996	3.32178	3.30241	0	0	0	0	0	0	0	0
8034	27	65.5751	67.3264	2.58369	2.58955	0	0	0	0	0	0	0	0
8034	28	72.1093	67.3468	2.68478	2.68965	0	0	0	0	0	0	0	0
8034	29	68.1851	68.2274	2.56693	2.56379	0	0	0	0	0	0	0	0
8034	30	72.7301	74.6172	2.53419	2.53525	0	0	0	0	0	0	0	0
8034	31	68.3752	64.4072	2.5257	2.54096	0	0	0	0	0	0	0	0
8034	32	72.8862	68.9081	2.85192	2.84702	0	0	0	0	0	0	0	0
8034	33	70.5571	71.5151	2.8315	2.81836	0	0	0	0	0	0	0	0
8034	34	71.2235	74.5985	2.86594	2.82869	0	0	0	0	0	0	0	0
8034	35	68.9752	67.319	2.83862	2.83088	0	0	0	0	0	0	0	0
8034	36	77.4911	71.7055	2.77456	2.77831	0	0	0	0	0	0	0	0
8034	37	72.5855	73.3052	2.8819	2.86584	0	0	0	0	0	0	0	0
8034	38	73.9352	70.2545	2.83942	2.83737	0	0	0	0	0	0	0	0
8034	39	70.5461	69.6349	2.59907	2.59836	0	0	0	0	0	0	0	0
8034	40	72.1805	71.8038	2.89075	2.86211	0	0	0	0	0	0	0	0
8034	41	73.1643	67.8141	2.64517	2.67055	0	0	0	0	0	0	0	0
8034	42	72.3448	77.6599	3.09055	3.06877	0	0	0	0	0	0	0	0
8034	43	70.4187	72.529	2.88047	2.85624	0	0	0	0	0	0	0	0
8034	44	73.3398	75.9715	2.95359	2.91098	0	0	0	0	0	0	0	0
8034	45	64.1977	71.7196	2.75659	2.75878	0	0	0	0	0	0	0	0
8034	46	65.6329	68.0111	2.8408	2.84083	0	0	0	0	0	0	0	0
8034	47	69.8721	70.8653	2.61596	2.61538	0	0	0	0	0	0	0	0
8034	48	63.185	56.1963	2.33788	2.34679	0	0	0	0	0	0	0	0
8034	49	58.0144	72.1318	2.94126	2.92325	0	0	0	0	0	0	0	0
8034	50	60.8258	60.3036	2.70211	2.72489	0	0	0	0	0	0	0	0
8034	51	63.7948	61.6241	2.87353	2.89418	0	0	0	0	0	0	0	0
8034	52	69.3705	69.7564	2.48385	2.48925	0	0	0	0	0	0	0	0
8034	53	58.3793	64.0456	3.36459	3.3493	0	0	0	0	0	0	0	0
8034	54	63.6381	60.378	2.55271	2.60649	0	0	0	0	0	0	0	0
8034	55	67.0567	67.0738	2.42559	2.45337	0	0	0	0	0	0	0	0
8034	56	63.8498	62.2915	2.58694	2.58698	0	0	0	0	0	0	0	0
8034	57	57.4666	57.7431	3.18181	3.20172	0	0	0	0	0	0	0	0
8034	58	65.1228	64.4475	3.05937	3.06569	0	0	0	0	0	0	0	0
8034	59	61.0728	60.6338	2.79718	2.79799	0	0	0	0	0	0	0	0
8034	60	64.5509	68.3694	2.98221	2.99651	0	0	0	0	0	0	0	0
8034	61	61.7543	62.1851	2.92184	2.92805	0	0	0	0	0	0	0	0
8034	62	62.3928	61.7964	2.88111	2.88446	0	0	0	0	0	0	0	0
8034	63	61.6113	64.1034	3.19022	3.18342	0	0	0	0	0	0	0	0
8034	64	71.2521	66.0339	2.26098	2.30387	0	0	0	0	0	0	0	0
8034	65	66.4691	68.8274	2.46891	2.43865	0	0	0	0	0	0	0	0
8034	66	73.4728	70.6022	3.68654	3.69626	0	0	0	0	0	0	0	0
8034	67	67.8501	71.0131	2.58655	2.5835	0	0	0	0	0	0	0	0
8034	68	66.8178	66.6576	2.24651	2.24129	0	0	0	0	0	0	0	0
8034	69	63.6825	63.892	2.82492	2.78476	0	0	0	0	0	0	0	0
8034	70	66.43	68.8058	2.34614	2.34548	0	0	0	0	0	0	0	0
8034	71	72.2588	70.3714	2.52439	2.53327	0	0	0	0	0	0	0	0
8034	72	70.0815	73.8916	4.29151	4.3109	0	0	0	0	0	0	0	0
8034	73	68.9762	65.9592	2.31793	2.35239	0	0	0	0	0	0	0	0
8034	74	66.155	68.9582	2.32742	2.28936	0	0	0	0	0	0	0	0
8034	75	66.4432	63.893	2.3944	2.37444	0	0	0	0	0	0	0	0
8034	76	63.0749	64.519	2.43743	2.41325	0	0	0	0	0	0	0	0
8034	77	65.5899	65.0123	2.32124	2.32738	0	0	0	0	0	0	0	0
8034	78	73.3216	70.49	2.37094	2.35163	0	0	0	0	0	0	0	0
8034	79	75.5106	72.5709	2.45453	2.42537	0	0	0	0	0	0	0	0
8034	80	78.2827	78.7301	3.62971	3.67398	0	0	0	0	0	0	0	0
8034	81	74.9806	73.8479	2.9382	2.9405	0	0	0	0	0	0	0	0
8034	82	76.0324	80.7435	2.94331	2.9376	0	0	0	0	0	0	0	0
8034	83	73.9069	75.8306	2.48328	2.47988	0	0	0	0	0	0	0	0
8034	84	69.2706	65.6798	2.58655	2.58003	0	0	0	0	0	0	0	0
8034	85	77.3194	77.7563	2.28361	2.28311	0	0	0	0	0	0	0	0
8034	86	73.9364	73.6466	2.44922	2.46874	0	0	0	0	0	0	0	0
8034	87	70.935	74.9582	3.4412	3.41217	0	0	0	0	0	0	0	0
8034	88	70.329	71.4204	2.30025	2.27664	0	0	0	0	0	0	0	0
8034	89	72.9881	76.2015	2.2314	2.2014	0	0	0	0	0	0	0	0
8034	90	76.7684	77.273	2.24677	2.26216	0	0	0	0	0	0	0	0
8034	91	76.2312	73.828	2.37737	2.37778	0	0	0	0	0	0	0	0
8034	92	72.6848	74.2263	2.82693	2.80829	0	0	0	0	0	0	0	0
8034	93	70.9689	72.5174	2.37542	2.38629	0	0	0	0	0	0	0	0
8034	94	73.001	70.2312	2.85263	2.86752	0	0	0	0	0	0	0	0
8034	95	78.7332	73.3862	2.35705	2.36991	0	0	0	0	0	0	0	0
8034	96	72.7104	77.6446	2.78472	2.75299	0	0	0	0	0	0	0	0
8034	97	76.0499	73.5645	2.69267	2.71253	0	0	0	0	0	0	0	0
8034	98	75.9328	75.4945	2.76311	2.72986	0	0	0	0	0	0	0	0
8034	99	75.0971	74.2076	2.72565	2.72791	0	0	0	0	0	0	0	0
8034	100	78.046	76.0769	2.72725	2.73548	0	0	0	0	0	0	0	0
8034	101	76.1825	71.3903	2.78385	2.78108	0	0	0	0	0	0	0	0
8034	102	75.1757	75.3251	2.80183	2.77976	0	0	0	0	0	0	0	0
8034	103	72.5093	71.201	2.86112	2.8438	0	0	0	0	0	0	0	0
8034	104	73.2211	75.64	2.80961	2.81356	0	0	0	0	0	0	0	0
8034	105	73.3515	74.2175	2.76465	2.75174	0	0	0	0	0	0	0	0
8034	106	76.8755	75.0371	2.73555	2.78488	0	0	0	0	0	0	0	0
8034	107	77.847	77.7989	2.79298	2.78724	0	0	0	0	0	0	0	0
8034	108	73.9479	76.0028	2.84918	2.83521	0	0	0	0	0	0	0	0
8034	109	76.8412	71.9264	2.76637	2.78153	0	0	0	0	0	0	0	0
8034	110	74.0041	71.8129	2.73889	2.75201	0	0	0	0	0	0	0	0
8034	111	72.9892	80.779	2.71568	2.6922	0	0	0	0	0	0	0	0
8034	112	64.8464	66.2549	2.15107	2.13797	0	0	0	0	0	0	0	0
8034	113	66.0774	68.1581	2.1048	2.09939	0	0	0	0	0	0	0	0
8034	114	65.5896	68.1615	2.1448	2.15126	0	0	0	0	0	0	0	0
8034	115	67.1455	70.0931	2.07336	2.06038	0	0	0	0	0	0	0	0
8034	116	65.1001	69.2673	2.17941	2.1702	0	0	0	0	0	0	0	0
8034	117	69.0654	73.857	2.18129	2.16007	0	0	0	0	0	0	0	0
8034	118	71.6967	66.1647	2.02611	2.08601	0	0	0	0	0	0	0	0
8034	119	65.0552	62.833	2.10972	2.12472	0	0	0	0	0	0	0	0
8034	120	69.1723	69.4093	2.10084	2.1428	0	0	0	0	0	0	0	0
8034	121	69.3639	66.695	2.08125	2.11112	0	0	0	0	0	0	0	0
8034	122	67.2869	65.1002	2.08641	2.13003	0	0	0	0	0	0	0	0
8034	123	66.2391	64.9711	2.18071	2.20037	0	0	0	0	0	0	0	0
8034	124	64.2685	69.7299	2.15137	2.1187	0	0	0	0	0	0	0	0
8034	125	66.2458	66.4214	2.1221	2.1119	0	0	0	0	0	0	0	0
8034	126	64.9711	66.7036	2.11603	2.11055	0	0	0	0	0	0	0	0
8034	127	65.4876	69.2641	2.17287	2.15652	0	0	0	0	0	0	0	0
8021	0	69.3804	71.2354	2.45884	2.47126	0	0	0	0	0	0	0	0
8021	1	65.2612	69.3345	2.40536	2.40959	0	0	0	0	0	0	0	0
8021	2	68.9809	68.0842	2.41858	2.46206	0	0	0	0	0	0	0	0
8021	3	68.342	67.7202	2.41473	2.3839	0	0	0	0	0	0	0	0
8021	4	72.3145	75.1462	2.41617	2.44709	0	0	0	0	0	0	0	0
8021	5	66.4985	72.1376	2.40721	2.40275	0	0	0	0	0	0	0	0
8021	6	70.5269	65.6366	2.36229	2.40293	0	0	0	0	0	0	0	0
8021	7	67.4535	73.3551	2.4226	2.43366	0	0	0	0	0	0	0	0
8021	8	74.4219	69.1962	2.43774	2.48008	0	0	0	0	0	0	0	0
8021	9	63.6096	64.6658	2.42343	2.46556	0	0	0	0	0	0	0	0
8021	10	69.0252	61.0132	2.51001	2.54504	0	0	0	0	0	0	0	0
8021	11	60.83	76.628	2.41733	2.44326	0	0	0	0	0	0	0	0
8021	12	69.2685	68.8019	2.45718	2.46763	0	0	0	0	0	0	0	0
8021	13	67.7936	73.1059	2.46196	2.46503	0	0	0	0	0	0	0	0
8021	14	66.5637	63.5369	2.39312	2.41983	0	0	0	0	0	0	0	0
8021	15	69.1833	71.4831	2.41502	2.39624	0	0	0	0	0	0	0	0
8021	16	60.4076	59.8791	2.3655	2.34161	0	0	0	0	0	0	0	0
8021	17	61.1504	67.237	3.82176	3.76058	0	0	0	0	0	0	0	0
8021	18	59.9575	66.3407	2.42047	2.38152	0	0	0	0	0	0	0	0
8021	19	66.4334	63.5589	2.32133	2.3343	0	0	0	0	0	0	0	0
8021	20	61.0338	66.6723	3.15392	3.05646	0	0	0	0	0	0	0	0
8021	21	63.06	61.57	2.4418	2.4497	0	0	0	0	0	0	0	0
8021	22	67.254	67.3299	2.27592	2.25031	0	0	0	0	0	0	0	0
8021	23	63.765	62.9105	2.59527	2.58765	0	0	0	0	0	0	0	0
8021	24	65.6759	71.8653	3.84657	3.88691	0	0	0	0	0	0	0	0
8021	25	60.7115	64.5103	2.8945	2.89489	0	0	0	0	0	0	0	0
8021	26	65.2118	58.2617	2.24587	2.25774	0	0	0	0	0	0	0	0
8021	27	57.1678	63.6133	2.33509	2.33659	0	0	0	0	0	0	0	0
8021	28	57.5882	63.2609	2.43967	2.4108	0	0	0	0	0	0	0	0
8021	29	63.9029	61.609	3.78805	3.77557	0	0	0	0	0	0	0	0
8021	30	70.0032	70.8947	2.27492	2.25967	0	0	0	0	0	0	0	0
8021	31	59.5114	59.3309	2.32555	2.31124	0	0	0	0	0	0	0	0
8021	32	71.5815	67.6563	2.78269	2.83714	0	0	0	0	0	0	0	0
8021	33	66.1664	62.5387	2.67597	2.67081	0	0	0	0	0	0	0	0
8021	34	68.0387	69.1116	2.91877	2.92628	0	0	0	0	0	0	0	0
8021	35	64.9054	62.5294	2.66673	2.65126	0	0	0	0	0	0	0	0
8021	36	67.2704	64.0318	2.80911	2.83358	0	0	0	0	0	0	0	0
8021	37	66.0607	56.8222	2.61103	2.61158	0	0	0	0	0	0	0	0
8021	38	60.9328	64.2695	2.68976	2.69575	0	0	0	0	0	0	0	0
8021	39	64.8941	65.6102	2.58275	2.62223	0	0	0	0	0	0	0	0
8021	40	60.2172	65.4469	2.75262	2.74606	0	0	0	0	0	0	0	0
8021	41	63.5743	67.1749	2.62193	2.63307	0	0	0	0	0	0	0	0
8021	42	68.2494	66.0478	2.92191	2.95546	0	0	0	0	0	0	0	0
8021	43	63.6137	61.2397	2.61595	2.61871	0	0	0	0	0	0	0	0
8021	44	69.3788	68.5968	2.8863	2.917	0	0	0	0	0	0	0	0
8021	45	64.937	63.6173	2.71094	2.7191	0	0	0	0	0	0	0	0
8021	46	69.2338	65.9529	2.65212	2.68253	0	0	0	0	0	0	0	0
8021	47	68.2246	67.0212	2.59121	2.59825	0	0	0	0	0	0	0	0
8021	48	60.2427	58.0102	2.69625	2.72077	0	0	0	0	0	0	0	0
8021	49	61.8974	62.2506	2.94462	2.96576	0	0	0	0	0	0	0	0
8021	50	59.0504	57.9376	2.81282	2.80836	0	0	0	0	0	0	0	0
8021	51	62.3158	65.1515	2.89128	2.87797	0	0	0	0	0	0	0	0
8021	52	65.5013	53.9825	2.73418	2.79044	0	0	0	0	0	0	0	0
8021	53	59.0556	59.9398	3.02301	2.98623	0	0	0	0	0	0	0	0
8021	54	59.4403	62.8265	2.67005	2.67448	0	0	0	0	0	0	0	0
8021	55	59.2996	58.8193	2.9619	2.95081	0	0	0	0	0	0	0	0
8021	56	57.7716	59.9156	2.70895	2.71519	0	0	0	0	0	0	0	0
8021	57	62.8273	64.8369	2.7711	2.80347	0	0	0	0	0	0	0	0
8021	58	59.0846	58.4046	2.75852	2.73419	0	0	0	0	0	0	0	0
8021	59	57.4436	54.1143	3.02538	3.01482	0	0	0	0	0	0	0	0
8021	60	57.4268	56.3424	3.02428	3.02363	0	0	0	0	0	0	0	0
8021	61	68.549	60.9136	2.92418	2.96245	0	0	0	0	0	0	0	0
8021	62	62.8279	64.1589	2.93014	2.94403	0	0	0	0	0	0	0	0
8021	63	60.2759	59.0003	3.13676	3.15795	0	0	0	0	0	0	0	0
8021	64	62.2795	56.4074	2.22668	2.24046	0	0	0	0	0	0	0	0
8021	65	60.8065	60.6895	3.04962	3.07548	0	0	0	0	0	0	0	0
8021	66	63.7917	60.9469	2.45866	2.48124	0	0	0	0	0	0	0	0
8021	67	64.7181	58.6979	3.95705	4.04736	0	0	0	0	0	0	0	0
8021	68	62.3743	60.6351	2.26125	2.25767	0	0	0	0	0	0	0	0
8021	69	61.4054	58.1352	2.73788	2.74216	0	0	0	0	0	0	0	0
8021	70	63.7552	64.2514	2.46082	2.43614	0	0	0	0	0	0	0	0
8021	71	57.8723	58.7156	2.6612	2.686	0	0	0	0	0	0	0	0
8021	72	60.9314	67.3068	3.29401	3.25566	0	0	0	0	0	0	0	0
8021	73	61.1581	58.2042	2.5784	2.58794	0	0	0	0	0	0	0	0
8021	74	56.8813	58.9962	2.38168	2.3786	0	0	0	0	0	0	0	0
8021	75	59.0161	65.8337	2.33928	2.27458	0	0	0	0	0	0	0	0
8021	76	66.5301	63.0645	2.31688	2.33117	0	0	0	0	0	0	0	0
8021	77	59.2174	67.1399	4.65398	4.62549	0	0	0	0	0	0	0	0
8021	78	61.1247	57.9379	5.03156	5.11911	0	0	0	0	0	0	0	0
8021	79	62.7514	60.4136	2.39307	2.3999	0	0	0	0	0	0	0	0
8021	80	78.226	76.9529	4.13044	4.19959	0	0	0	0	0	0	0	0
8021	81	78.0426	79.3984	3.26171	3.19822	0	0	0	0	0	0	0	0
8021	82	76.9003	76.2676	3.29134	3.30933	0	0	0	0	0	0	0	0
8021	83	82.205	76.1653	2.76319	2.81001	0	0	0	0	0	0	0	0
8021	84	81.9414	83.8206	2.93586	2.94557	0	0	0	0	0	0	0	0
8021	85	77.7478	74.0925	2.63687	2.66207	0	0	0	0	0	0	0	0
8021	86	83.2625	79.1557	2.51812	2.53093	0	0	0	0	0	0	0	0
8021	87	75.5166	74.0312	2.54291	2.51637	0	0	0	0	0	0	0	0
8021	88	76.2748	77.5927	2.55049	2.53873	0	0	0	0	0	0	0	0
8021	89	80.7327	79.2058	2.44116	2.41004	0	0	0	0	0	0	0	0
8021	90	81.9492	81.5938	2.56127	2.57393	0	0	0	0	0	0	0	0
8021	91	76.2726	75.8998	2.50603	2.49926	0	0	0	0	0	0	0	0
8021	92	78.3842	78.2567	2.49791	2.48312	0	0	0	0	0	0	0	0
8021	93	76.4246	76.3983	2.65524	2.62665	0	0	0	0	0	0	0	0
8021	94	78.7793	78.3764	2.56047	2.54862	0	0	0	0	0	0	0	0
8021	95	78.8369	73.2326	2.70002	2.71559	0	0	0	0	0	0	0	0
8021	96	72.8791	72.2605	2.17922	2.17131	0	0	0	0	0	0	0	0
8021	97	76.7459	83.4394	2.16254	2.12178	0	0	0	0	0	0	0	0
8021	98	79.3803	81.7387	2.23901	2.27274	0	0	0	0	0	0	0	0
8021	99	74.9508	72.5961	2.20144	2.20595	0	0	0	0	0	0	0	0
8021	100	80.9444	79.5111	2.17641	2.20046	0	0	0	0	0	0	0	0
8021	101	80.7983	78.7692	2.14481	2.16765	0	0	0	0	0	0	0	0
8021	102	79.9085	81.943	2.15609	2.16112	0	0	0	0	0	0	0	0
8021	103	79.5273	78.2788	2.12714	2.16289	0	0	0	0	0	0	0	0
8021	104	76.4102	80.1975	2.20185	2.19529	0	0	0	0	0	0	0	0
8021	105	78.7133	79.8902	2.20296	2.20632	0	0	0	0	0	0	0	0
8021	106	75.7426	73.9406	2.18931	2.21161	0	0	0	0	0	0	0	0
8021	107	75.6203	77.8189	2.24089	2.24479	0	0	0	0	0	0	0	0
8021	108	74.6991	77.5318	2.22907	2.20449	0	0	0	0	0	0	0	0
8021	109	76.1682	83.4217	2.19486	2.15024	0	0	0	0	0	0	0	0
8021	110	73.4021	74.953	2.17604	2.15981	0	0	0	0	0	0	0	0
8021	111	76.1807	76.152	2.22176	2.2214	0	0	0	0	0	0	0	0
8021	112	61.5099	60.3853	2.64555	2.62187	0	0	0	0	0	0	0	0
8021	113	66.6568	69.4839	2.55383	2.54875	0	0	0	0	0	0	0	0
8021	114	62.7193	69.0274	2.62641	2.60121	0	0	0	0	0	0	0	0
8021	115	60.9733	61.1676	2.53327	2.54782	0	0	0	0	0	0	0	0
8021	116	64.5844	59.0438	2.59418	2.61445	0	0	0	0	0	0	0	0
8021	117	62.3115	67.3279	2.56448	2.52891	0	0	0	0	0	0	0	0
8021	118	64.7669	63.346	2.52803	2.53982	0	0	0	0	0	0	0	0
8021	119	62.0188	62.8712	2.58746	2.57755	0	0	0	0	0	0	0	0
8021	120	62.8648	65.1773	2.60975	2.5901	0	0	0	0	0	0	0	0
8021	121	56.5831	63.2038	2.70424	2.70765	0	0	0	0	0	0	0	0
8021	122	58.2098	58.5473	2.59488	2.57289	0	0	0	0	0	0	0	0
8021	123	67.3318	60.1413	2.60808	2.61942	0	0	0	0	0	0	0	0
8021	124	62.9786	66.2139	2.57854	2.54593	0	0	0	0	0	0	0	0
8021	125	58.9325	63.8642	2.64342	2.60206	0	0	0	0	0	0	0	0
8021	126	64.7153	62.902	2.5659	2.55245	0	0	0	0	0	0	0	0
8021	127	66.2762	69.8369	2.59233	2.59059	0	0	0	0	0	0	0	0
8066	0	61.6993	69.6735	2.3989	2.36367	0	0	0	0	0	0	0	0
8066	1	63.3173	70.0622	2.60703	2.57209	0	0	0	0	0	0	0	0
8066	2	61.3254	69.4085	2.30745	2.26682	0	0	0	0	0	0	0	0
8066	3	66.5766	68.519	2.30766	2.29221	0	0	0	0	0	0	0	0
8066	4	76.6731	70.2244	2.30011	2.26558	0	0	0	0	0	0	0	0
8066	5	67.2914	66.7234	2.31946	2.36771	0	0	0	0	0	0	0	0
8066	6	66.8123	73.2588	2.25262	2.27498	0	0	0	0	0	0	0	0
8066	7	71.551	67.2077	2.24908	2.26666	0	0	0	0	0	0	0	0
8066	8	64.258	66.3443	2.40259	2.43175	0	0	0	0	0	0	0	0
8066	9	66.0343	63.099	2.40895	2.42386	0	0	0	0	0	0	0	0
8066	10	67.5438	68.6812	2.45768	2.45685	0	0	0	0	0	0	0	0
8066	11	63.7056	65.9619	2.30523	2.29063	0	0	0	0	0	0	0	0
8066	12	64.3405	65.9713	2.44443	2.4457	0	0	0	0	0	0	0	0
8066	13	62.6542	63.4005	2.2988	2.30032	0	0	0	0	0	0	0	0
8066	14	69.1407	62.7953	2.209	2.23414	0	0	0	0	0	0	0	0
8066	15	70.6312	72.0573	2.29457	2.29789	0	0	0	0	0	0	0	0
8066	16	77.7582	83.6907	5.82992	5.7141	0	0	0	0	0	0	0	0
8066	17	77.3522	80.1715	2.358	2.34254	0	0	0	0	0	0	0	0
8066	18	75.2325	83.1179	2.15633	2.1379	0	0	0	0	0	0	0	0
8066	19	81.582	86.0929	2.47519	2.43434	0	0	0	0	0	0	0	0
8066	20	82.4996	80.1708	2.43564	2.3854	0	0	0	0	0	0	0	0
8066	21	83.3391	79.249	2.39316	2.3837	0	0	0	0	0	0	0	0
8066	22	82.7188	79.3397	2.56296	2.5861	0	0	0	0	0	0	0	0
8066	23	80.6815	76.4489	2.24317	2.22021	0	0	0	0	0	0	0	0
8066	24	85.3993	78.6302	2.07564	2.10998	0	0	0	0	0	0	0	0
8066	25	71.7542	74.6275	2.18388	2.17053	0	0	0	0	0	0	0	0
8066	26	81.6319	83.1783	2.58146	2.5338	0	0	0	0	0	0	0	0
8066	27	79.9652	76.358	3.05554	3.08469	0	0	0	0	0	0	0	0
8066	28	85.4426	74.707	2.28752	2.34383	0	0	0	0	0	0	0	0
8066	29	73.9242	76.7517	2.25801	2.24109	0	0	0	0	0	0	0	0
8066	30	81.4035	73.5801	2.18999	2.1943	0	0	0	0	0	0	0	0
8066	31	71.0314	77.252	2.19339	2.17485	0	0	0	0	0	0	0	0
8066	32	65.129	61.987	2.75847	2.7834	0	0	0	0	0	0	0	0
8066	33	63.6585	60.6959	2.51025	2.55795	0	0	0	0	0	0	0	0
8066	34	60.7094	66.3174	2.66295	2.6624	0	0	0	0	0	0	0	0
8066	35	59.3755	60.7592	2.74513	2.74037	0	0	0	0	0	0	0	0
8066	36	59.522	63.9488	2.74807	2.75318	0	0	0	0	0	0	0	0
8066	37	63.6447	64.3339	2.4805	2.46153	0	0	0	0	0	0	0	0
8066	38	59.2592	59.3113	2.52387	2.52604	0	0	0	0	0	0	0	0
8066	39	61.9387	57.1373	2.42958	2.43638	0	0	0	0	0	0	0	0
8066	40	56.2547	62.6583	2.7039	2.72174	0	0	0	0	0	0	0	0
8066	41	59.5764	57.7142	2.60262	2.6348	0	0	0	0	0	0	0	0
8066	42	64.1353	60.9139	3.03808	3.09816	0	0	0	0	0	0	0	0
8066	43	60.0539	58.4755	2.46975	2.43957	0	0	0	0	0	0	0	0
8066	44	60.5645	57.5271	2.88966	2.9491	0	0	0	0	0	0	0	0
8066	45	53.6851	51.3023	2.41839	2.44182	0	0	0	0	0	0	0	0
8066	46	58.9585	62.2247	3.16649	3.21161	0	0	0	0	0	0	0	0
8066	47	58.1273	58.3669	2.39931	2.3907	0	0	0	0	0	0	0	0
8066	48	60.4351	58.2797	2.46434	2.50054	0	0	0	0	0	0	0	0
8066	49	62.4592	58.6353	2.62676	2.66475	0	0	0	0	0	0	0	0
8066	50	60.1606	58.7132	2.41853	2.43543	0	0	0	0	0	0	0	0
8066	51	48.5626	50.8985	2.40309	2.40814	0	0	0	0	0	0	0	0
8066	52	58.6656	65.1879	2.42129	2.43732	0	0	0	0	0	0	0	0
8066	53	55.4455	52.5762	2.43413	2.45973	0	0	0	0	0	0	0	0
8066	54	53.545	61.1257	2.18248	2.17142	0	0	0	0	0	0	0	0
8066	55	57.7296	59.8404	2.26413	2.2732	0	0	0	0	0	0	0	0
8066	56	54.3202	59.3584	2.40295	2.40274	0	0	0	0	0	0	0	0
8066	57	51.3714	53.629	2.30735	2.31062	0	0	0	0	0	0	0	0
8066	58	58.3441	57.3233	2.3861	2.41901	0	0	0	0	0	0	0	0
8066	59	56.0851	56.6145	2.53937	2.53331	0	0	0	0	0	0	0	0
8066	60	56.4298	57.548	2.34377	2.34618	0	0	0	0	0	0	0	0
8066	61	56.5749	59.6718	2.61878	2.62438	0	0	0	0	0	0	0	0
8066	62	54.9106	61.545	2.9439	2.89831	0	0	0	0	0	0	0	0
8066	63	53.0327	51.0152	2.56586	2.58759	0	0	0	0	0	0	0	0
8066	64	70.8253	72.6814	2.4631	2.42575	0	0	0	0	0	0	0	0
8066	65	74.7117	72.1693	2.2792	2.30341	0	0	0	0	0	0	0	0
8066	66	72.0955	66.9905	2.25329	2.2667	0	0	0	0	0	0	0	0
8066	67	77.5213	69.3132	2.64117	2.69435	0	0	0	0	0	0	0	0
8066	68	73.0206	76.3275	2.89422	2.87644	0	0	0	0	0	0	0	0
8066	69	70.0687	72.9119	2.33206	2.31021	0	0	0	0	0	0	0	0
8066	70	74.7408	73.3514	2.28088	2.32515	0	0	0	0	0	0	0	0
8066	71	72.0615	69.0599	6.60549	6.58514	0	0	0	0	0	0	0	0
8066	72	70.903	70.4368	3.09357	3.12746	0	0	0	0	0	0	0	0
8066	73	69.767	69.4248	2.27116	2.32604	0	0	0	0	0	0	0	0
8066	74	68.833	71.1253	2.38165	2.35728	0	0	0	0	0	0	0	0
8066	75	69.5429	69.1576	2.98202	2.95427	0	0	0	0	0	0	0	0
8066	76	66.375	71.5252	2.23658	2.23134	0	0	0	0	0	0	0	0
8066	77	74.0209	71.5549	6.53598	6.49866	0	0	0	0	0	0	0	0
8066	78	72.3286	72.7878	2.28322	2.27247	0	0	0	0	0	0	0	0
8066	79	66.5016	70.9088	2.37621	2.3734	0	0	0	0	0	0	0	0
8066	80	55.6023	56.3045	3.70696	3.70318	0	0	0	0	0	0	0	0
8066	81	59.1644	59.3832	2.84871	2.88657	0	0	0	0	0	0	0	0
8066	82	62.8005	57.6394	3.15834	3.20082	0	0	0	0	0	0	0	0
8066	83	65.554	64.2356	2.59707	2.61135	0	0	0	0	0	0	0	0
8066	84	53.9699	55.5565	2.76554	2.7789	0	0	0	0	0	0	0	0
8066	85	59.7101	63.8101	2.28661	2.32471	0	0	0	0	0	0	0	0
8066	86	58.0948	59.8321	2.2701	2.2666	0	0	0	0	0	0	0	0
8066	87	58.7208	56.5087	2.23094	2.2823	0	0	0	0	0	0	0	0
8066	88	55.6511	59.0316	2.52474	2.52172	0	0	0	0	0	0	0	0
8066	89	54.9829	61.9453	2.22092	2.18198	0	0	0	0	0	0	0	0
8066	90	58.893	57.3678	2.43899	2.48507	0	0	0	0	0	0	0	0
8066	91	62.136	57.3818	2.33305	2.41352	0	0	0	0	0	0	0	0
8066	92	57.0754	57.9721	2.20749	2.26881	0	0	0	0	0	0	0	0
8066	93	57.4196	54.9151	2.30223	2.34785	0	0	0	0	0	0	0	0
8066	94	55.4279	55.063	2.34628	2.38726	0	0	0	0	0	0	0	0
8066	95	55.9377	57.5602	2.4604	2.49711	0	0	0	0	0	0	0	0
8066	96	68.749	64.382	2.1312	2.11595	0	0	0	0	0	0	0	0
8066	97	65.8216	64.0961	2.1571	2.1537	0	0	0	0	0	0	0	0
8066	98	60.1704	65.2621	2.08319	2.06565	0	0	0	0	0	0	0	0
8066	99	73.6127	67.1794	2.14091	2.10588	0	0	0	0	0	0	0	0
8066	100	64.1828	67.7947	2.17604	2.17446	0	0	0	0	0	0	0	0
8066	101	66.5648	65.0939	2.17372	2.16275	0	0	0	0	0	0	0	0
8066	102	66.561	67.0214	2.11007	2.08676	0	0	0	0	0	0	0	0
8066	103	60.0983	62.1604	2.1964	2.19674	0	0	0	0	0	0	0	0
8066	104	55.1382	59.838	2.14639	2.15312	0	0	0	0	0	0	0	0
8066	105	57.9364	60.9541	2.08999	2.11196	0	0	0	0	0	0	0	0
8066	106	57.4722	58.2696	2.10032	2.12015	0	0	0	0	0	0	0	0
8066	107	61.2054	64.2106	2.10402	2.13025	0	0	0	0	0	0	0	0
8066	108	67.034	67.5625	2.12152	2.10215	0	0	0	0	0	0	0	0
8066	109	65.7644	62.1204	2.06871	2.0617	0	0	0	0	0	0	0	0
8066	110	61.9394	63.6107	2.27683	2.25334	0	0	0	0	0	0	0	0
8066	111	65.1973	61.9011	2.16382	2.18889	0	0	0	0	0	0	0	0
8066	112	74.9117	83.0992	2.77292	2.74349	0	0	0	0	0	0	0	0
8066	113	81.1112	81.7469	2.92264	2.93765	0	0	0	0	0	0	0	0
8066	114	78.3156	80.6621	2.78932	2.7977	0	0	0	0	0	0	0	0
8066	115	83.2173	84.3533	2.63477	2.64073	0	0	0	0	0	0	0	0
8066	116	81.0005	86.1777	2.73802	2.71712	0	0	0	0	0	0	0	0
8066	117	77.3184	80.6706	2.65976	2.66734	0	0	0	0	0	0	0	0
8066	118	80.7368	79.5001	2.96342	2.95422	0	0	0	0	0	0	0	0
8066	119	79.1047	77.8052	2.68419	2.66302	0	0	0	0	0	0	0	0
8066	120	79.7231	81.1996	2.74115	2.74203	0	0	0	0	0	0	0	0
8066	121	71.2394	78.7695	2.70721	2.70414	0	0	0	0	0	0	0	0
8066	122	82.373	81.5748	2.65686	2.69953	0	0	0	0	0	0	0	0
8066	123	77.459	82.0617	2.85174	2.81243	0	0	0	0	0	0	0	0
8066	124	76.3898	81.5158	2.78227	2.78476	0	0	0	0	0	0	0	0
8066	125	75.6597	75.8789	2.76989	2.77687	0	0	0	0	0	0	0	0
8066	126	82.2523	80.4959	2.63517	2.67889	0	0	0	0	0	0	0	0
8066	127	74.5167	77.6023	2.7165	2.72371	0	0	0	0	0	0	0	0
8052	0	60.4251	57.8886	3.04986	3.04051	0	0	0	0	0	0	0	0
8052	1	53.2974	56.5845	2.9733	2.94875	0	0	0	0	0	0	0	0
8052	2	61.0611	61.0506	3.4918	3.49078	0	0	0	0	0	0	0	0
8052	3	59.3464	57.6529	2.82111	2.80469	0	0	0	0	0	0	0	0
8052	4	61.0457	62.8629	2.94243	2.94222	0	0	0	0	0	0	0	0
8052	5	52.1985	62.1671	3.49099	3.462	0	0	0	0	0	0	0	0
8052	6	59.8907	53.8777	2.583	2.57296	0	0	0	0	0	0	0	0
8052	7	62.3804	65.275	2.54975	2.55146	0	0	0	0	0	0	0	0
8052	8	58.8082	63.1138	2.83378	2.85062	0	0	0	0	0	0	0	0
8052	9	56.9056	61.5423	3.0518	3.05371	0	0	0	0	0	0	0	0
8052	10	60.4165	54.7106	4.3498	4.34831	0	0	0	0	0	0	0	0
8052	11	59.9502	61.8185	3.51058	3.50239	0	0	0	0	0	0	0	0
8052	12	57.4442	64.0702	2.76194	2.76714	0	0	0	0	0	0	0	0
8052	13	62.9463	61.307	2.59307	2.61599	0	0	0	0	0	0	0	0
8052	14	59.3084	62.0346	2.91968	2.86269	0	0	0	0	0	0	0	0
8052	15	62.9176	64.8604	2.50125	2.52515	0	0	0	0	0	0	0	0
8052	16	63.1345	57.9751	2.76151	2.79043	0	0	0	0	0	0	0	0
8052	17	60.3807	56.7853	2.8172	2.80851	0	0	0	0	0	0	0	0
8052	18	54.7001	60.4601	2.81631	2.81501	0	0	0	0	0	0	0	0
8052	19	57.966	56.3612	3.07639	3.06462	0	0	0	0	0	0	0	0
8052	20	68.6853	59.0088	3.68932	3.67823	0	0	0	0	0	0	0	0
8052	21	50.4876	52.5887	3.40209	3.36309	0	0	0	0	0	0	0	0
8052	22	63.59	58.867	3.80056	3.80144	0	0	0	0	0	0	0	0
8052	23	57.9276	55.2128	3.104	3.10788	0	0	0	0	0	0	0	0
8052	24	59.6072	59.8764	2.79292	2.81318	0	0	0	0	0	0	0	0
8052	25	52.0328	55.2822	3.01081	3.00267	0	0	0	0	0	0	0	0
8052	26	56.3389	57.8381	2.76259	2.77232	0	0	0	0	0	0	0	0
8052	27	56.001	62.6301	3.12039	3.09672	0	0	0	0	0	0	0	0
8052	28	61.4667	63.5998	2.9034	2.91754	0	0	0	0	0	0	0	0
8052	29	58.1767	53.1809	3.35072	3.37374	0	0	0	0	0	0	0	0
8052	30	58.9553	55.3747	3.39073	3.4421	0	0	0	0	0	0	0	0
8052	31	57.8923	57.6996	3.44745	3.46649	0	0	0	0	0	0	0	0
8052	32	77.0495	73.6483	2.62103	2.6519	0	0	0	0	0	0	0	0
8052	33	75.972	78.8518	2.61413	2.58959	0	0	0	0	0	0	0	0
8052	34	74.4562	80.7505	2.60365	2.56261	0	0	0	0	0	0	0	0
8052	35	75.5688	74.2373	2.53829	2.52346	0	0	0	0	0	0	0	0
8052	36	81.6363	75.2411	2.61643	2.66084	0	0	0	0	0	0	0	0
8052	37	74.1289	70.3759	2.59712	2.6167	0	0	0	0	0	0	0	0
8052	38	73.4546	76.6238	2.54251	2.55695	0	0	0	0	0	0	0	0
8052	39	75.3015	75.308	2.42079	2.40967	0	0	0	0	0	0	0	0
8052	40	66.7909	71.4111	2.35288	2.38537	0	0	0	0	0	0	0	0
8052	41	76.931	74.1786	2.66393	2.66331	0	0	0	0	0	0	0	0
8052	42	76.8294	76.2995	2.59798	2.60174	0	0	0	0	0	0	0	0
8052	43	68.4498	75.2232	2.53543	2.54169	0	0	0	0	0	0	0	0
8052	44	73.0196	79.57	2.80791	2.78667	0	0	0	0	0	0	0	0
8052	45	71.5379	74.6418	2.52332	2.53458	0	0	0	0	0	0	0	0
8052	46	75.9517	75.7822	2.49353	2.53103	0	0	0	0	0	0	0	0
8052	47	66.5744	75.1731	2.49306	2.51379	0	0	0	0	0	0	0	0
8052	48	79.0747	75.1065	2.33159	2.32537	0	0	0	0	0	0	0	0
8052	49	70.0377	74.618	2.39617	2.38605	0	0	0	0	0	0	0	0
8052	50	70.9211	73.947	2.34177	2.35141	0	0	0	0	0	0	0	0
8052	51	77.6918	76.1333	2.53916	2.49734	0	0	0	0	0	0	0	0
8052	52	74.8433	70.3531	2.28286	2.3093	0	0	0	0	0	0	0	0
8052	53	76.8432	71.687	2.33975	2.3625	0	0	0	0	0	0	0	0
8052	54	76.8866	69.5379	2.35211	2.36821	0	0	0	0	0	0	0	0
8052	55	74.8872	75.9205	2.29177	2.29278	0	0	0	0	0	0	0	0
8052	56	69.2771	73.2478	2.23363	2.24543	0	0	0	0	0	0	0	0
8052	57	70.458	71.2827	2.34931	2.36829	0	0	0	0	0	0	0	0
8052	58	68.2894	67.8373	2.28368	2.28947	0	0	0	0	0	0	0	0
8052	59	77.6398	72.7367	2.82623	2.80765	0	0	0	0	0	0	0	0
8052	60	66.9966	73.4563	2.44142	2.43372	0	0	0	0	0	0	0	0
8052	61	64.9546	68.92	2.61709	2.61891	0	0	0	0	0	0	0	0
8052	62	66.908	72.6682	2.59832	2.62276	0	0	0	0	0	0	0	0
8052	63	66.1649	65.9004	2.91044	2.90631	0	0	0	0	0	0	0	0
8052	64	69.2613	66.2198	3.10913	3.11188	0	0	0	0	0	0	0	0
8052	65	69.8323	68.8303	3.21649	3.2238	0	0	0	0	0	0	0	0
8052	66	65.5426	68.8296	3.19741	3.18428	0	0	0	0	0	0	0	0
8052	67	76.0781	71.8856	3.77616	3.79031	0	0	0	0	0	0	0	0
8052	68	71.7736	72.4452	3.08174	3.07701	0	0	0	0	0	0	0	0
8052	69	72.572	70.6502	3.08738	3.09499	0	0	0	0	0	0	0	0
8052	70	70.8345	72.4266	3.29167	3.26262	0	0	0	0	0	0	0	0
8052	71	71.0724	71.9754	4.20614	4.2373	0	0	0	0	0	0	0	0
8052	72	65.1671	63.3723	3.11598	3.11213	0	0	0	0	0	0	0	0
8052	73	71.4467	64.1648	3.05929	3.08387	0	0	0	0	0	0	0	0
8052	74	68.9019	72.3846	3.01908	3.00931	0	0	0	0	0	0	0	0
8052	75	70.0751	67.9533	3.54903	3.57503	0	0	0	0	0	0	0	0
8052	76	71.3567	71.5017	3.30307	3.29234	0	0	0	0	0	0	0	0
8052	77	70.4894	73.8509	3.77402	3.81271	0	0	0	0	0	0	0	0
8052	78	72.6092	73.7417	3.82994	3.86608	0	0	0	0	0	0	0	0
8052	79	70.8278	74.5086	3.36441	3.35654	0	0	0	0	0	0	0	0
8052	80	65.1075	61.7284	4.53349	4.61053	0	0	0	0	0	0	0	0
8052	81	64.1841	66.0878	4.14407	4.17709	0	0	0	0	0	0	0	0
8052	82	63.9533	62.0681	3.8825	3.94187	0	0	0	0	0	0	0	0
8052	83	62.1585	66.5678	3.57935	3.60714	0	0	0	0	0	0	0	0
8052	84	64.8639	66.1233	3.53191	3.54463	0	0	0	0	0	0	0	0
8052	85	64.3829	59.6252	3.33004	3.37524	0	0	0	0	0	0	0	0
8052	86	63.8318	64.7097	3.35054	3.37018	0	0	0	0	0	0	0	0
8052	87	69.7553	68.4441	3.17562	3.23346	0	0	0	0	0	0	0	0
8052	88	70.452	65.8143	3.50743	3.5374	0	0	0	0	0	0	0	0
8052	89	62.041	65.0993	3.26772	3.29067	0	0	0	0	0	0	0	0
8052	90	69.6081	66.3063	3.38402	3.42886	0	0	0	0	0	0	0	0
8052	91	67.223	64.0658	3.3898	3.39931	0	0	0	0	0	0	0	0
8052	92	69.0861	64.7318	3.33297	3.40105	0	0	0	0	0	0	0	0
8052	93	62.3145	68.5879	3.43683	3.42573	0	0	0	0	0	0	0	0
8052	94	60.7495	64.6908	3.40152	3.43452	0	0	0	0	0	0	0	0
8052	95	64.0036	62.9136	3.74138	3.76628	0	0	0	0	0	0	0	0
8052	96	64.0707	69.8943	2.45622	2.4357	0	0	0	0	0	0	0	0
8052	97	69.4041	67.8112	2.25109	2.24655	0	0	0	0	0	0	0	0
8052	98	70.2921	72.5002	2.23999	2.256	0	0	0	0	0	0	0	0
8052	99	71.9764	74.3772	2.20674	2.21528	0	0	0	0	0	0	0	0
8052	100	68.3229	71.3899	2.26517	2.27081	0	0	0	0	0	0	0	0
8052	101	62.4588	59.5112	2.29616	2.31226	0	0	0	0	0	0	0	0
8052	102	70.2695	67.6814	2.24698	2.2378	0	0	0	0	0	0	0	0
8052	103	67.996	72.1681	2.27055	2.26566	0	0	0	0	0	0	0	0
8052	104	68.2146	70.4851	2.27964	2.2644	0	0	0	0	0	0	0	0
8052	105	64.5482	68.7397	2.26709	2.27076	0	0	0	0	0	0	0	0
8052	106	69.7599	69.2693	2.32541	2.34483	0	0	0	0	0	0	0	0
8052	107	68.5555	72.1577	2.29608	2.28376	0	0	0	0	0	0	0	0
8052	108	67.7093	67.2078	2.34615	2.36813	0	0	0	0	0	0	0	0
8052	109	66.4302	64.889	2.34424	2.33512	0	0	0	0	0	0	0	0
8052	110	69.7207	66.862	2.32264	2.32791	0	0	0	0	0	0	0	0
8052	111	66.1967	64.364	2.37516	2.33966	0	0	0	0	0	0	0	0
8052	112	79.2862	84.2421	2.32957	2.30459	0	0	0	0	0	0	0	0
8052	113	77.3448	80.5864	2.28667	2.24914	0	0	0	0	0	0	0	0
8052	114	80.5651	75.488	2.35307	2.4049	0	0	0	0	0	0	0	0
8052	115	79.761	79.7524	2.28433	2.28588	0	0	0	0	0	0	0	0
8052	116	77.2227	76.1714	2.37612	2.3869	0	0	0	0	0	0	0	0
8052	117	77.3609	79.4529	2.29375	2.26985	0	0	0	0	0	0	0	0
8052	118	73.7634	77.0449	2.34095	2.35701	0	0	0	0	0	0	0	0
8052	119	76.7843	74.3548	2.34136	2.35016	0	0	0	0	0	0	0	0
8052	120	79.2832	79.749	2.32233	2.3358	0	0	0	0	0	0	0	0
8052	121	78.4963	82.8869	2.30005	2.28683	0	0	0	0	0	0	0	0
8052	122	75.3442	80.6485	2.3424	2.32992	0	0	0	0	0	0	0	0
8052	123	75.6631	76.5505	2.36039	2.38132	0	0	0	0	0	0	0	0
8052	124	82.5789	79.257	2.37178	2.4082	0	0	0	0	0	0	0	0
8052	125	78.8113	75.218	2.37364	2.39381	0	0	0	0	0	0	0	0
8052	126	76.7475	77.4848	2.36334	2.36868	0	0	0	0	0	0	0	0
8052	127	73.8427	78.6909	2.38663	2.39226	0	0	0	0	0	0	0	0
8094	0	80.2425	80.0429	3.06295	3.05255	0	0	0	0	0	0	0	0
8094	1	88.0818	80.2748	3.04547	3.07979	0	0	0	0	0	0	0	0
8094	2	91.2139	82.9556	3.05	3.00862	0	0	0	0	0	0	0	0
8094	3	80.5834	91.423	2.96664	2.94914	0	0	0	0	0	0	0	0
8094	4	85.4162	81.8567	3.68706	3.70995	0	0	0	0	0	0	0	0
8094	5	84.7148	86.6715	3.69017	3.67616	0	0	0	0	0	0	0	0
8094	6	84.611	91.3852	2.87031	2.92095	0	0	0	0	0	0	0	0
8094	7	83.2914	86.9159	2.91521	2.92229	0	0	0	0	0	0	0	0
8094	8	84.9132	83.3756	2.95525	2.98963	0	0	0	0	0	0	0	0
8094	9	80.8963	79.319	3.06519	3.07895	0	0	0	0	0	0	0	0
8094	10	78.4661	84.6244	2.89825	2.82608	0	0	0	0	0	0	0	0
8094	11	85.5511	89.8974	2.92192	2.98001	0	0	0	0	0	0	0	0
8094	12	84.3554	85.9216	3.60956	3.57515	0	0	0	0	0	0	0	0
8094	13	85.4053	82.5761	2.60758	2.64296	0	0	0	0	0	0	0	0
8094	14	81.9975	86.1333	3.33078	3.30863	0	0	0	0	0	0	0	0
8094	15	76.703	78.1812	2.99702	2.99694	0	0	0	0	0	0	0	0
8094	16	90.3927	81.2833	3.01037	2.99091	0	0	0	0	0	0	0	0
8094	17	85.3502	81.056	2.8589	2.92608	0	0	0	0	0	0	0	0
8094	18	90.2732	89.0556	2.40934	2.44582	0	0	0	0	0	0	0	0
8094	19	76.8906	75.2505	2.79469	2.80014	0	0	0	0	0	0	0	0
8094	20	86.679	86.4287	2.7279	2.74908	0	0	0	0	0	0	0	0
8094	21	81.72	83.2643	3.11762	3.09941	0	0	0	0	0	0	0	0
8094	22	85.4191	82.4361	2.67267	2.72006	0	0	0	0	0	0	0	0
8094	23	82.9002	74.1449	2.57732	2.6145	0	0	0	0	0	0	0	0
8094	24	82.0541	79.5087	2.63502	2.64501	0	0	0	0	0	0	0	0
8094	25	79.1111	74.2082	2.86219	2.88345	0	0	0	0	0	0	0	0
8094	26	77.8984	77.1108	2.857	2.86091	0	0	0	0	0	0	0	0
8094	27	82.0432	73.5065	2.69188	2.70967	0	0	0	0	0	0	0	0
8094	28	76.6112	78.2038	3.00217	3.00275	0	0	0	0	0	0	0	0
8094	29	79.5762	78.5356	2.83819	2.83488	0	0	0	0	0	0	0	0
8094	30	76.3275	77.9404	3.23279	3.20229	0	0	0	0	0	0	0	0
8094	31	72.2601	71.8454	2.49606	2.49607	0	0	0	0	0	0	0	0
8094	32	64.6046	69.2776	2.68343	2.68934	0	0	0	0	0	0	0	0
8094	33	69.0769	66.5988	2.77068	2.74784	0	0	0	0	0	0	0	0
8094	34	65.448	67.8463	2.63277	2.63396	0	0	0	0	0	0	0	0
8094	35	68.1651	65.0399	2.46987	2.4686	0	0	0	0	0	0	0	0
8094	36	69.4004	70.5061	2.56809	2.54483	0	0	0	0	0	0	0	0
8094	37	74.223	66.0546	2.51958	2.58675	0	0	0	0	0	0	0	0
8094	38	73.7288	71.5305	2.56407	2.5736	0	0	0	0	0	0	0	0
8094	39	68.0133	66.6045	2.37439	2.39963	0	0	0	0	0	0	0	0
8094	40	70.179	70.3434	2.48857	2.50397	0	0	0	0	0	0	0	0
8094	41	70.6208	70.8817	2.31514	2.31976	0	0	0	0	0	0	0	0
8094	42	65.0315	72.0081	2.6452	2.63601	0	0	0	0	0	0	0	0
8094	43	62.2512	61.8483	2.63591	2.64957	0	0	0	0	0	0	0	0
8094	44	71.4372	65.8877	2.61954	2.66743	0	0	0	0	0	0	0	0
8094	45	68.0766	68.7032	2.40098	2.39478	0	0	0	0	0	0	0	0
8094	46	75.1503	71.8161	2.41372	2.40289	0	0	0	0	0	0	0	0
8094	47	65.8898	69.7299	2.37753	2.35441	0	0	0	0	0	0	0	0
8094	48	71.2428	74.3123	2.51762	2.512	0	0	0	0	0	0	0	0
8094	49	74.8618	77.0789	2.53755	2.53928	0	0	0	0	0	0	0	0
8094	50	76.7603	72.9397	2.4727	2.50227	0	0	0	0	0	0	0	0
8094	51	77.2572	74.291	2.51405	2.51421	0	0	0	0	0	0	0	0
8094	52	75.3265	79.7971	2.81551	2.79073	0	0	0	0	0	0	0	0
8094	53	76.4543	82.7868	2.59389	2.53054	0	0	0	0	0	0	0	0
8094	54	80.0668	73.6222	2.35559	2.40648	0	0	0	0	0	0	0	0
8094	55	76.4682	73.7867	2.40828	2.43917	0	0	0	0	0	0	0	0
8094	56	69.7557	77.1306	3.01593	2.97671	0	0	0	0	0	0	0	0
8094	57	71.4712	80.891	2.68009	2.6699	0	0	0	0	0	0	0	0
8094	58	75.5469	75.5289	2.33069	2.32039	0	0	0	0	0	0	0	0
8094	59	72.9268	70.1932	2.84195	2.84345	0	0	0	0	0	0	0	0
8094	60	67.313	76.1672	2.39733	2.41335	0	0	0	0	0	0	0	0
8094	61	77.2213	73.3359	2.81099	2.84758	0	0	0	0	0	0	0	0
8094	62	77.0926	71.6477	2.90711	2.93434	0	0	0	0	0	0	0	0
8094	63	74.3746	73.407	3.20334	3.21874	0	0	0	0	0	0	0	0
8094	64	64.8462	65.2528	2.49933	2.49161	0	0	0	0	0	0	0	0
8094	65	69.7243	74.5053	2.42427	2.38401	0	0	0	0	0	0	0	0
8094	66	67.3849	66.6886	2.59742	2.62298	0	0	0	0	0	0	0	0
8094	67	70.9018	68.0796	2.44087	2.42712	0	0	0	0	0	0	0	0
8094	68	68.7764	68.4466	2.65256	2.68027	0	0	0	0	0	0	0	0
8094	69	70.1324	65.2631	2.51437	2.55358	0	0	0	0	0	0	0	0
8094	70	69.5877	69.419	2.61266	2.59472	0	0	0	0	0	0	0	0
8094	71	68.1198	71.0347	2.51403	2.49187	0	0	0	0	0	0	0	0
8094	72	71.2221	68.8512	2.4578	2.46045	0	0	0	0	0	0	0	0
8094	73	71.0908	65.7016	2.76453	2.77774	0	0	0	0	0	0	0	0
8094	74	70.7894	72.7055	2.46858	2.44445	0	0	0	0	0	0	0	0
8094	75	68.8194	69.602	2.66279	2.65852	0	0	0	0	0	0	0	0
8094	76	67.9124	71.5596	2.52607	2.48964	0	0	0	0	0	0	0	0
8094	77	64.1939	69.3577	2.72328	2.72929	0	0	0	0	0	0	0	0
8094	78	71.706	70.5894	2.52974	2.55913	0	0	0	0	0	0	0	0
8094	79	63.6043	69.9985	2.43092	2.41841	0	0	0	0	0	0	0	0
8094	80	73.1776	74.3872	4.38722	4.41833	0	0	0	0	0	0	0	0
8094	81	77.8238	80.214	3.79238	3.82397	0	0	0	0	0	0	0	0
8094	82	83.4419	82.2936	3.32588	3.33248	0	0	0	0	0	0	0	0
8094	83	70.3891	72.4168	2.88867	2.87586	0	0	0	0	0	0	0	0
8094	84	74.058	75.9027	3.07431	3.11047	0	0	0	0	0	0	0	0
8094	85	74.4618	80.3161	2.71573	2.66151	0	0	0	0	0	0	0	0
8094	86	77.4558	75.2054	2.51807	2.52745	0	0	0	0	0	0	0	0
8094	87	75.8193	77.2353	3.09505	3.06539	0	0	0	0	0	0	0	0
8094	88	79.1974	81.7201	2.46976	2.44089	0	0	0	0	0	0	0	0
8094	89	79.2727	75.0694	2.66853	2.71227	0	0	0	0	0	0	0	0
8094	90	78.1357	77.0339	3.02721	3.03756	0	0	0	0	0	0	0	0
8094	91	77.9209	76.3958	3.14943	3.15152	0	0	0	0	0	0	0	0
8094	92	73.0102	74.6218	3.02597	3.01483	0	0	0	0	0	0	0	0
8094	93	74.9546	75.8933	3.0042	2.96675	0	0	0	0	0	0	0	0
8094	94	74.762	74.4628	2.61343	2.62484	0	0	0	0	0	0	0	0
8094	95	76.0977	72.4673	3.02125	3.06594	0	0	0	0	0	0	0	0
8094	96	60.5054	60.6679	2.23399	2.25792	0	0	0	0	0	0	0	0
8094	97	65.1067	68.6501	2.28753	2.28827	0	0	0	0	0	0	0	0
8094	98	65.4885	63.7202	2.2291	2.24874	0	0	0	0	0	0	0	0
8094	99	56.0359	58.7011	2.25665	2.26769	0	0	0	0	0	0	0	0
8094	100	66.8364	72.0113	2.20447	2.21302	0	0	0	0	0	0	0	0
8094	101	59.6727	62.9899	2.26855	2.25744	0	0	0	0	0	0	0	0
8094	102	62.1738	65.4142	2.24806	2.24228	0	0	0	0	0	0	0	0
8094	103	60.2758	63.3665	2.23783	2.22283	0	0	0	0	0	0	0	0
8094	104	59.1635	66.7061	2.24931	2.20959	0	0	0	0	0	0	0	0
8094	105	56.4363	58.1209	2.23188	2.23606	0	0	0	0	0	0	0	0
8094	106	57.6644	62.7935	2.25669	2.24676	0	0	0	0	0	0	0	0
8094	107	60.7633	63.5928	2.31422	2.30339	0	0	0	0	0	0	0	0
8094	108	62.7217	55.438	2.20301	2.23244	0	0	0	0	0	0	0	0
8094	109	55.2809	61.7969	2.24769	2.23909	0	0	0	0	0	0	0	0
8094	110	55.5717	63.0086	2.23643	2.20537	0	0	0	0	0	0	0	0
8094	111	58.39	61.4854	2.25918	2.25646	0	0	0	0	0	0	0	0
8094	112	74.5537	72.441	2.28656	2.32125	0	0	0	0	0	0	0	0
8094	113	78.2766	79.2312	2.11291	2.15053	0	0	0	0	0	0	0	0
8094	114	73.9716	76.7942	2.2607	2.2356	0	0	0	0	0	0	0	0
8094	115	71.5918	74.6884	2.20289	2.2143	0	0	0	0	0	0	0	0
8094	116	79.6678	76.7503	2.18338	2.23451	0	0	0	0	0	0	0	0
8094	117	79.0462	80.1736	2.17486	2.19681	0	0	0	0	0	0	0	0
8094	118	82.1196	79.2887	2.15849	2.19028	0	0	0	0	0	0	0	0
8094	119	74.1691	72.8617	2.18736	2.176	0	0	0	0	0	0	0	0
8094	120	74.4814	82.6146	2.26908	2.23973	0	0	0	0	0	0	0	0
8094	121	74.4607	79.9563	2.22214	2.18842	0	0	0	0	0	0	0	0
8094	122	76.0604	76.6939	2.22417	2.22567	0	0	0	0	0	0	0	0
8094	123	71.2956	70.393	2.22818	2.21759	0	0	0	0	0	0	0	0
8094	124	77.6381	78.5988	2.20725	2.23895	0	0	0	0	0	0	0	0
8094	125	73.4402	75.1443	2.23431	2.24253	0	0	0	0	0	0	0	0
8094	126	77.8577	81.6251	2.19793	2.20766	0	0	0	0	0	0	0	0
8094	127	76.2988	76.0406	2.15353	2.18409	0	0	0	0	0	0	0	0
8032	0	61.0633	67.7447	3.44242	3.40551	0	0	0	0	0	0	0	0
8032	1	70.9028	71.6348	3.19146	3.1569	0	0	0	0	0	0	0	0
8032	2	71.4432	69.8799	3.19894	3.14502	0	0	0	0	0	0	0	0
8032	3	73.7603	72.9693	3.273	3.1621	0	0	0	0	0	0	0	0
8032	4	70.8013	70.5626	3.21037	3.17899	0	0	0	0	0	0	0	0
8032	5	76.7509	76.5209	3.02119	2.98006	0	0	0	0	0	0	0	0
8032	6	69.7482	68.7697	3.23573	3.25399	0	0	0	0	0	0	0	0
8032	7	66.1555	70.5339	3.0893	3.05154	0	0	0	0	0	0	0	0
8032	8	71.2951	64.0656	3.2053	3.20794	0	0	0	0	0	0	0	0
8032	9	69.7246	68.3477	3.45229	3.46286	0	0	0	0	0	0	0	0
8032	10	67.1131	76.9464	3.37767	3.33139	0	0	0	0	0	0	0	0
8032	11	65.6972	67.5492	3.08515	3.06387	0	0	0	0	0	0	0	0
8032	12	69.9568	70.4725	3.34677	3.31625	0	0	0	0	0	0	0	0
8032	13	71.1441	68.9931	3.38628	3.39271	0	0	0	0	0	0	0	0
8032	14	68.3542	73.0457	3.50129	3.43664	0	0	0	0	0	0	0	0
8032	15	62.7002	69.308	2.95224	2.92027	0	0	0	0	0	0	0	0
8032	16	70.1959	70.0345	3.06533	3.06482	0	0	0	0	0	0	0	0
8032	17	62.9318	66.3454	2.95225	2.95015	0	0	0	0	0	0	0	0
8032	18	72.459	60.5466	2.82676	2.85629	0	0	0	0	0	0	0	0
8032	19	65.5725	67.6681	2.94848	2.948	0	0	0	0	0	0	0	0
8032	20	61.5559	65.4379	2.82059	2.81266	0	0	0	0	0	0	0	0
8032	21	68.7036	60.4228	2.98316	2.9724	0	0	0	0	0	0	0	0
8032	22	67.3258	74.6508	3.04594	3.12306	0	0	0	0	0	0	0	0
8032	23	61.2371	61.4771	2.93389	2.95201	0	0	0	0	0	0	0	0
8032	24	64.1315	62.7941	2.81285	2.83417	0	0	0	0	0	0	0	0
8032	25	67.2188	62.0895	2.8487	2.91039	0	0	0	0	0	0	0	0
8032	26	59.4812	63.8835	2.80662	2.81936	0	0	0	0	0	0	0	0
8032	27	69.0982	65.9115	2.99126	2.99577	0	0	0	0	0	0	0	0
8032	28	59.668	63.3856	3.01275	3.03773	0	0	0	0	0	0	0	0
8032	29	65.7463	63.1165	2.9897	3.03458	0	0	0	0	0	0	0	0
8032	30	57.6024	67.0844	3.19072	3.17235	0	0	0	0	0	0	0	0
8032	31	64.6156	67.1509	2.99414	3.01903	0	0	0	0	0	0	0	0
8032	32	67.3781	74.879	3.06698	3.05812	0	0	0	0	0	0	0	0
8032	33	80.4032	68.6916	3.01495	3.02419	0	0	0	0	0	0	0	0
8032	34	68.0416	72.0823	3.03141	3.05572	0	0	0	0	0	0	0	0
8032	35	73.8225	71.5931	2.91666	2.96167	0	0	0	0	0	0	0	0
8032	36	69.5999	74.6122	3.01367	3.04938	0	0	0	0	0	0	0	0
8032	37	70.9529	70.7851	3.07851	3.11784	0	0	0	0	0	0	0	0
8032	38	68.7492	70.6104	2.9326	2.95714	0	0	0	0	0	0	0	0
8032	39	68.2915	67.4778	3.11878	3.1291	0	0	0	0	0	0	0	0
8032	40	68.768	68.6389	2.98635	3.02516	0	0	0	0	0	0	0	0
8032	41	76.5131	76.5309	2.85554	2.87551	0	0	0	0	0	0	0	0
8032	42	70.0632	74.8744	3.11134	3.10557	0	0	0	0	0	0	0	0
8032	43	67.4363	70.0367	3.12807	3.12426	0	0	0	0	0	0	0	0
8032	44	71.4246	69.8824	3.22877	3.27718	0	0	0	0	0	0	0	0
8032	45	75.7802	76.3357	2.87235	2.89156	0	0	0	0	0	0	0	0
8032	46	75.4517	76.3076	2.88685	2.92645	0	0	0	0	0	0	0	0
8032	47	69.8086	74.1103	2.89197	2.91494	0	0	0	0	0	0	0	0
8032	48	76.9994	73.4407	2.75514	2.78069	0	0	0	0	0	0	0	0
8032	49	80.9833	84.3272	2.89378	2.86008	0	0	0	0	0	0	0	0
8032	50	76.8297	81.7339	3.05103	2.99175	0	0	0	0	0	0	0	0
8032	51	77.1586	79.669	2.8317	2.82804	0	0	0	0	0	0	0	0
8032	52	76.9893	70.3849	2.84342	2.79777	0	0	0	0	0	0	0	0
8032	53	77.0813	76.549	2.86999	2.84172	0	0	0	0	0	0	0	0
8032	54	80.4746	78.0942	2.75848	2.77454	0	0	0	0	0	0	0	0
8032	55	79.9128	80.9562	2.76121	2.77671	0	0	0	0	0	0	0	0
8032	56	75.7275	75.2047	2.8786	2.86313	0	0	0	0	0	0	0	0
8032	57	77.8361	80.0071	2.81151	2.7935	0	0	0	0	0	0	0	0
8032	58	74.2393	77.1691	2.86671	2.87562	0	0	0	0	0	0	0	0
8032	59	80.9042	76.2092	2.90186	2.9149	0	0	0	0	0	0	0	0
8032	60	78.9084	75.4734	3.00929	3.00393	0	0	0	0	0	0	0	0
8032	61	80.8058	80.7263	2.92483	2.95402	0	0	0	0	0	0	0	0
8032	62	76.8648	73.1554	3.15112	3.1216	0	0	0	0	0	0	0	0
8032	63	76.4254	75.9918	3.31689	3.28199	0	0	0	0	0	0	0	0
8032	64	85.7342	82.1283	2.64207	2.65456	0	0	0	0	0	0	0	0
8032	65	79.6657	80.3601	2.81052	2.81316	0	0	0	0	0	0	0	0
8032	66	80.5417	78.4944	2.76115	2.76211	0	0	0	0	0	0	0	0
8032	67	81.1248	79.2824	2.93687	2.98971	0	0	0	0	0	0	0	0
8032	68	83.8929	82.6544	2.61136	2.64909	0	0	0	0	0	0	0	0
8032	69	78.5534	82.5963	2.74138	2.69921	0	0	0	0	0	0	0	0
8032	70	78.5327	79.3684	3.16643	3.14676	0	0	0	0	0	0	0	0
8032	71	77.8544	78.5279	3.34616	3.3863	0	0	0	0	0	0	0	0
8032	72	75.858	72.7055	2.82042	2.81654	0	0	0	0	0	0	0	0
8032	73	75.1914	70.7182	3.46779	3.45653	0	0	0	0	0	0	0	0
8032	74	77.6221	81.068	2.84014	2.83278	0	0	0	0	0	0	0	0
8032	75	78.9189	79.0962	2.7989	2.78574	0	0	0	0	0	0	0	0
8032	76	81.2603	82.5096	4.12501	4.12936	0	0	0	0	0	0	0	0
8032	77	74.4283	81.4572	3.092	3.07361	0	0	0	0	0	0	0	0
8032	78	75.1719	79.5742	2.84354	2.81678	0	0	0	0	0	0	0	0
8032	79	86.9339	84.5107	2.60665	2.60073	0	0	0	0	0	0	0	0
8032	80	69.6513	72.6028	4.34066	4.25314	0	0	0	0	0	0	0	0
8032	81	71.4824	69.6797	4.22903	4.26948	0	0	0	0	0	0	0	0
8032	82	77.9192	70.0468	3.6914	3.65217	0	0	0	0	0	0	0	0
8032	83	69.7118	71.4232	3.22644	3.22603	0	0	0	0	0	0	0	0
8032	84	71.9318	73.0763	3.23934	3.21854	0	0	0	0	0	0	0	0
8032	85	72.3702	73.0053	3.02342	3.01518	0	0	0	0	0	0	0	0
8032	86	69.2562	70.2379	2.97738	2.93707	0	0	0	0	0	0	0	0
8032	87	69.6181	75.9372	3.2386	3.21212	0	0	0	0	0	0	0	0
8032	88	73.5218	71.1809	3.08454	3.08614	0	0	0	0	0	0	0	0
8032	89	71.044	72.7151	3.01875	3.01438	0	0	0	0	0	0	0	0
8032	90	67.4701	69.9022	3.08846	3.07516	0	0	0	0	0	0	0	0
8032	91	69.8854	68.0278	3.09314	3.08604	0	0	0	0	0	0	0	0
8032	92	72.1859	74.0355	3.12498	3.11556	0	0	0	0	0	0	0	0
8032	93	71.965	75.7793	3.09561	3.05757	0	0	0	0	0	0	0	0
8032	94	66.4396	73.9584	3.45467	3.40965	0	0	0	0	0	0	0	0
8032	95	65.835	67.0367	3.32531	3.34913	0	0	0	0	0	0	0	0
8032	96	73.3755	71.3284	2.36732	2.38577	0	0	0	0	0	0	0	0
8032	97	72.3061	72.8535	2.48963	2.48924	0	0	0	0	0	0	0	0
8032	98	77.4115	70.8475	2.42706	2.43041	0	0	0	0	0	0	0	0
8032	99	74.5749	75.1731	2.42422	2.4282	0	0	0	0	0	0	0	0
8032	100	70.0591	70.6565	2.54685	2.54067	0	0	0	0	0	0	0	0
8032	101	68.0241	68.4236	2.4219	2.48067	0	0	0	0	0	0	0	0
8032	102	69.3635	71.1692	2.42754	2.43111	0	0	0	0	0	0	0	0
8032	103	68.1303	66.0937	2.4517	2.45283	0	0	0	0	0	0	0	0
8032	104	70.6016	70.7345	2.40997	2.40236	0	0	0	0	0	0	0	0
8032	105	67.1713	69.2766	2.40877	2.40614	0	0	0	0	0	0	0	0
8032	106	73.2113	66.6139	2.48994	2.51512	0	0	0	0	0	0	0	0
8032	107	65.8571	68.2937	2.43305	2.43475	0	0	0	0	0	0	0	0
8032	108	72.5588	69.6687	2.41413	2.42566	0	0	0	0	0	0	0	0
8032	109	71.1051	68.6059	2.42175	2.461	0	0	0	0	0	0	0	0
8032	110	69.3581	72.9079	2.40747	2.40745	0	0	0	0	0	0	0	0
8032	111	68.8995	70.4192	2.43034	2.4318	0	0	0	0	0	0	0	0
8032	112	61.7157	60.2673	2.87989	2.89506	0	0	0	0	0	0	0	0
8032	113	53.3094	60.6981	2.81988	2.78098	0	0	0	0	0	0	0	0
8032	114	61.0962	56.886	2.87324	2.93484	0	0	0	0	0	0	0	0
8032	115	60.9094	55.4581	2.77502	2.75822	0	0	0	0	0	0	0	0
8032	116	58.9532	53.0407	2.8307	2.86559	0	0	0	0	0	0	0	0
8032	117	57.4697	58.159	2.83112	2.82678	0	0	0	0	0	0	0	0
8032	118	54.8879	57.0373	2.80164	2.79269	0	0	0	0	0	0	0	0
8032	119	63.0454	59.322	2.88557	2.89583	0	0	0	0	0	0	0	0
8032	120	60.6915	59.0045	2.8347	2.83163	0	0	0	0	0	0	0	0
8032	121	60.316	59.0152	2.83029	2.82878	0	0	0	0	0	0	0	0
8032	122	62.8084	60.3019	2.99005	2.98874	0	0	0	0	0	0	0	0
8032	123	56.4972	55.8627	2.81344	2.82822	0	0	0	0	0	0	0	0
8032	124	51.8163	52.019	2.80372	2.80866	0	0	0	0	0	0	0	0
8032	125	59.8916	62.4029	2.92099	2.91282	0	0	0	0	0	0	0	0
8032	126	54.0745	55.252	2.85572	2.86983	0	0	0	0	0	0	0	0
8032	127	53.8604	55.3546	2.91339	2.90472	0	0	0	0	0	0	0	0
8084	0	54.8692	61.0302	2.41971	2.41009	0	0	0	0	0	0	0	0
8084	1	57.271	59.9182	2.38831	2.39159	0	0	0	0	0	0	0	0
8084	2	62.5922	57.1474	2.85791	2.93696	0	0	0	0	0	0	0	0
8084	3	60.1897	61.959	2.2752	2.29929	0	0	0	0	0	0	0	0
8084	4	53.6552	57.0648	2.8526	2.82671	0	0	0	0	0	0	0	0
8084	5	59.8038	58.6394	2.25477	2.26274	0	0	0	0	0	0	0	0
8084	6	57.3825	61.8773	3.03274	3.02745	0	0	0	0	0	0	0	0
8084	7	67.3208	58.0555	2.30816	2.33839	0	0	0	0	0	0	0	0
8084	8	65.0564	61.5504	2.46558	2.51085	0	0	0	0	0	0	0	0
8084	9	54.5853	57.2416	2.21049	2.23402	0	0	0	0	0	0	0	0
8084	10	58.1195	61.2346	2.44979	2.46305	0	0	0	0	0	0	0	0
8084	11	59.6942	60.9706	2.24837	2.2444	0	0	0	0	0	0	0	0
8084	12	60.7659	55.2751	2.35688	2.40474	0	0	0	0	0	0	0	0
8084	13	55.6533	62.4716	2.31965	2.28181	0	0	0	0	0	0	0	0
8084	14	59.8698	55.3697	2.33174	2.35882	0	0	0	0	0	0	0	0
8084	15	57.4305	57.3333	2.18853	2.19871	0	0	0	0	0	0	0	0
8084	16	65.3435	67.301	2.98569	3.00355	0	0	0	0	0	0	0	0
8084	17	70.5606	64.1974	2.72832	2.78999	0	0	0	0	0	0	0	0
8084	18	73.5854	72.6096	2.66842	2.66663	0	0	0	0	0	0	0	0
8084	19	70.6302	64.9053	2.59595	2.63621	0	0	0	0	0	0	0	0
8084	20	70.2164	67.5448	2.891	2.88609	0	0	0	0	0	0	0	0
8084	21	75.718	70.8471	3.48496	3.46185	0	0	0	0	0	0	0	0
8084	22	70.4349	63.5265	2.78701	2.86955	0	0	0	0	0	0	0	0
8084	23	71.8401	73.4831	2.71813	2.70725	0	0	0	0	0	0	0	0
8084	24	69.7246	69.1677	2.91563	2.90629	0	0	0	0	0	0	0	0
8084	25	66.0443	66.1239	2.60547	2.5878	0	0	0	0	0	0	0	0
8084	26	63.8453	70.0721	2.67972	2.6545	0	0	0	0	0	0	0	0
8084	27	65.7795	67.4709	2.65842	2.65057	0	0	0	0	0	0	0	0
8084	28	63.6934	71.9383	2.94054	2.90906	0	0	0	0	0	0	0	0
8084	29	62.4742	64.374	3.14784	3.15864	0	0	0	0	0	0	0	0
8084	30	63.7004	60.5089	2.82951	2.85021	0	0	0	0	0	0	0	0
8084	31	64.7445	65.5644	2.71925	2.72211	0	0	0	0	0	0	0	0
8084	32	56.1628	55.9766	3.4202	3.42556	0	0	0	0	0	0	0	0
8084	33	55.2398	54.6134	2.82919	2.84267	0	0	0	0	0	0	0	0
8084	34	57.722	56.9754	2.8054	2.81101	0	0	0	0	0	0	0	0
8084	35	57.1838	64.6592	2.9558	2.94808	0	0	0	0	0	0	0	0
8084	36	57.6471	57.5046	2.92996	2.9435	0	0	0	0	0	0	0	0
8084	37	59.2259	60.4281	2.71744	2.72451	0	0	0	0	0	0	0	0
8084	38	60.2587	59.9851	2.7176	2.72798	0	0	0	0	0	0	0	0
8084	39	57.2429	53.3084	2.81654	2.84629	0	0	0	0	0	0	0	0
8084	40	56.0763	56.6728	2.7418	2.76635	0	0	0	0	0	0	0	0
8084	41	61.0035	61.5687	2.76224	2.76063	0	0	0	0	0	0	0	0
8084	42	54.1028	57.307	3.09958	3.11573	0	0	0	0	0	0	0	0
8084	43	62.9398	60.7287	2.69551	2.73846	0	0	0	0	0	0	0	0
8084	44	58.061	59.3495	3.105	3.14842	0	0	0	0	0	0	0	0
8084	45	60.0991	56.5901	2.77334	2.79016	0	0	0	0	0	0	0	0
8084	46	50.5222	61.95	2.70973	2.71759	0	0	0	0	0	0	0	0
8084	47	58.7671	61.5523	2.558	2.5696	0	0	0	0	0	0	0	0
8084	48	63.4679	70.0498	2.50882	2.43882	0	0	0	0	0	0	0	0
8084	49	65.7541	67.178	2.41027	2.38919	0	0	0	0	0	0	0	0
8084	50	63.829	68.3691	2.47686	2.4394	0	0	0	0	0	0	0	0
8084	51	67.2673	67.1687	2.53431	2.50125	0	0	0	0	0	0	0	0
8084	52	70.7637	58.4178	2.45381	2.51515	0	0	0	0	0	0	0	0
8084	53	69.0274	73.7655	2.54248	2.53112	0	0	0	0	0	0	0	0
8084	54	64.3722	57.2375	2.60977	2.62316	0	0	0	0	0	0	0	0
8084	55	65.3768	58.3924	2.57961	2.6126	0	0	0	0	0	0	0	0
8084	56	70.1093	65.4944	2.52487	2.54134	0	0	0	0	0	0	0	0
8084	57	67.3695	69.2733	2.55539	2.55638	0	0	0	0	0	0	0	0
8084	58	65.7598	67.2483	2.60896	2.58774	0	0	0	0	0	0	0	0
8084	59	67.0506	62.1767	2.74684	2.74096	0	0	0	0	0	0	0	0
8084	60	64.8039	67.1303	2.55669	2.56075	0	0	0	0	0	0	0	0
8084	61	64.6593	66.7784	2.78922	2.7884	0	0	0	0	0	0	0	0
8084	62	69.1328	62.282	3.00634	3.08792	0	0	0	0	0	0	0	0
8084	63	59.5428	65.5772	2.93922	2.91306	0	0	0	0	0	0	0	0
8084	64	93.2675	92.1535	2.28848	2.31828	0	0	0	0	0	0	0	0
8084	65	88.654	94.2949	2.29436	2.22097	0	0	0	0	0	0	0	0
8084	66	91.0765	95.4899	2.34605	2.33043	0	0	0	0	0	0	0	0
8084	67	85.6994	86.0823	2.45848	2.44518	0	0	0	0	0	0	0	0
8084	68	96.9019	100.527	2.31502	2.38902	0	0	0	0	0	0	0	0
8084	69	91.4657	87.8567	2.38763	2.414	0	0	0	0	0	0	0	0
8084	70	89.0121	92.5138	2.41204	2.38096	0	0	0	0	0	0	0	0
8084	71	89.5896	91.2249	2.54702	2.51343	0	0	0	0	0	0	0	0
8084	72	91.0822	88.3996	2.30173	2.29616	0	0	0	0	0	0	0	0
8084	73	91.8274	87.9394	2.45119	2.46735	0	0	0	0	0	0	0	0
8084	74	88.4056	91.014	2.51683	2.47583	0	0	0	0	0	0	0	0
8084	75	87.1019	86.4327	2.54088	2.51149	0	0	0	0	0	0	0	0
8084	76	90.8254	91.0644	2.31534	2.32211	0	0	0	0	0	0	0	0
8084	77	90.8501	88.3547	2.45458	2.44654	0	0	0	0	0	0	0	0
8084	78	88.2541	87.6405	2.38067	2.35969	0	0	0	0	0	0	0	0
8084	79	88.6662	86.7693	2.33267	2.31883	0	0	0	0	0	0	0	0
8084	80	79.8829	79.4652	3.78885	3.80114	0	0	0	0	0	0	0	0
8084	81	80.5284	86.1316	3.1265	3.05763	0	0	0	0	0	0	0	0
8084	82	84.8401	84.1885	3.0688	3.05052	0	0	0	0	0	0	0	0
8084	83	80.7593	82.7624	2.60132	2.57995	0	0	0	0	0	0	0	0
8084	84	81.8987	82.2032	2.69517	2.74997	0	0	0	0	0	0	0	0
8084	85	81.0699	82.4185	2.4563	2.45553	0	0	0	0	0	0	0	0
8084	86	81.2002	81.2879	2.55495	2.59639	0	0	0	0	0	0	0	0
8084	87	88.3603	86.9913	2.45654	2.40472	0	0	0	0	0	0	0	0
8084	88	86.6264	85.0471	2.39182	2.35	0	0	0	0	0	0	0	0
8084	89	86.6487	82.1479	2.25036	2.30635	0	0	0	0	0	0	0	0
8084	90	83.6279	81.0003	2.48374	2.52268	0	0	0	0	0	0	0	0
8084	91	78.4856	80.433	2.42449	2.43974	0	0	0	0	0	0	0	0
8084	92	81.1787	77.6727	2.50071	2.50769	0	0	0	0	0	0	0	0
8084	93	78.936	80.2554	2.51014	2.51403	0	0	0	0	0	0	0	0
8084	94	73.0777	83.5324	2.5739	2.53923	0	0	0	0	0	0	0	0
8084	95	79.8621	79.4075	2.60175	2.57521	0	0	0	0	0	0	0	0
8084	96	67.2521	69.4778	2.49237	2.47663	0	0	0	0	0	0	0	0
8084	97	68.6986	66.9447	2.38737	2.38436	0	0	0	0	0	0	0	0
8084	98	66.5143	65.9789	2.39728	2.3836	0	0	0	0	0	0	0	0
8084	99	65.1218	66.1278	2.46205	2.4578	0	0	0	0	0	0	0	0
8084	100	67.1035	72.4358	2.50473	2.47236	0	0	0	0	0	0	0	0
8084	101	64.7155	70.2173	2.55649	2.5291	0	0	0	0	0	0	0	0
8084	102	65.0187	73.5491	2.40903	2.36166	0	0	0	0	0	0	0	0
8084	103	67.9306	70.4013	2.40432	2.39954	0	0	0	0	0	0	0	0
8084	104	61.4184	68.5519	2.8179	2.76841	0	0	0	0	0	0	0	0
8084	105	63.4876	70.6262	2.44207	2.41468	0	0	0	0	0	0	0	0
8084	106	66.5214	64.0493	2.45253	2.4933	0	0	0	0	0	0	0	0
8084	107	66.004	66.3312	2.46543	2.45932	0	0	0	0	0	0	0	0
8084	108	69.0716	64.2549	2.53778	2.58048	0	0	0	0	0	0	0	0
8084	109	66.2956	68.4383	2.56318	2.57727	0	0	0	0	0	0	0	0
8084	110	68.2989	66.5934	2.40428	2.41603	0	0	0	0	0	0	0	0
8084	111	64.6519	63.1702	2.43534	2.46077	0	0	0	0	0	0	0	0
8084	112	63.141	61.5685	2.54815	2.57006	0	0	0	0	0	0	0	0
8084	113	61.6524	61.704	2.53968	2.50831	0	0	0	0	0	0	0	0
8084	114	62.0103	63.1731	2.53809	2.52818	0	0	0	0	0	0	0	0
8084	115	64.4878	60.6148	2.49899	2.52709	0	0	0	0	0	0	0	0
8084	116	63.3083	63.1778	2.49493	2.51059	0	0	0	0	0	0	0	0
8084	117	59.0046	63.2231	2.65823	2.63968	0	0	0	0	0	0	0	0
8084	118	60.4148	64.3278	2.49129	2.46371	0	0	0	0	0	0	0	0
8084	119	61.9725	64.0212	2.48782	2.47799	0	0	0	0	0	0	0	0
8084	120	65.8469	65.5727	2.46307	2.47717	0	0	0	0	0	0	0	0
8084	121	57.7278	59.4009	2.51073	2.51965	0	0	0	0	0	0	0	0
8084	122	55.5088	61.9108	2.5179	2.52819	0	0	0	0	0	0	0	0
8084	123	63.7023	61.7619	2.57634	2.59117	0	0	0	0	0	0	0	0
8084	124	61.449	61.2102	2.62986	2.64868	0	0	0	0	0	0	0	0
8084	125	60.3159	57.0261	2.50183	2.49357	0	0	0	0	0	0	0	0
8084	126	61.8673	65.8435	2.48514	2.46801	0	0	0	0	0	0	0	0
8084	127	65.5181	65.2337	2.4655	2.47968	0	0	0	0	0	0	0	0
8015	0	73.3861	70.3443	2.30361	2.34077	0	0	0	0	0	0	0	0
8015	1	71.0908	68.9305	3.39214	3.48737	0	0	0	0	0	0	0	0
8015	2	72.1411	77.3424	2.66501	2.66171	0	0	0	0	0	0	0	0
8015	3	72.5172	72.395	2.48497	2.47607	0	0	0	0	0	0	0	0
8015	4	76.171	69.1997	2.28251	2.31045	0	0	0	0	0	0	0	0
8015	5	67.7045	70.8315	2.26239	2.26547	0	0	0	0	0	0	0	0
8015	6	69.2308	66.6592	2.39834	2.41265	0	0	0	0	0	0	0	0
8015	7	73.2868	70.1115	2.27316	2.32768	0	0	0	0	0	0	0	0
8015	8	66.7345	68.4372	2.2909	2.29621	0	0	0	0	0	0	0	0
8015	9	70.3459	71.8573	2.18244	2.18166	0	0	0	0	0	0	0	0
8015	10	70.3152	65.862	2.50553	2.55958	0	0	0	0	0	0	0	0
8015	11	71.6997	69.9084	2.36938	2.39291	0	0	0	0	0	0	0	0
8015	12	70.6664	73.9699	3.10739	3.13423	0	0	0	0	0	0	0	0
8015	13	71.7948	69.0444	2.20493	2.25003	0	0	0	0	0	0	0	0
8015	14	69.8489	70.9887	2.28415	2.29051	0	0	0	0	0	0	0	0
8015	15	66.1234	69.6902	2.4035	2.41513	0	0	0	0	0	0	0	0
8015	16	70.5488	64.2352	2.84325	2.9043	0	0	0	0	0	0	0	0
8015	17	71.1888	70.4838	2.74516	2.73372	0	0	0	0	0	0	0	0
8015	18	65.7326	65.616	2.69408	2.68945	0	0	0	0	0	0	0	0
8015	19	72.1846	74.3948	2.60757	2.618	0	0	0	0	0	0	0	0
8015	20	75.7773	75.5413	2.70945	2.74784	0	0	0	0	0	0	0	0
8015	21	73.2597	76.4912	2.60088	2.62311	0	0	0	0	0	0	0	0
8015	22	64.8534	66.1933	2.52093	2.55002	0	0	0	0	0	0	0	0
8015	23	70.2855	62.2882	3.14709	3.24782	0	0	0	0	0	0	0	0
8015	24	65.8222	66.367	2.61742	2.64064	0	0	0	0	0	0	0	0
8015	25	60.1117	69.8021	3.09357	3.08869	0	0	0	0	0	0	0	0
8015	26	68.0923	63.0931	2.59237	2.60515	0	0	0	0	0	0	0	0
8015	27	65.2678	68.7027	2.80786	2.77575	0	0	0	0	0	0	0	0
8015	28	69.8574	67.0286	2.63976	2.66043	0	0	0	0	0	0	0	0
8015	29	74.0402	62.9209	2.81629	2.85774	0	0	0	0	0	0	0	0
8015	30	70.3582	67.8557	2.57694	2.59419	0	0	0	0	0	0	0	0
8015	31	59.0444	63.748	2.53703	2.55645	0	0	0	0	0	0	0	0
8015	32	62.6861	65.0602	2.57121	2.56227	0	0	0	0	0	0	0	0
8015	33	73.1885	71.1457	2.53833	2.5401	0	0	0	0	0	0	0	0
8015	34	68.0137	69.2467	2.58907	2.61338	0	0	0	0	0	0	0	0
8015	35	78.5682	78.4754	2.43726	2.47371	0	0	0	0	0	0	0	0
8015	36	74.1238	79.001	2.60917	2.65197	0	0	0	0	0	0	0	0
8015	37	72.5044	71.4262	2.51885	2.49865	0	0	0	0	0	0	0	0
8015	38	68.7246	65.0279	2.42367	2.45738	0	0	0	0	0	0	0	0
8015	39	72.2953	74.9897	2.42506	2.4033	0	0	0	0	0	0	0	0
8015	40	79.0957	68.4157	2.97465	2.98942	0	0	0	0	0	0	0	0
8015	41	65.1393	70.4376	2.52814	2.51909	0	0	0	0	0	0	0	0
8015	42	68.3457	66.6494	2.47057	2.51557	0	0	0	0	0	0	0	0
8015	43	62.7014	60.1697	2.46826	2.47482	0	0	0	0	0	0	0	0
8015	44	66.3274	69.3944	2.73185	2.70977	0	0	0	0	0	0	0	0
8015	45	75.8027	65.0215	2.28393	2.31698	0	0	0	0	0	0	0	0
8015	46	72.8101	68.1328	2.4288	2.46067	0	0	0	0	0	0	0	0
8015	47	68.9234	70.0041	2.67321	2.69344	0	0	0	0	0	0	0	0
8015	48	56.5155	62.8691	2.1826	2.17148	0	0	0	0	0	0	0	0
8015	49	70.1465	65.1901	2.29296	2.29955	0	0	0	0	0	0	0	0
8015	50	62.9945	56.1338	2.30351	2.32736	0	0	0	0	0	0	0	0
8015	51	60.2194	64.5583	2.49239	2.47166	0	0	0	0	0	0	0	0
8015	52	57.2706	56.153	2.30498	2.28773	0	0	0	0	0	0	0	0
8015	53	63.4938	64.5896	2.19792	2.18298	0	0	0	0	0	0	0	0
8015	54	61.3632	60.7686	2.18478	2.20354	0	0	0	0	0	0	0	0
8015	55	67.1182	65.5524	2.27402	2.2996	0	0	0	0	0	0	0	0
8015	56	57.9588	64.4974	2.13811	2.11288	0	0	0	0	0	0	0	0
8015	57	62.4241	61.956	2.33851	2.34368	0	0	0	0	0	0	0	0
8015	58	62.4691	62.2733	2.25983	2.29306	0	0	0	0	0	0	0	0
8015	59	61.8909	66.2117	2.47357	2.4938	0	0	0	0	0	0	0	0
8015	60	59.0342	59.7435	2.2887	2.27792	0	0	0	0	0	0	0	0
8015	61	59.1151	63.2194	2.41622	2.40183	0	0	0	0	0	0	0	0
8015	62	61.4184	61.4547	2.84542	2.87525	0	0	0	0	0	0	0	0
8015	63	64.88	57.2918	2.41197	2.471	0	0	0	0	0	0	0	0
8015	64	71.8189	68.8565	2.62033	2.59902	0	0	0	0	0	0	0	0
8015	65	69.4001	72.8051	2.71598	2.69762	0	0	0	0	0	0	0	0
8015	66	78.067	71.7946	3.07443	3.07537	0	0	0	0	0	0	0	0
8015	67	76.5867	77.2098	2.9285	2.92272	0	0	0	0	0	0	0	0
8015	68	78.7005	78.0754	2.6853	2.69528	0	0	0	0	0	0	0	0
8015	69	75.0916	77.9389	2.59727	2.60588	0	0	0	0	0	0	0	0
8015	70	76.4163	75.6092	2.67809	2.66377	0	0	0	0	0	0	0	0
8015	71	69.4555	69.8996	2.61674	2.63324	0	0	0	0	0	0	0	0
8015	72	78.2151	72.9445	2.66088	2.6717	0	0	0	0	0	0	0	0
8015	73	81.7078	77.7701	2.6344	2.62909	0	0	0	0	0	0	0	0
8015	74	82.1595	79.8196	2.72529	2.69756	0	0	0	0	0	0	0	0
8015	75	75.4084	79.6397	2.74187	2.75783	0	0	0	0	0	0	0	0
8015	76	75.1923	69.7357	2.7296	2.73906	0	0	0	0	0	0	0	0
8015	77	75.1505	77.5908	2.75445	2.7096	0	0	0	0	0	0	0	0
8015	78	75.8318	70.5256	2.98208	2.96012	0	0	0	0	0	0	0	0
8015	79	70.6269	74.3195	2.71046	2.698	0	0	0	0	0	0	0	0
8015	80	83.1374	78.7717	4.13936	4.20647	0	0	0	0	0	0	0	0
8015	81	82.9894	86.8852	3.41669	3.35616	0	0	0	0	0	0	0	0
8015	82	86.9451	82.4879	3.66961	3.75327	0	0	0	0	0	0	0	0
8015	83	81.4251	81.7622	3.14228	3.15884	0	0	0	0	0	0	0	0
8015	84	86.3548	80.3933	6.34644	6.3546	0	0	0	0	0	0	0	0
8015	85	85.9965	82.6324	2.81938	2.8744	0	0	0	0	0	0	0	0
8015	86	79.8465	77.99	2.89973	2.91992	0	0	0	0	0	0	0	0
8015	87	81.8922	81.6407	2.74902	2.77203	0	0	0	0	0	0	0	0
8015	88	87.0487	82.6251	2.63208	2.69388	0	0	0	0	0	0	0	0
8015	89	80.5474	87.7038	2.89103	2.85795	0	0	0	0	0	0	0	0
8015	90	87.6521	82.0211	3.54404	3.59909	0	0	0	0	0	0	0	0
8015	91	82.7459	82.8753	3.18572	3.22718	0	0	0	0	0	0	0	0
8015	92	86.3132	84.8523	3.18732	3.21345	0	0	0	0	0	0	0	0
8015	93	83.951	83.8844	2.92427	2.92404	0	0	0	0	0	0	0	0
8015	94	83.8252	84.8212	3.36926	3.40263	0	0	0	0	0	0	0	0
8015	95	86.1487	88.2236	3.6034	3.64521	0	0	0	0	0	0	0	0
8015	96	78.247	85.1089	2.35945	2.30256	0	0	0	0	0	0	0	0
8015	97	81.0921	82.4508	2.33934	2.32249	0	0	0	0	0	0	0	0
8015	98	89.2032	89.2018	2.29203	2.2819	0	0	0	0	0	0	0	0
8015	99	80.6815	79.9355	2.33501	2.31376	0	0	0	0	0	0	0	0
8015	100	85.2163	85.2549	2.25625	2.26337	0	0	0	0	0	0	0	0
8015	101	81.0647	79.6056	2.29249	2.27941	0	0	0	0	0	0	0	0
8015	102	92.866	90.9581	2.36381	2.3301	0	0	0	0	0	0	0	0
8015	103	84.5951	87.6401	2.38704	2.34922	0	0	0	0	0	0	0	0
8015	104	84.8915	83.4845	2.2952	2.32281	0	0	0	0	0	0	0	0
8015	105	79.9544	83.7312	2.36317	2.30801	0	0	0	0	0	0	0	0
8015	106	84.6121	77.7861	2.39227	2.41013	0	0	0	0	0	0	0	0
8015	107	84.717	82.6022	2.3326	2.35546	0	0	0	0	0	0	0	0
8015	108	84.266	82.939	2.32875	2.35177	0	0	0	0	0	0	0	0
8015	109	86.0401	83.5676	2.33392	2.35571	0	0	0	0	0	0	0	0
8015	110	82.5572	84.4224	2.35387	2.34771	0	0	0	0	0	0	0	0
8015	111	83.1754	88.8895	2.37661	2.31596	0	0	0	0	0	0	0	0
8015	112	79.8269	77.7229	2.30218	2.33852	0	0	0	0	0	0	0	0
8015	113	76.3981	70.0718	2.26488	2.2967	0	0	0	0	0	0	0	0
8015	114	76.3841	78.6561	2.31491	2.3112	0	0	0	0	0	0	0	0
8015	115	76.2725	78.9839	2.25514	2.2698	0	0	0	0	0	0	0	0
8015	116	74.885	76.5409	2.31649	2.30498	0	0	0	0	0	0	0	0
8015	117	71.0089	71.8001	2.38123	2.3536	0	0	0	0	0	0	0	0
8015	118	72.8354	76.9248	2.31465	2.30616	0	0	0	0	0	0	0	0
8015	119	69.6111	76.1365	2.29385	2.28824	0	0	0	0	0	0	0	0
8015	120	76.3332	76.3	2.33555	2.3447	0	0	0	0	0	0	0	0
8015	121	74.3515	77.9497	2.28111	2.26695	0	0	0	0	0	0	0	0
8015	122	74.7323	74.2122	2.27504	2.28615	0	0	0	0	0	0	0	0
8015	123	72.9255	71.7038	2.31831	2.32162	0	0	0	0	0	0	0	0
8015	124	76.1917	75.4945	2.28151	2.30869	0	0	0	0	0	0	0	0
8015	125	75.3431	74.5555	2.35843	2.38096	0	0	0	0	0	0	0	0
8015	126	72.8849	76.5846	2.31863	2.3509	0	0	0	0	0	0	0	0
8015	127	75.2084	75.4625	2.32522	2.32449	0	0	0	0	0	0	0	0
8106	0	71.8494	67.739	3.25367	3.27855	0	0	0	0	0	0	0	0
8106	1	69.6806	65.0995	3.43783	3.43955	0	0	0	0	0	0	0	0
8106	2	64.6029	65.7481	2.60814	2.57223	0	0	0	0	0	0	0	0
8106	3	73.766	66.9111	2.56203	2.59375	0	0	0	0	0	0	0	0
8106	4	76.362	71.6392	2.7585	2.74355	0	0	0	0	0	0	0	0
8106	5	72.1115	68.1447	3.38738	3.41562	0	0	0	0	0	0	0	0
8106	6	67.9024	70.272	2.54514	2.52303	0	0	0	0	0	0	0	0
8106	7	69.2647	66.5932	2.49472	2.49523	0	0	0	0	0	0	0	0
8106	8	69.2603	71.6159	2.84714	2.82736	0	0	0	0	0	0	0	0
8106	9	66.3842	66.2644	3.6907	3.67627	0	0	0	0	0	0	0	0
8106	10	67.5069	72.0812	2.74323	2.68994	0	0	0	0	0	0	0	0
8106	11	67.0489	69.2932	2.66874	2.63218	0	0	0	0	0	0	0	0
8106	12	67.3784	66.5642	2.86813	2.83035	0	0	0	0	0	0	0	0
8106	13	65.3277	67.4328	2.79269	2.77217	0	0	0	0	0	0	0	0
8106	14	64.7224	69.2516	2.65056	2.62346	0	0	0	0	0	0	0	0
8106	15	70.9488	65.7012	2.50479	2.52247	0	0	0	0	0	0	0	0
8106	16	77.5642	77.7606	2.41283	2.43564	0	0	0	0	0	0	0	0
8106	17	78.2627	77.9588	2.38254	2.38845	0	0	0	0	0	0	0	0
8106	18	86.5833	80.2737	2.28284	2.3065	0	0	0	0	0	0	0	0
8106	19	82.8415	84.592	2.28044	2.22462	0	0	0	0	0	0	0	0
8106	20	83.0078	79.0111	2.18353	2.20663	0	0	0	0	0	0	0	0
8106	21	79.2928	82.8438	3.11696	3.09058	0	0	0	0	0	0	0	0
8106	22	73.5718	85.9777	2.20617	2.13503	0	0	0	0	0	0	0	0
8106	23	82.2803	83.0381	2.21185	2.18962	0	0	0	0	0	0	0	0
8106	24	83.9111	78.2496	2.30162	2.35218	0	0	0	0	0	0	0	0
8106	25	76.0118	78.2026	2.14752	2.14653	0	0	0	0	0	0	0	0
8106	26	77.9107	77.6994	2.14997	2.15267	0	0	0	0	0	0	0	0
8106	27	82.5805	74.4356	3.83747	3.8944	0	0	0	0	0	0	0	0
8106	28	74.5682	80.8814	2.37686	2.38477	0	0	0	0	0	0	0	0
8106	29	78.0916	77.3237	2.31073	2.32695	0	0	0	0	0	0	0	0
8106	30	81.9682	82.4107	2.14013	2.14986	0	0	0	0	0	0	0	0
8106	31	72.1895	81.6956	2.92	2.89448	0	0	0	0	0	0	0	0
8106	32	54.6398	59.2726	2.88844	2.85729	0	0	0	0	0	0	0	0
8106	33	61.3054	64.3991	2.83031	2.86639	0	0	0	0	0	0	0	0
8106	34	53.193	56.6118	2.95673	2.95995	0	0	0	0	0	0	0	0
8106	35	55.6374	55.4281	2.72765	2.72879	0	0	0	0	0	0	0	0
8106	36	67.692	66.3558	2.87311	2.82721	0	0	0	0	0	0	0	0
8106	37	60.6182	62.5705	2.67211	2.64971	0	0	0	0	0	0	0	0
8106	38	59.4491	56.8027	2.88936	2.90427	0	0	0	0	0	0	0	0
8106	39	56.7666	56.3813	2.79642	2.82532	0	0	0	0	0	0	0	0
8106	40	58.3513	61.5386	2.74649	2.72658	0	0	0	0	0	0	0	0
8106	41	53.2012	49.0809	2.72736	2.73736	0	0	0	0	0	0	0	0
8106	42	56.3665	59.4272	2.88487	2.88439	0	0	0	0	0	0	0	0
8106	43	53.9	56.8315	2.69586	2.67396	0	0	0	0	0	0	0	0
8106	44	56.9618	55.8572	2.9155	2.961	0	0	0	0	0	0	0	0
8106	45	60.3449	58.3967	2.66946	2.69559	0	0	0	0	0	0	0	0
8106	46	56.4338	59.0175	2.87696	2.89197	0	0	0	0	0	0	0	0
8106	47	54.4242	58.6463	2.81177	2.77608	0	0	0	0	0	0	0	0
8106	48	68.6599	67.1758	2.63109	2.65781	0	0	0	0	0	0	0	0
8106	49	69.908	69.1529	2.43196	2.42461	0	0	0	0	0	0	0	0
8106	50	69.0087	68.6575	2.41914	2.4536	0	0	0	0	0	0	0	0
8106	51	63.2783	69.2143	2.47167	2.4651	0	0	0	0	0	0	0	0
8106	52	78.692	76.6495	2.51178	2.47447	0	0	0	0	0	0	0	0
8106	53	70.4985	68.4028	2.6747	2.68336	0	0	0	0	0	0	0	0
8106	54	72.925	69.9094	2.45258	2.45175	0	0	0	0	0	0	0	0
8106	55	70.0716	68.5792	2.44817	2.47426	0	0	0	0	0	0	0	0
8106	56	62.9696	64.8145	2.51097	2.50186	0	0	0	0	0	0	0	0
8106	57	70.6245	69.7875	2.57154	2.57341	0	0	0	0	0	0	0	0
8106	58	72.2209	67.1657	2.48248	2.50885	0	0	0	0	0	0	0	0
8106	59	66.8976	66.5869	2.5659	2.59063	0	0	0	0	0	0	0	0
8106	60	65.1958	65.4559	2.60131	2.61458	0	0	0	0	0	0	0	0
8106	61	68.4766	68.8425	2.67182	2.67921	0	0	0	0	0	0	0	0
8106	62	70.4018	70.1386	2.73517	2.74219	0	0	0	0	0	0	0	0
8106	63	69.4142	70.9571	2.723	2.69407	0	0	0	0	0	0	0	0
8106	64	80.5231	82.7062	2.27446	2.28324	0	0	0	0	0	0	0	0
8106	65	79.4075	84.786	2.29698	2.24756	0	0	0	0	0	0	0	0
8106	66	85.3805	85.71	2.26239	2.24949	0	0	0	0	0	0	0	0
8106	67	87.1544	90.042	2.21673	2.2162	0	0	0	0	0	0	0	0
8106	68	89.7553	82.2532	2.25185	2.28768	0	0	0	0	0	0	0	0
8106	69	81.728	83.4056	2.31144	2.30711	0	0	0	0	0	0	0	0
8106	70	83.3524	83.7798	2.24704	2.25155	0	0	0	0	0	0	0	0
8106	71	75.438	81.2333	2.29084	2.2866	0	0	0	0	0	0	0	0
8106	72	85.9664	86.6461	2.21493	2.22884	0	0	0	0	0	0	0	0
8106	73	80.3397	80.0325	2.33344	2.3315	0	0	0	0	0	0	0	0
8106	74	78.0779	77.802	2.32393	2.33641	0	0	0	0	0	0	0	0
8106	75	83.0683	79.1297	2.37968	2.36502	0	0	0	0	0	0	0	0
8106	76	81.0418	83.528	2.40291	2.3935	0	0	0	0	0	0	0	0
8106	77	83.5073	84.2788	2.43576	2.43358	0	0	0	0	0	0	0	0
8106	78	80.2199	83.0295	2.43696	2.43738	0	0	0	0	0	0	0	0
8106	79	87.226	84.4675	2.44236	2.458	0	0	0	0	0	0	0	0
8106	80	74.4997	78.0428	3.86086	3.86351	0	0	0	0	0	0	0	0
8106	81	78.2064	78.7765	3.07821	3.10294	0	0	0	0	0	0	0	0
8106	82	74.3347	76.715	3.25476	3.25231	0	0	0	0	0	0	0	0
8106	83	75.4169	72.0316	2.58028	2.58651	0	0	0	0	0	0	0	0
8106	84	78.2695	77.3412	2.70813	2.74095	0	0	0	0	0	0	0	0
8106	85	74.5309	76.8541	2.49212	2.49075	0	0	0	0	0	0	0	0
8106	86	73.6973	71.0842	2.56369	2.55081	0	0	0	0	0	0	0	0
8106	87	77.4822	80.1764	2.4168	2.43452	0	0	0	0	0	0	0	0
8106	88	77.6708	69.454	2.44004	2.46132	0	0	0	0	0	0	0	0
8106	89	75.4951	80.1847	2.48949	2.46977	0	0	0	0	0	0	0	0
8106	90	77.3132	82.5735	3.4804	3.45152	0	0	0	0	0	0	0	0
8106	91	75.1483	77.9072	2.60949	2.58909	0	0	0	0	0	0	0	0
8106	92	75.9879	72.2203	2.63368	2.62602	0	0	0	0	0	0	0	0
8106	93	74.8135	74.1012	2.75336	2.72928	0	0	0	0	0	0	0	0
8106	94	77.8978	77.1571	2.66066	2.68414	0	0	0	0	0	0	0	0
8106	95	76.2417	80.0324	2.92828	2.93405	0	0	0	0	0	0	0	0
8106	96	71.5551	66.8612	2.26624	2.29107	0	0	0	0	0	0	0	0
8106	97	61.7251	62.3731	2.27831	2.28948	0	0	0	0	0	0	0	0
8106	98	69.8328	71.4695	2.35251	2.33959	0	0	0	0	0	0	0	0
8106	99	60.7139	65.9072	2.35123	2.31857	0	0	0	0	0	0	0	0
8106	100	70.6547	70.9575	2.29003	2.2608	0	0	0	0	0	0	0	0
8106	101	69.5375	67.0667	2.37131	2.39398	0	0	0	0	0	0	0	0
8106	102	67.7228	67.2113	2.35249	2.35955	0	0	0	0	0	0	0	0
8106	103	70.2476	69.5684	2.29035	2.28383	0	0	0	0	0	0	0	0
8106	104	66.6962	67.7867	2.47316	2.47612	0	0	0	0	0	0	0	0
8106	105	68.6341	68.563	2.25859	2.28363	0	0	0	0	0	0	0	0
8106	106	64.0522	60.3357	2.29515	2.27948	0	0	0	0	0	0	0	0
8106	107	66.2991	67.178	2.28441	2.32226	0	0	0	0	0	0	0	0
8106	108	63.1907	65.5283	2.34417	2.31005	0	0	0	0	0	0	0	0
8106	109	67.617	70.1188	2.33811	2.32279	0	0	0	0	0	0	0	0
8106	110	63.7367	61.0395	2.38675	2.38362	0	0	0	0	0	0	0	0
8106	111	59.9655	65.3953	2.36138	2.32259	0	0	0	0	0	0	0	0
8106	112	57.0921	58.1268	2.61732	2.65081	0	0	0	0	0	0	0	0
8106	113	54.8884	56.6128	2.40001	2.40326	0	0	0	0	0	0	0	0
8106	114	58.8911	64.4442	2.35663	2.31754	0	0	0	0	0	0	0	0
8106	115	61.6546	57.4419	2.64243	2.62786	0	0	0	0	0	0	0	0
8106	116	59.6765	63.8237	2.39346	2.35337	0	0	0	0	0	0	0	0
8106	117	59.3813	62.9902	2.34454	2.32403	0	0	0	0	0	0	0	0
8106	118	65.7721	69.1094	2.32913	2.35164	0	0	0	0	0	0	0	0
8106	119	60.7848	62.0655	2.37817	2.38527	0	0	0	0	0	0	0	0
8106	120	60.9298	61.2538	2.41192	2.39072	0	0	0	0	0	0	0	0
8106	121	58.8228	57.2581	2.82962	2.81234	0	0	0	0	0	0	0	0
8106	122	63.5291	60.2429	2.499	2.52107	0	0	0	0	0	0	0	0
8106	123	61.8924	58.0812	2.55031	2.56497	0	0	0	0	0	0	0	0
8106	124	60.4059	63.2804	2.73044	2.68695	0	0	0	0	0	0	0	0
8106	125	62.6153	63.7551	3.57411	3.5389	0	0	0	0	0	0	0	0
8106	126	61.2727	66.1833	2.45833	2.41926	0	0	0	0	0	0	0	0
8106	127	64.029	64.1956	2.50504	2.51158	0	0	0	0	0	0	0	0
8042	0	53.8288	56.5883	2.72612	2.70454	0	0	0	0	0	0	0	0
8042	1	50.4006	52.7934	3.0863	3.05013	0	0	0	0	0	0	0	0
8042	2	54.5812	60.1886	2.3808	2.3744	0	0	0	0	0	0	0	0
8042	3	55.775	51.7931	2.57672	2.60561	0	0	0	0	0	0	0	0
8042	4	51.7311	53.2705	2.48577	2.46698	0	0	0	0	0	0	0	0
8042	5	64.0346	53.0465	2.96244	2.89567	0	0	0	0	0	0	0	0
8042	6	57.7445	57.7504	2.18217	2.19479	0	0	0	0	0	0	0	0
8042	7	58.7486	53.614	2.26091	2.2571	0	0	0	0	0	0	0	0
8042	8	52.9618	56.8015	2.88867	2.84188	0	0	0	0	0	0	0	0
8042	9	51.7524	54.7279	2.33327	2.29056	0	0	0	0	0	0	0	0
8042	10	48.254	47.1989	2.42485	2.39603	0	0	0	0	0	0	0	0
8042	11	51.3869	53.6761	2.3702	2.3722	0	0	0	0	0	0	0	0
8042	12	52.1315	46.1567	3.02168	3.02934	0	0	0	0	0	0	0	0
8042	13	49.7023	54.6685	2.54106	2.48532	0	0	0	0	0	0	0	0
8042	14	49.0854	54.2497	2.45477	2.39711	0	0	0	0	0	0	0	0
8042	15	50.1489	51.4826	2.24769	2.23445	0	0	0	0	0	0	0	0
8042	16	68.709	65.7531	2.43635	2.45162	0	0	0	0	0	0	0	0
8042	17	65.7468	64.5019	2.83815	2.83979	0	0	0	0	0	0	0	0
8042	18	64.6795	66.9999	2.56962	2.55365	0	0	0	0	0	0	0	0
8042	19	58.241	60.9885	2.73357	2.7539	0	0	0	0	0	0	0	0
8042	20	71.7328	66.331	2.80379	2.77941	0	0	0	0	0	0	0	0
8042	21	66.0736	61.7775	2.48707	2.4795	0	0	0	0	0	0	0	0
8042	22	59.2339	55.4688	2.43605	2.4472	0	0	0	0	0	0	0	0
8042	23	58.052	63.4529	2.58795	2.59906	0	0	0	0	0	0	0	0
8042	24	62.8841	63.308	2.34909	2.36681	0	0	0	0	0	0	0	0
8042	25	63.8233	64.1843	2.48281	2.48973	0	0	0	0	0	0	0	0
8042	26	61.0747	62.1596	4.9546	5.05217	0	0	0	0	0	0	0	0
8042	27	53.9873	66.8414	3.41892	3.36779	0	0	0	0	0	0	0	0
8042	28	54.3921	54.2073	2.48457	2.5033	0	0	0	0	0	0	0	0
8042	29	57.8555	63.9594	2.47584	2.48286	0	0	0	0	0	0	0	0
8042	30	53.7537	61.5595	2.61457	2.61115	0	0	0	0	0	0	0	0
8042	31	63.2309	60.4081	2.36306	2.37715	0	0	0	0	0	0	0	0
8042	32	68.8914	64.6421	3.01338	3.06404	0	0	0	0	0	0	0	0
8042	33	74.7267	71.7471	2.66248	2.71761	0	0	0	0	0	0	0	0
8042	34	70.248	73.4795	2.71034	2.71554	0	0	0	0	0	0	0	0
8042	35	75.0961	80.8162	2.61373	2.67048	0	0	0	0	0	0	0	0
8042	36	76.0056	70.0907	2.82646	2.8771	0	0	0	0	0	0	0	0
8042	37	72.8284	71.5241	2.63635	2.64713	0	0	0	0	0	0	0	0
8042	38	70.3999	72.453	2.57664	2.58261	0	0	0	0	0	0	0	0
8042	39	74.1679	71.5299	2.46456	2.46219	0	0	0	0	0	0	0	0
8042	40	66.0034	70.0847	2.52216	2.52073	0	0	0	0	0	0	0	0
8042	41	68.6957	67.2936	2.71995	2.76223	0	0	0	0	0	0	0	0
8042	42	70.2844	71.5873	2.67859	2.69831	0	0	0	0	0	0	0	0
8042	43	75.2048	66.9937	2.42913	2.46524	0	0	0	0	0	0	0	0
8042	44	71.3931	74.7176	2.7858	2.79702	0	0	0	0	0	0	0	0
8042	45	72.4648	70.2669	2.67037	2.68738	0	0	0	0	0	0	0	0
8042	46	64.646	74.9815	2.51551	2.48456	0	0	0	0	0	0	0	0
8042	47	67.6351	70.5503	2.64326	2.62558	0	0	0	0	0	0	0	0
8042	48	67.8508	69.6683	2.81087	2.78821	0	0	0	0	0	0	0	0
8042	49	70.7271	71.5607	2.60391	2.62934	0	0	0	0	0	0	0	0
8042	50	70.7905	73.5933	2.50537	2.51435	0	0	0	0	0	0	0	0
8042	51	68.094	73.1417	2.65445	2.6402	0	0	0	0	0	0	0	0
8042	52	66.3093	82.149	2.53309	2.57566	0	0	0	0	0	0	0	0
8042	53	67.1653	64.3352	2.70827	2.74884	0	0	0	0	0	0	0	0
8042	54	71.7968	68.0097	2.41772	2.43959	0	0	0	0	0	0	0	0
8042	55	68.0376	64.8817	2.51789	2.51834	0	0	0	0	0	0	0	0
8042	56	57.1513	66.5945	2.82399	2.79408	0	0	0	0	0	0	0	0
8042	57	68.1448	69.9567	2.46994	2.45775	0	0	0	0	0	0	0	0
8042	58	63.361	63.2979	2.66698	2.68995	0	0	0	0	0	0	0	0
8042	59	65.3901	64.3335	2.70302	2.70647	0	0	0	0	0	0	0	0
8042	60	61.4164	69.0843	2.60437	2.60443	0	0	0	0	0	0	0	0
8042	61	68.2072	66.8607	2.70108	2.71875	0	0	0	0	0	0	0	0
8042	62	68.0922	65.8896	2.81478	2.83487	0	0	0	0	0	0	0	0
8042	63	64.8416	62.3687	2.9511	2.95841	0	0	0	0	0	0	0	0
8042	64	80.0909	83.9261	2.25959	2.23278	0	0	0	0	0	0	0	0
8042	65	78.9669	78.6677	2.60235	2.60286	0	0	0	0	0	0	0	0
8042	66	75.4849	79.2221	2.30189	2.28858	0	0	0	0	0	0	0	0
8042	67	80.1547	83.16	2.71641	2.71502	0	0	0	0	0	0	0	0
8042	68	75.1893	78.1628	2.51715	2.49765	0	0	0	0	0	0	0	0
8042	69	76.706	82.784	2.43813	2.40261	0	0	0	0	0	0	0	0
8042	70	77.9939	76.9443	2.27368	2.29053	0	0	0	0	0	0	0	0
8042	71	79.9651	80.3464	2.54337	2.55969	0	0	0	0	0	0	0	0
8042	72	77.2977	77.8669	2.69097	2.72456	0	0	0	0	0	0	0	0
8042	73	76.9829	74.6802	2.57687	2.59418	0	0	0	0	0	0	0	0
8042	74	78.8074	76.6125	2.31008	2.3573	0	0	0	0	0	0	0	0
8042	75	76.2092	73.5142	2.52917	2.53383	0	0	0	0	0	0	0	0
8042	76	75.7381	77.8374	2.75697	2.76854	0	0	0	0	0	0	0	0
8042	77	80.4329	84.0727	2.42446	2.41899	0	0	0	0	0	0	0	0
8042	78	78.2624	82.115	2.48567	2.4611	0	0	0	0	0	0	0	0
8042	79	73.0884	79.9658	2.49267	2.47925	0	0	0	0	0	0	0	0
8042	80	70.1468	70.4061	4.29027	4.29285	0	0	0	0	0	0	0	0
8042	81	68.9064	68.2408	3.34798	3.35765	0	0	0	0	0	0	0	0
8042	82	69.7832	68.1405	3.31377	3.3555	0	0	0	0	0	0	0	0
8042	83	73.8651	70.4621	2.60223	2.5392	0	0	0	0	0	0	0	0
8042	84	69.7516	67.8497	2.79002	2.80748	0	0	0	0	0	0	0	0
8042	85	69.3199	69.5267	2.42698	2.41827	0	0	0	0	0	0	0	0
8042	86	70.2562	72.6121	2.53709	2.50001	0	0	0	0	0	0	0	0
8042	87	71.2791	68.9158	3.07913	3.10591	0	0	0	0	0	0	0	0
8042	88	64.108	65.4581	2.53293	2.52389	0	0	0	0	0	0	0	0
8042	89	66.8327	69.259	2.5267	2.49909	0	0	0	0	0	0	0	0
8042	90	65.6557	67.5071	2.48856	2.47787	0	0	0	0	0	0	0	0
8042	91	62.6159	66.6276	2.75386	2.73105	0	0	0	0	0	0	0	0
8042	92	69.2842	67.058	2.47333	2.4595	0	0	0	0	0	0	0	0
8042	93	67.1543	71.0218	2.56244	2.52744	0	0	0	0	0	0	0	0
8042	94	64.7559	72.3056	2.70433	2.63793	0	0	0	0	0	0	0	0
8042	95	64.0571	64.4768	2.64737	2.63127	0	0	0	0	0	0	0	0
8042	96	80.4719	78.9769	2.07612	2.08109	0	0	0	0	0	0	0	0
8042	97	79.602	80.0316	2.06244	2.0419	0	0	0	0	0	0	0	0
8042	98	79.3923	77.0569	2.04956	2.08331	0	0	0	0	0	0	0	0
8042	99	78.9927	79.9372	2.0768	2.07405	0	0	0	0	0	0	0	0
8042	100	75.5249	72.9448	2.06836	2.05101	0	0	0	0	0	0	0	0
8042	101	77.8383	79.302	2.11563	2.09516	0	0	0	0	0	0	0	0
8042	102	75.5087	76.9367	2.17263	2.17378	0	0	0	0	0	0	0	0
8042	103	76.8362	79.3281	2.1608	2.14191	0	0	0	0	0	0	0	0
8042	104	69.908	73.5429	2.08719	2.08689	0	0	0	0	0	0	0	0
8042	105	74.7735	78.8584	2.08588	2.04035	0	0	0	0	0	0	0	0
8042	106	73.3541	75.7935	2.12733	2.09461	0	0	0	0	0	0	0	0
8042	107	75.6628	72.614	2.19403	2.14401	0	0	0	0	0	0	0	0
8042	108	73.9733	76.7706	2.08037	2.07695	0	0	0	0	0	0	0	0
8042	109	75.3275	80.5035	2.14004	2.12135	0	0	0	0	0	0	0	0
8042	110	78.2482	75.3797	2.09093	2.09485	0	0	0	0	0	0	0	0
8042	111	73.9477	75.7129	2.06607	2.05775	0	0	0	0	0	0	0	0
8042	112	61.6629	61.6971	2.41508	2.42366	0	0	0	0	0	0	0	0
8042	113	57.1903	56.2659	2.30708	2.30668	0	0	0	0	0	0	0	0
8042	114	60.9454	62.9864	2.29138	2.31393	0	0	0	0	0	0	0	0
8042	115	60.7527	61.8841	2.18546	2.23551	0	0	0	0	0	0	0	0
8042	116	56.7148	62.8868	2.39069	2.3832	0	0	0	0	0	0	0	0
8042	117	57.1782	57.8925	2.29659	2.31129	0	0	0	0	0	0	0	0
8042	118	60.9208	59.4589	2.28032	2.30763	0	0	0	0	0	0	0	0
8042	119	55.0435	54.5401	2.27127	2.30853	0	0	0	0	0	0	0	0
8042	120	54.99	54.4547	2.28871	2.32169	0	0	0	0	0	0	0	0
8042	121	56.7676	52.1325	2.28757	2.2894	0	0	0	0	0	0	0	0
8042	122	59.2797	55.451	2.28953	2.32129	0	0	0	0	0	0	0	0
8042	123	62.3687	59.8931	2.29884	2.33168	0	0	0	0	0	0	0	0
8042	124	58.7995	58.2471	2.25575	2.29527	0	0	0	0	0	0	0	0
8042	125	56.7429	56.6435	2.30629	2.29865	0	0	0	0	0	0	0	0
8042	126	51.6996	58.505	2.28273	2.27983	0	0	0	0	0	0	0	0
8042	127	57.2212	58.0095	2.2806	2.28652	0	0	0	0	0	0	0	0
8071	0	69.7387	67.8889	3.34044	3.33755	0	0	0	0	0	0	0	0
8071	1	71.1001	67.1351	2.62362	2.65667	0	0	0	0	0	0	0	0
8071	2	62.5067	67.7963	2.45725	2.44004	0	0	0	0	0	0	0	0
8071	3	72.1197	77.161	5.17338	5.16496	0	0	0	0	0	0	0	0
8071	4	69.3336	70.3557	2.33084	2.30881	0	0	0	0	0	0	0	0
8071	5	70.3697	77.8227	2.48323	2.49669	0	0	0	0	0	0	0	0
8071	6	75.0127	73.1077	2.46004	2.42224	0	0	0	0	0	0	0	0
8071	7	75.4136	69.2989	2.37148	2.33396	0	0	0	0	0	0	0	0
8071	8	69.8749	67.4075	2.33911	2.31645	0	0	0	0	0	0	0	0
8071	9	70.4544	77.511	2.39623	2.39042	0	0	0	0	0	0	0	0
8071	10	69.798	66.4629	2.6978	2.70929	0	0	0	0	0	0	0	0
8071	11	63.9971	66.5512	2.8438	2.82212	0	0	0	0	0	0	0	0
8071	12	73.6704	70.7791	2.30756	2.25108	0	0	0	0	0	0	0	0
8071	13	70.4851	65.9572	3.1119	3.13703	0	0	0	0	0	0	0	0
8071	14	64.0585	69.4434	2.51194	2.44776	0	0	0	0	0	0	0	0
8071	15	64.5143	69.0784	2.51607	2.49633	0	0	0	0	0	0	0	0
8071	16	67.2335	68.1312	2.56566	2.5949	0	0	0	0	0	0	0	0
8071	17	66.1981	66.191	2.78382	2.8167	0	0	0	0	0	0	0	0
8071	18	64.9249	74.8516	2.83681	2.80226	0	0	0	0	0	0	0	0
8071	19	66.4627	67.8653	2.63884	2.62745	0	0	0	0	0	0	0	0
8071	20	70.8587	73.1818	2.68677	2.67107	0	0	0	0	0	0	0	0
8071	21	64.0463	68.6644	2.68415	2.68049	0	0	0	0	0	0	0	0
8071	22	69.641	64.3467	2.73559	2.77061	0	0	0	0	0	0	0	0
8071	23	72.0456	70.1123	2.56812	2.56771	0	0	0	0	0	0	0	0
8071	24	71.009	68.1221	2.57031	2.60868	0	0	0	0	0	0	0	0
8071	25	59.9504	67.4812	2.67149	2.6378	0	0	0	0	0	0	0	0
8071	26	62.1017	67.4048	2.65146	2.6283	0	0	0	0	0	0	0	0
8071	27	62.3892	65.3012	2.59083	2.60008	0	0	0	0	0	0	0	0
8071	28	63.9101	62.3466	2.55694	2.57138	0	0	0	0	0	0	0	0
8071	29	58.2621	62.486	2.66035	2.67605	0	0	0	0	0	0	0	0
8071	30	61.5784	60.9144	2.52125	2.48913	0	0	0	0	0	0	0	0
8071	31	62.6405	54.8289	2.81908	2.81688	0	0	0	0	0	0	0	0
8071	32	58.5213	62.256	2.93756	2.95337	0	0	0	0	0	0	0	0
8071	33	69.5721	61.3013	2.9076	2.92218	0	0	0	0	0	0	0	0
8071	34	61.825	62.288	2.70686	2.72965	0	0	0	0	0	0	0	0
8071	35	63.3184	57.6829	2.57128	2.60385	0	0	0	0	0	0	0	0
8071	36	74.8441	65.3733	2.659	2.59573	0	0	0	0	0	0	0	0
8071	37	61.4753	58.9826	2.48325	2.482	0	0	0	0	0	0	0	0
8071	38	59.3406	65.2163	2.46598	2.46176	0	0	0	0	0	0	0	0
8071	39	55.5004	57.7525	2.49367	2.49411	0	0	0	0	0	0	0	0
8071	40	65.7975	62.4044	2.98403	3.01852	0	0	0	0	0	0	0	0
8071	41	60.6028	67.241	2.4287	2.43773	0	0	0	0	0	0	0	0
8071	42	69.6735	62.808	2.60335	2.62446	0	0	0	0	0	0	0	0
8071	43	61.3142	71.7436	2.5265	2.5123	0	0	0	0	0	0	0	0
8071	44	58.0407	67.0386	2.72727	2.69907	0	0	0	0	0	0	0	0
8071	45	62.1301	58.684	2.48192	2.47457	0	0	0	0	0	0	0	0
8071	46	63.2188	71.6008	2.60252	2.63829	0	0	0	0	0	0	0	0
8071	47	57.7375	64.1782	2.56179	2.54482	0	0	0	0	0	0	0	0
8071	48	70.2897	82.6414	2.47057	2.45714	0	0	0	0	0	0	0	0
8071	49	79.891	80.348	2.41587	2.41821	0	0	0	0	0	0	0	0
8071	50	79.8291	84.2033	2.75482	2.71587	0	0	0	0	0	0	0	0
8071	51	78.7294	68.0641	2.48199	2.5164	0	0	0	0	0	0	0	0
8071	52	79.5187	86.8404	2.68009	2.62002	0	0	0	0	0	0	0	0
8071	53	85.2612	83.5222	2.41947	2.46822	0	0	0	0	0	0	0	0
8071	54	82.4567	72.4164	2.32125	2.34519	0	0	0	0	0	0	0	0
8071	55	83.7575	81.1664	2.81072	2.84537	0	0	0	0	0	0	0	0
8071	56	79.0095	82.9007	2.39353	2.40117	0	0	0	0	0	0	0	0
8071	57	79.2645	82.2175	2.40766	2.41117	0	0	0	0	0	0	0	0
8071	58	73.9833	76.2064	2.54252	2.55795	0	0	0	0	0	0	0	0
8071	59	82.6639	84.3824	2.70107	2.72788	0	0	0	0	0	0	0	0
8071	60	76.7711	73.4238	2.61604	2.62931	0	0	0	0	0	0	0	0
8071	61	72.5584	76.9124	2.78084	2.79563	0	0	0	0	0	0	0	0
8071	62	72.7648	71.2243	3.07472	3.04088	0	0	0	0	0	0	0	0
8071	63	74.4382	75.5613	3.40956	3.38945	0	0	0	0	0	0	0	0
8071	64	65.9298	63.6078	3.01939	3.06334	0	0	0	0	0	0	0	0
8071	65	65.6392	67.0398	3.35114	3.39312	0	0	0	0	0	0	0	0
8071	66	70.9635	64.48	3.00146	3.04703	0	0	0	0	0	0	0	0
8071	67	70.9398	73.0463	2.85808	2.88285	0	0	0	0	0	0	0	0
8071	68	71.8232	74.5355	3.075	3.07642	0	0	0	0	0	0	0	0
8071	69	67.6835	67.4919	2.92073	2.9337	0	0	0	0	0	0	0	0
8071	70	64.2786	67.9911	3.12131	3.14851	0	0	0	0	0	0	0	0
8071	71	70.1849	67.2561	3.02225	3.06393	0	0	0	0	0	0	0	0
8071	72	66.8536	70.7394	2.89167	2.89433	0	0	0	0	0	0	0	0
8071	73	73.0365	72.365	3.25646	3.28447	0	0	0	0	0	0	0	0
8071	74	65.739	70.0286	3.00561	3.00203	0	0	0	0	0	0	0	0
8071	75	71.1139	70.2739	2.92999	2.99241	0	0	0	0	0	0	0	0
8071	76	64.1899	67.4089	3.07562	3.08632	0	0	0	0	0	0	0	0
8071	77	69.207	69.7799	3.04928	3.07245	0	0	0	0	0	0	0	0
8071	78	68.1309	69.0167	3.00561	3.01236	0	0	0	0	0	0	0	0
8071	79	71.0613	72.6347	3.0327	3.06469	0	0	0	0	0	0	0	0
8071	80	75.7655	75.4854	4.20882	4.13074	0	0	0	0	0	0	0	0
8071	81	78.3371	75.3777	3.38376	3.37322	0	0	0	0	0	0	0	0
8071	82	76.486	73.5013	3.54461	3.50295	0	0	0	0	0	0	0	0
8071	83	77.6299	76.8489	3.05008	3.01787	0	0	0	0	0	0	0	0
8071	84	72.7285	74.4876	3.23252	3.18484	0	0	0	0	0	0	0	0
8071	85	78.1577	76.8762	2.94391	2.94893	0	0	0	0	0	0	0	0
8071	86	75.3553	74.4423	2.97683	2.9618	0	0	0	0	0	0	0	0
8071	87	79.2629	77.6095	2.99827	2.99751	0	0	0	0	0	0	0	0
8071	88	77.0677	73.7867	3.09537	3.12199	0	0	0	0	0	0	0	0
8071	89	72.6412	72.1399	2.99521	2.95024	0	0	0	0	0	0	0	0
8071	90	71.7865	73.9551	2.96774	2.92002	0	0	0	0	0	0	0	0
8071	91	74.6712	72.9795	3.02956	3.04238	0	0	0	0	0	0	0	0
8071	92	73.3051	77.5459	2.89209	2.82442	0	0	0	0	0	0	0	0
8071	93	72.0831	74.6684	3.05954	3.0194	0	0	0	0	0	0	0	0
8071	94	77.7988	76.7521	3.0733	3.0664	0	0	0	0	0	0	0	0
8071	95	77.256	78.3466	3.19637	3.13323	0	0	0	0	0	0	0	0
8071	96	71.6957	76.855	2.09443	2.08496	0	0	0	0	0	0	0	0
8071	97	71.2655	70.3855	2.10832	2.12431	0	0	0	0	0	0	0	0
8071	98	71.2643	76.9911	2.07638	2.07017	0	0	0	0	0	0	0	0
8071	99	72.8827	77.2219	2.24033	2.22118	0	0	0	0	0	0	0	0
8071	100	69.831	69.9186	2.12142	2.10998	0	0	0	0	0	0	0	0
8071	101	71.6624	75.9488	2.08074	2.04779	0	0	0	0	0	0	0	0
8071	102	73.1657	71.789	2.11591	2.1331	0	0	0	0	0	0	0	0
8071	103	74.6244	75.0873	2.1143	2.12985	0	0	0	0	0	0	0	0
8071	104	69.4712	71.858	2.12493	2.11624	0	0	0	0	0	0	0	0
8071	105	71.786	70.855	2.18053	2.20492	0	0	0	0	0	0	0	0
8071	106	72.0367	71.7617	2.14516	2.14495	0	0	0	0	0	0	0	0
8071	107	67.5137	70.9236	2.22986	2.24562	0	0	0	0	0	0	0	0
8071	108	71.6662	70.617	2.24774	2.27407	0	0	0	0	0	0	0	0
8071	109	63.41	66.3233	2.23539	2.2691	0	0	0	0	0	0	0	0
8071	110	67.8058	70.6531	2.23194	2.23249	0	0	0	0	0	0	0	0
8071	111	70.5813	72.8478	2.16947	2.1795	0	0	0	0	0	0	0	0
8071	112	68.0815	75.4344	2.49174	2.49017	0	0	0	0	0	0	0	0
8071	113	75.2143	75.2718	2.48745	2.49657	0	0	0	0	0	0	0	0
8071	114	76.7572	78.8414	2.45964	2.47992	0	0	0	0	0	0	0	0
8071	115	71.3142	74.1819	2.47624	2.47315	0	0	0	0	0	0	0	0
8071	116	71.301	71.915	2.53967	2.5322	0	0	0	0	0	0	0	0
8071	117	72.1432	76.7904	2.5061	2.50164	0	0	0	0	0	0	0	0
8071	118	74.0665	70.7244	2.44621	2.48101	0	0	0	0	0	0	0	0
8071	119	73.4746	72.4564	2.44333	2.47672	0	0	0	0	0	0	0	0
8071	120	74.7878	77.1217	2.50766	2.48449	0	0	0	0	0	0	0	0
8071	121	69.5615	71.8216	2.4732	2.49034	0	0	0	0	0	0	0	0
8071	122	73.1509	72.1147	2.49224	2.52466	0	0	0	0	0	0	0	0
8071	123	75.0792	78.7719	2.5199	2.52873	0	0	0	0	0	0	0	0
8071	124	71.3289	74.2961	2.48258	2.48024	0	0	0	0	0	0	0	0
8071	125	74.4098	69.1784	2.52643	2.55529	0	0	0	0	0	0	0	0
8071	126	75.3296	75.9295	2.48291	2.51297	0	0	0	0	0	0	0	0
8071	127	78.1484	71.5053	2.59011	2.66249	0	0	0	0	0	0	0	0
8104	0	59.2495	55.5512	2.67549	2.67272	0	0	0	0	0	0	0	0
8104	1	62.7632	63.3656	2.7192	2.72322	0	0	0	0	0	0	0	0
8104	2	64.0351	57.6241	2.96574	2.9892	0	0	0	0	0	0	0	0
8104	3	69.8813	66.7062	2.76192	2.77175	0	0	0	0	0	0	0	0
8104	4	61.5293	64.6846	2.64552	2.63196	0	0	0	0	0	0	0	0
8104	5	66.4302	68.6242	2.63085	2.63771	0	0	0	0	0	0	0	0
8104	6	59.1488	64.4754	2.87252	2.8367	0	0	0	0	0	0	0	0
8104	7	59.4828	59.0745	2.80063	2.80694	0	0	0	0	0	0	0	0
8104	8	70.8216	76.3632	2.76899	2.86531	0	0	0	0	0	0	0	0
8104	9	66.1333	62.53	2.65799	2.69856	0	0	0	0	0	0	0	0
8104	10	64.5055	63.6026	2.71997	2.73457	0	0	0	0	0	0	0	0
8104	11	65.5356	60.8923	4.36008	4.39586	0	0	0	0	0	0	0	0
8104	12	63.8477	64.4732	2.68488	2.71264	0	0	0	0	0	0	0	0
8104	13	65.582	60.9739	2.72175	2.78548	0	0	0	0	0	0	0	0
8104	14	61.3665	60.7362	2.61593	2.61718	0	0	0	0	0	0	0	0
8104	15	60.7462	65.4058	2.60671	2.57771	0	0	0	0	0	0	0	0
8104	16	80.1366	78.17	2.67549	2.6813	0	0	0	0	0	0	0	0
8104	17	80.0629	74.6101	2.67654	2.68223	0	0	0	0	0	0	0	0
8104	18	80.8368	80.743	2.7441	2.73859	0	0	0	0	0	0	0	0
8104	19	77.0349	83.7957	2.83028	2.79036	0	0	0	0	0	0	0	0
8104	20	76.2576	75.2889	2.67751	2.6643	0	0	0	0	0	0	0	0
8104	21	80.7013	85.6856	2.71379	2.73613	0	0	0	0	0	0	0	0
8104	22	75.3254	76.8467	2.80815	2.78459	0	0	0	0	0	0	0	0
8104	23	72.1429	73.2971	2.72839	2.76617	0	0	0	0	0	0	0	0
8104	24	75.872	80.591	2.66283	2.67756	0	0	0	0	0	0	0	0
8104	25	84.3257	73.7029	2.71882	2.79591	0	0	0	0	0	0	0	0
8104	26	72.7517	76.4036	2.72756	2.71645	0	0	0	0	0	0	0	0
8104	27	80.1998	79.5105	2.77053	2.79402	0	0	0	0	0	0	0	0
8104	28	78.5245	76.0538	2.71121	2.68577	0	0	0	0	0	0	0	0
8104	29	78.1346	69.6304	2.78306	2.7836	0	0	0	0	0	0	0	0
8104	30	82.2712	73.7623	2.82166	2.86714	0	0	0	0	0	0	0	0
8104	31	80.3846	73.0871	2.83464	2.85683	0	0	0	0	0	0	0	0
8104	32	76.4022	78.0932	2.54189	2.54065	0	0	0	0	0	0	0	0
8104	33	74.4692	77.2034	2.45078	2.47024	0	0	0	0	0	0	0	0
8104	34	73.281	71.1293	2.60287	2.61363	0	0	0	0	0	0	0	0
8104	35	71.5525	75.381	2.38711	2.41573	0	0	0	0	0	0	0	0
8104	36	71.6953	74.7799	2.4801	2.46634	0	0	0	0	0	0	0	0
8104	37	73.1959	72.1561	2.30935	2.34284	0	0	0	0	0	0	0	0
8104	38	73.939	75.1454	2.39423	2.41954	0	0	0	0	0	0	0	0
8104	39	65.6931	75.0029	2.29835	2.30211	0	0	0	0	0	0	0	0
8104	40	69.5671	77.0066	2.42742	2.4143	0	0	0	0	0	0	0	0
8104	41	69.0181	66.5668	2.29527	2.2834	0	0	0	0	0	0	0	0
8104	42	69.3205	68.3195	2.43806	2.44536	0	0	0	0	0	0	0	0
8104	43	77.9842	76.7418	2.37404	2.39578	0	0	0	0	0	0	0	0
8104	44	70.484	74.2939	2.68246	2.69041	0	0	0	0	0	0	0	0
8104	45	68.6149	73.1039	2.53343	2.50021	0	0	0	0	0	0	0	0
8104	46	72.4657	76.1566	2.3605	2.36702	0	0	0	0	0	0	0	0
8104	47	74.8812	74.0633	2.42033	2.44549	0	0	0	0	0	0	0	0
8104	48	73.4581	67.8461	2.57276	2.5358	0	0	0	0	0	0	0	0
8104	49	65.9519	64.0958	2.56941	2.62208	0	0	0	0	0	0	0	0
8104	50	67.0419	66.7284	2.40737	2.40373	0	0	0	0	0	0	0	0
8104	51	69.5263	68.6987	2.44813	2.41826	0	0	0	0	0	0	0	0
8104	52	72.2823	65.9396	2.38541	2.38668	0	0	0	0	0	0	0	0
8104	53	66.3053	66.5935	2.65121	2.65178	0	0	0	0	0	0	0	0
8104	54	63.0883	60.3465	2.56965	2.60496	0	0	0	0	0	0	0	0
8104	55	57.3669	63.4016	2.48835	2.50177	0	0	0	0	0	0	0	0
8104	56	64.2305	64.2669	2.41068	2.42985	0	0	0	0	0	0	0	0
8104	57	69.1681	63.2638	2.73941	2.77505	0	0	0	0	0	0	0	0
8104	58	76.6547	66.1415	2.42066	2.39416	0	0	0	0	0	0	0	0
8104	59	64.6586	68.7216	2.61576	2.60425	0	0	0	0	0	0	0	0
8104	60	65.5476	69.6375	2.47368	2.45247	0	0	0	0	0	0	0	0
8104	61	72.8048	63.9905	2.71967	2.7249	0	0	0	0	0	0	0	0
8104	62	56.3901	61.2127	2.56927	2.57404	0	0	0	0	0	0	0	0
8104	63	59.3032	68.0628	2.77248	2.75643	0	0	0	0	0	0	0	0
8104	64	89.2578	87.7721	2.30028	2.29701	0	0	0	0	0	0	0	0
8104	65	86.9068	84.2136	2.60732	2.64515	0	0	0	0	0	0	0	0
8104	66	90.2125	93.8302	2.25836	2.21984	0	0	0	0	0	0	0	0
8104	67	85.0786	89.0233	2.29387	2.35736	0	0	0	0	0	0	0	0
8104	68	90.0181	90.6605	2.46351	2.46009	0	0	0	0	0	0	0	0
8104	69	87.3094	88.1273	2.52495	2.56106	0	0	0	0	0	0	0	0
8104	70	80.8971	87.236	2.55948	2.50145	0	0	0	0	0	0	0	0
8104	71	87.8277	97.9351	2.34582	2.38889	0	0	0	0	0	0	0	0
8104	72	79.4991	85.2458	2.40349	2.36363	0	0	0	0	0	0	0	0
8104	73	79.6328	83.72	2.77588	2.77191	0	0	0	0	0	0	0	0
8104	74	85.5216	84.6087	2.43267	2.44625	0	0	0	0	0	0	0	0
8104	75	85.7428	86.2701	2.45503	2.44752	0	0	0	0	0	0	0	0
8104	76	82.5205	83.0203	2.50835	2.52387	0	0	0	0	0	0	0	0
8104	77	90.1592	85.826	2.42154	2.39601	0	0	0	0	0	0	0	0
8104	78	80.4266	86.7351	2.68642	2.65788	0	0	0	0	0	0	0	0
8104	79	83.4738	89.9314	2.44892	2.45938	0	0	0	0	0	0	0	0
8104	80	83.1807	79.9697	3.71623	3.80207	0	0	0	0	0	0	0	0
8104	81	83.7002	78.7825	3.33599	3.42833	0	0	0	0	0	0	0	0
8104	82	78.3289	81.47	3.00826	3.02035	0	0	0	0	0	0	0	0
8104	83	84.5146	81.865	2.83235	2.88376	0	0	0	0	0	0	0	0
8104	84	79.953	87.3404	3.14448	3.0828	0	0	0	0	0	0	0	0
8104	85	77.8163	82.6391	2.65884	2.62448	0	0	0	0	0	0	0	0
8104	86	80.5907	80.584	2.46332	2.48957	0	0	0	0	0	0	0	0
8104	87	88.5441	83.4207	2.56353	2.55272	0	0	0	0	0	0	0	0
8104	88	80.5163	81.1906	2.46008	2.48037	0	0	0	0	0	0	0	0
8104	89	81.5641	83.3692	2.91448	2.89466	0	0	0	0	0	0	0	0
8104	90	78.491	81.5423	2.66945	2.66425	0	0	0	0	0	0	0	0
8104	91	75.7423	79.0302	2.59378	2.60063	0	0	0	0	0	0	0	0
8104	92	83.2632	79.826	2.62392	2.68498	0	0	0	0	0	0	0	0
8104	93	80.9928	72.9309	2.68949	2.69623	0	0	0	0	0	0	0	0
8104	94	89.2024	84.1605	2.63485	2.60978	0	0	0	0	0	0	0	0
8104	95	80.4946	82.6987	3.11723	3.06681	0	0	0	0	0	0	0	0
8104	96	75.8643	71.7055	2.38094	2.39165	0	0	0	0	0	0	0	0
8104	97	81.6599	78.2825	2.3767	2.38111	0	0	0	0	0	0	0	0
8104	98	80.1992	75.7688	2.35396	2.36937	0	0	0	0	0	0	0	0
8104	99	73.9346	75.5214	2.59966	2.57705	0	0	0	0	0	0	0	0
8104	100	72.3924	71.8362	2.43291	2.43726	0	0	0	0	0	0	0	0
8104	101	85.8684	78.0231	2.50281	2.52484	0	0	0	0	0	0	0	0
8104	102	77.1933	82.0279	2.39876	2.39507	0	0	0	0	0	0	0	0
8104	103	76.5638	79.7374	2.38818	2.37178	0	0	0	0	0	0	0	0
8104	104	75.3136	74.7856	2.38915	2.39047	0	0	0	0	0	0	0	0
8104	105	75.8607	72.0449	2.37526	2.39332	0	0	0	0	0	0	0	0
8104	106	78.9056	81.7574	2.3925	2.39082	0	0	0	0	0	0	0	0
8104	107	73.7774	77.0924	2.39961	2.38479	0	0	0	0	0	0	0	0
8104	108	72.1588	73.063	2.66876	2.6727	0	0	0	0	0	0	0	0
8104	109	78.9835	77.2079	2.5767	2.57237	0	0	0	0	0	0	0	0
8104	110	81.9777	78.7782	2.42381	2.43067	0	0	0	0	0	0	0	0
8104	111	75.1844	74.0283	2.55803	2.5609	0	0	0	0	0	0	0	0
8104	112	71.0701	73.8614	2.48044	2.44421	0	0	0	0	0	0	0	0
8104	113	74.6818	69.0579	2.15106	2.14658	0	0	0	0	0	0	0	0
8104	114	71.6874	72.0529	2.26326	2.2495	0	0	0	0	0	0	0	0
8104	115	76.0704	70.5061	2.2065	2.23722	0	0	0	0	0	0	0	0
8104	116	71.0482	78.0064	2.30713	2.2823	0	0	0	0	0	0	0	0
8104	117	62.554	71.5725	2.17021	2.1615	0	0	0	0	0	0	0	0
8104	118	74.6802	75.0954	2.21537	2.19316	0	0	0	0	0	0	0	0
8104	119	68.5345	68.7242	2.30791	2.30063	0	0	0	0	0	0	0	0
8104	120	69.3705	72.0016	2.3283	2.31073	0	0	0	0	0	0	0	0
8104	121	70.8642	71.8792	2.15492	2.13625	0	0	0	0	0	0	0	0
8104	122	72.2818	76.0927	2.31739	2.2851	0	0	0	0	0	0	0	0
8104	123	71.5871	70.4243	2.24179	2.25329	0	0	0	0	0	0	0	0
8104	124	75.8753	74.5199	2.16565	2.1602	0	0	0	0	0	0	0	0
8104	125	73.8685	71.2543	2.28803	2.27987	0	0	0	0	0	0	0	0
8104	126	75.2148	69.9033	2.18369	2.1969	0	0	0	0	0	0	0	0
8104	127	67.1965	65.9264	2.25513	2.27119	0	0	0	0	0	0	0	0
8045	0	82.2056	76.5177	2.58657	2.61297	0	0	0	0	0	0	0	0
8045	1	85.2786	86.7799	2.39665	2.42472	0	0	0	0	0	0	0	0
8045	2	89.7889	79.0979	2.66697	2.65123	0	0	0	0	0	0	0	0
8045	3	83.0506	79.0409	2.63005	2.69269	0	0	0	0	0	0	0	0
8045	4	82.0677	74.6441	2.6287	2.67924	0	0	0	0	0	0	0	0
8045	5	78.7686	74.7255	2.64176	2.65492	0	0	0	0	0	0	0	0
8045	6	82.2169	86.915	2.57876	2.58147	0	0	0	0	0	0	0	0
8045	7	78.1268	81.4876	2.53857	2.48376	0	0	0	0	0	0	0	0
8045	8	78.5967	78.6406	2.59844	2.61424	0	0	0	0	0	0	0	0
8045	9	81.2989	83.7882	2.9666	2.86988	0	0	0	0	0	0	0	0
8045	10	79.3055	78.9304	2.52277	2.52524	0	0	0	0	0	0	0	0
8045	11	86.576	76.4361	2.57341	2.64151	0	0	0	0	0	0	0	0
8045	12	76.2997	75.8597	2.58238	2.58597	0	0	0	0	0	0	0	0
8045	13	75.5631	76.567	2.50468	2.50954	0	0	0	0	0	0	0	0
8045	14	75.8088	78.3539	2.43949	2.43007	0	0	0	0	0	0	0	0
8045	15	80.778	80.161	2.48456	2.49876	0	0	0	0	0	0	0	0
8045	16	62.7276	57.4633	2.87297	2.91558	0	0	0	0	0	0	0	0
8045	17	62.466	58.2859	3.28978	3.33086	0	0	0	0	0	0	0	0
8045	18	62.3589	67.2564	3.04054	3.03289	0	0	0	0	0	0	0	0
8045	19	58.9774	63.7393	3.18064	3.18175	0	0	0	0	0	0	0	0
8045	20	68.5278	59.9127	3.03706	3.06192	0	0	0	0	0	0	0	0
8045	21	68.6617	62.657	3.21183	3.2481	0	0	0	0	0	0	0	0
8045	22	72.0682	67.0014	3.33395	3.27752	0	0	0	0	0	0	0	0
8045	23	61.4881	58.1548	3.01094	3.01185	0	0	0	0	0	0	0	0
8045	24	64.4456	66.6519	3.18131	3.15323	0	0	0	0	0	0	0	0
8045	25	56.8064	59.9715	3.07322	3.05277	0	0	0	0	0	0	0	0
8045	26	60.8411	62.6767	2.95714	2.91998	0	0	0	0	0	0	0	0
8045	27	53.1367	54.5418	3.11569	3.14323	0	0	0	0	0	0	0	0
8045	28	60.6055	62.1126	3.20048	3.18091	0	0	0	0	0	0	0	0
8045	29	59.2375	56.097	3.04476	3.05239	0	0	0	0	0	0	0	0
8045	30	60.6237	59.7874	2.96783	2.96957	0	0	0	0	0	0	0	0
8045	31	65.9018	65.609	3.45772	3.46958	0	0	0	0	0	0	0	0
8045	32	52.738	48.7018	3.36468	3.38613	0	0	0	0	0	0	0	0
8045	33	60.8186	58.2576	3.08585	3.13362	0	0	0	0	0	0	0	0
8045	34	55.4098	57.6801	3.14316	3.12884	0	0	0	0	0	0	0	0
8045	35	60.7538	57.7634	3.04176	3.0979	0	0	0	0	0	0	0	0
8045	36	60.3107	58.0904	3.53863	3.55858	0	0	0	0	0	0	0	0
8045	37	61.1237	59.509	3.06155	3.11432	0	0	0	0	0	0	0	0
8045	38	62.3561	55.9161	2.96116	2.99332	0	0	0	0	0	0	0	0
8045	39	56.3446	57.719	3.24932	3.30162	0	0	0	0	0	0	0	0
8045	40	56.3098	56.6506	2.98911	3.01326	0	0	0	0	0	0	0	0
8045	41	56.3348	56.663	2.88848	2.9155	0	0	0	0	0	0	0	0
8045	42	65.8768	59.3627	3.07853	3.07827	0	0	0	0	0	0	0	0
8045	43	57.4671	65.3095	2.91914	2.92952	0	0	0	0	0	0	0	0
8045	44	56.0258	56.1866	3.21896	3.21986	0	0	0	0	0	0	0	0
8045	45	57.0173	57.2697	2.91268	2.9367	0	0	0	0	0	0	0	0
8045	46	54.0947	53.8308	3.03701	3.06672	0	0	0	0	0	0	0	0
8045	47	55.0221	55.9288	2.97482	2.98645	0	0	0	0	0	0	0	0
8045	48	54.5236	57.1995	3.45155	3.43626	0	0	0	0	0	0	0	0
8045	49	61.1242	60.393	3.2106	3.23858	0	0	0	0	0	0	0	0
8045	50	64.3523	54.6188	3.15135	3.19127	0	0	0	0	0	0	0	0
8045	51	56.0709	62.8027	3.31915	3.24409	0	0	0	0	0	0	0	0
8045	52	52.4125	60.027	3.19213	3.18823	0	0	0	0	0	0	0	0
8045	53	63.1058	57.2895	3.22828	3.23904	0	0	0	0	0	0	0	0
8045	54	57.2346	56.9125	3.09534	3.09994	0	0	0	0	0	0	0	0
8045	55	58.7374	60.5726	3.19746	3.15699	0	0	0	0	0	0	0	0
8045	56	60.7607	55.3835	3.12575	3.13911	0	0	0	0	0	0	0	0
8045	57	59.5202	59.5642	3.37988	3.39512	0	0	0	0	0	0	0	0
8045	58	62.6537	50.1614	3.17002	3.15898	0	0	0	0	0	0	0	0
8045	59	61.9042	59.5903	3.40527	3.37185	0	0	0	0	0	0	0	0
8045	60	57.6047	53.6899	3.23609	3.23373	0	0	0	0	0	0	0	0
8045	61	52.1264	53.3625	3.40057	3.39996	0	0	0	0	0	0	0	0
8045	62	58.1776	61.3906	3.37069	3.31458	0	0	0	0	0	0	0	0
8045	63	59.3237	59.8244	3.60416	3.55267	0	0	0	0	0	0	0	0
8045	64	67.7305	70.4642	2.39754	2.37271	0	0	0	0	0	0	0	0
8045	65	69.7465	69.4978	2.30394	2.28823	0	0	0	0	0	0	0	0
8045	66	71.5104	66.9511	2.44928	2.4693	0	0	0	0	0	0	0	0
8045	67	71.0308	73.7147	2.57657	2.54877	0	0	0	0	0	0	0	0
8045	68	74.2789	76.9842	2.53798	2.52887	0	0	0	0	0	0	0	0
8045	69	72.1669	71.3103	2.31581	2.28646	0	0	0	0	0	0	0	0
8045	70	72.9038	73.5701	2.27024	2.2436	0	0	0	0	0	0	0	0
8045	71	71.7285	68.2217	2.43745	2.41021	0	0	0	0	0	0	0	0
8045	72	67.2687	64.853	2.25932	2.25049	0	0	0	0	0	0	0	0
8045	73	73.5833	68.2578	2.2944	2.30858	0	0	0	0	0	0	0	0
8045	74	73.2256	67.4827	2.37114	2.38467	0	0	0	0	0	0	0	0
8045	75	65.6795	67.3857	2.52175	2.54004	0	0	0	0	0	0	0	0
8045	76	68.9494	69.324	2.52576	2.52447	0	0	0	0	0	0	0	0
8045	77	64.0339	69.5453	2.83451	2.84089	0	0	0	0	0	0	0	0
8045	78	65.8879	66.4833	2.28687	2.25881	0	0	0	0	0	0	0	0
8045	79	70.5072	67.2032	2.39222	2.40115	0	0	0	0	0	0	0	0
8045	80	80.3864	75.2705	3.92534	3.91679	0	0	0	0	0	0	0	0
8045	81	75.0133	75.9044	3.09169	3.11232	0	0	0	0	0	0	0	0
8045	82	76.3055	79.8428	3.16001	3.11044	0	0	0	0	0	0	0	0
8045	83	76.4029	79.5055	2.45035	2.44781	0	0	0	0	0	0	0	0
8045	84	76.4858	80.3199	2.73925	2.69529	0	0	0	0	0	0	0	0
8045	85	78.8818	79.6143	2.24406	2.22936	0	0	0	0	0	0	0	0
8045	86	77.4376	80.82	2.44686	2.43524	0	0	0	0	0	0	0	0
8045	87	76.0553	80.5525	2.37327	2.35969	0	0	0	0	0	0	0	0
8045	88	79.6964	78.5205	2.38543	2.37634	0	0	0	0	0	0	0	0
8045	89	77.3913	71.0758	2.31573	2.36567	0	0	0	0	0	0	0	0
8045	90	77.8363	71.7848	2.39457	2.40327	0	0	0	0	0	0	0	0
8045	91	76.4455	73.343	2.21712	2.22123	0	0	0	0	0	0	0	0
8045	92	78.3277	71.904	2.31752	2.31094	0	0	0	0	0	0	0	0
8045	93	80.0204	79.8052	2.25873	2.28961	0	0	0	0	0	0	0	0
8045	94	76.6241	79.413	2.35682	2.32403	0	0	0	0	0	0	0	0
8045	95	78.4097	76.2418	2.34669	2.36141	0	0	0	0	0	0	0	0
8045	96	74.8629	72.431	2.24499	2.25134	0	0	0	0	0	0	0	0
8045	97	74.9823	79.1336	2.30822	2.26315	0	0	0	0	0	0	0	0
8045	98	82.8566	74.6645	2.20594	2.25292	0	0	0	0	0	0	0	0
8045	99	78.3653	75.3635	2.26973	2.28959	0	0	0	0	0	0	0	0
8045	100	82.9469	80.1184	2.28127	2.29559	0	0	0	0	0	0	0	0
8045	101	79.6403	85.3981	2.27627	2.247	0	0	0	0	0	0	0	0
8045	102	75.6636	74.6733	2.25689	2.27403	0	0	0	0	0	0	0	0
8045	103	80.0391	76.1832	2.22922	2.25348	0	0	0	0	0	0	0	0
8045	104	78.2026	80.5955	2.3008	2.26456	0	0	0	0	0	0	0	0
8045	105	81.2504	81.4407	2.30674	2.26858	0	0	0	0	0	0	0	0
8045	106	73.2216	79.9157	2.2489	2.21777	0	0	0	0	0	0	0	0
8045	107	77.5678	74.7387	2.23877	2.25925	0	0	0	0	0	0	0	0
8045	108	78.9945	76.6701	2.33941	2.34186	0	0	0	0	0	0	0	0
8045	109	80.4031	81.5427	2.25073	2.25727	0	0	0	0	0	0	0	0
8045	110	79.8641	86.4505	2.27759	2.2319	0	0	0	0	0	0	0	0
8045	111	79.6652	71.2996	2.28207	2.29578	0	0	0	0	0	0	0	0
8045	112	79.667	80.9995	2.2629	2.26271	0	0	0	0	0	0	0	0
8045	113	77.6229	77.1207	2.28828	2.29751	0	0	0	0	0	0	0	0
8045	114	77.1241	79.0839	2.27047	2.26883	0	0	0	0	0	0	0	0
8045	115	75.9141	70.6841	2.18954	2.23119	0	0	0	0	0	0	0	0
8045	116	72.633	76.8574	2.22351	2.20845	0	0	0	0	0	0	0	0
8045	117	69.6506	70.9748	2.21004	2.20645	0	0	0	0	0	0	0	0
8045	118	69.6674	75.837	2.34597	2.35126	0	0	0	0	0	0	0	0
8045	119	74.5537	73.6445	2.22244	2.23553	0	0	0	0	0	0	0	0
8045	120	76.9249	81.615	2.2909	2.26894	0	0	0	0	0	0	0	0
8045	121	72.2821	75.731	2.24613	2.25536	0	0	0	0	0	0	0	0
8045	122	71.7446	70.168	2.3565	2.38626	0	0	0	0	0	0	0	0
8045	123	78.0834	75.1898	2.2252	2.22061	0	0	0	0	0	0	0	0
8045	124	78.1079	75.6524	2.15876	2.1712	0	0	0	0	0	0	0	0
8045	125	77.0931	79.8964	2.22159	2.2092	0	0	0	0	0	0	0	0
8045	126	76.8093	69.2497	2.25803	2.29119	0	0	0	0	0	0	0	0
8045	127	69.4687	70.9026	2.33005	2.34006	0	0	0	0	0	0	0	0
8073	0	58.1639	63.1861	2.2316	2.18472	0	0	0	0	0	0	0	0
8073	1	64.5719	59.8225	2.13397	2.1728	0	0	0	0	0	0	0	0
8073	2	57.996	59.1576	2.2234	2.20943	0	0	0	0	0	0	0	0
8073	3	63.6731	67.0587	2.13726	2.11447	0	0	0	0	0	0	0	0
8073	4	68.4898	58.7024	2.21933	2.23634	0	0	0	0	0	0	0	0
8073	5	60.744	65.9683	2.32158	2.25598	0	0	0	0	0	0	0	0
8073	6	63.7764	59.0486	2.18771	2.22949	0	0	0	0	0	0	0	0
8073	7	61.2454	60.3484	2.10722	2.13144	0	0	0	0	0	0	0	0
8073	8	64.4679	59.4017	2.34952	2.39202	0	0	0	0	0	0	0	0
8073	9	55.0503	65.9101	2.33305	2.27289	0	0	0	0	0	0	0	0
8073	10	57.9737	56.9349	2.35182	2.34241	0	0	0	0	0	0	0	0
8073	11	59.1548	56.3648	2.14187	2.14018	0	0	0	0	0	0	0	0
8073	12	56.4886	59.5992	2.33077	2.33418	0	0	0	0	0	0	0	0
8073	13	56.7927	59.2587	2.19193	2.19538	0	0	0	0	0	0	0	0
8073	14	58.3691	61.1987	2.19633	2.15993	0	0	0	0	0	0	0	0
8073	15	63.2412	60.7271	2.19039	2.20277	0	0	0	0	0	0	0	0
8073	16	74.6217	67.1795	2.55127	2.56434	0	0	0	0	0	0	0	0
8073	17	63.8589	61.7876	2.92184	2.91795	0	0	0	0	0	0	0	0
8073	18	73.8945	68.3973	2.34682	2.37303	0	0	0	0	0	0	0	0
8073	19	62.8585	63.8396	2.50512	2.49054	0	0	0	0	0	0	0	0
8073	20	65.473	72.2531	2.36738	2.32622	0	0	0	0	0	0	0	0
8073	21	65.9351	67.6551	2.37988	2.32486	0	0	0	0	0	0	0	0
8073	22	66.4932	62.561	2.3875	2.39901	0	0	0	0	0	0	0	0
8073	23	71.4964	64.4308	2.34922	2.38175	0	0	0	0	0	0	0	0
8073	24	67.3107	67.3108	2.37273	2.3766	0	0	0	0	0	0	0	0
8073	25	58.2501	59.3913	4.41649	4.37948	0	0	0	0	0	0	0	0
8073	26	65.4797	67.0038	2.37735	2.34873	0	0	0	0	0	0	0	0
8073	27	64.5801	67.6302	2.43074	2.39262	0	0	0	0	0	0	0	0
8073	28	66.6914	67.417	2.31667	2.29745	0	0	0	0	0	0	0	0
8073	29	55.8873	62.5185	2.34519	2.36767	0	0	0	0	0	0	0	0
8073	30	68.8365	66.3333	2.25245	2.26131	0	0	0	0	0	0	0	0
8073	31	64.5894	62.0383	2.41961	2.40165	0	0	0	0	0	0	0	0
8073	32	56.4742	64.3823	5.00194	4.92866	0	0	0	0	0	0	0	0
8073	33	66.6037	67.4428	2.48963	2.48478	0	0	0	0	0	0	0	0
8073	34	67.4173	71.8523	2.75288	2.73404	0	0	0	0	0	0	0	0
8073	35	71.7372	73.6341	2.46789	2.46881	0	0	0	0	0	0	0	0
8073	36	66.3059	71.3212	2.70865	2.70656	0	0	0	0	0	0	0	0
8073	37	63.745	64.6099	2.41998	2.4381	0	0	0	0	0	0	0	0
8073	38	61.1004	66.3748	2.494	2.45683	0	0	0	0	0	0	0	0
8073	39	64.8043	64.8468	2.38671	2.34516	0	0	0	0	0	0	0	0
8073	40	68.3384	69.1904	2.51731	2.52176	0	0	0	0	0	0	0	0
8073	41	61.2906	60.8029	2.48754	2.48752	0	0	0	0	0	0	0	0
8073	42	64.0195	63.752	2.68734	2.70167	0	0	0	0	0	0	0	0
8073	43	59.2363	60.8836	2.45368	2.44638	0	0	0	0	0	0	0	0
8073	44	68.9765	66.4233	2.89371	2.8931	0	0	0	0	0	0	0	0
8073	45	65.8833	62.656	2.44065	2.45073	0	0	0	0	0	0	0	0
8073	46	58.8156	60.0936	2.56508	2.57049	0	0	0	0	0	0	0	0
8073	47	63.2246	66.8112	2.46659	2.44548	0	0	0	0	0	0	0	0
8073	48	72.2798	72.8379	2.76957	2.76124	0	0	0	0	0	0	0	0
8073	49	81.0915	79.2311	2.65489	2.63122	0	0	0	0	0	0	0	0
8073	50	73.5652	82.5154	2.74308	2.73058	0	0	0	0	0	0	0	0
8073	51	81.6056	73.6009	2.72709	2.69825	0	0	0	0	0	0	0	0
8073	52	82.6528	79.19	2.64075	2.63438	0	0	0	0	0	0	0	0
8073	53	78.7028	77.0892	2.7702	2.7688	0	0	0	0	0	0	0	0
8073	54	84.1775	80.1345	2.56709	2.55698	0	0	0	0	0	0	0	0
8073	55	68.3603	73.4703	2.65668	2.64921	0	0	0	0	0	0	0	0
8073	56	74.0434	70.1168	2.61397	2.6013	0	0	0	0	0	0	0	0
8073	57	71.7464	70.2431	2.62911	2.60406	0	0	0	0	0	0	0	0
8073	58	78.6806	82.8952	2.74495	2.71049	0	0	0	0	0	0	0	0
8073	59	79.4161	74.8152	2.78965	2.76809	0	0	0	0	0	0	0	0
8073	60	74.6184	77.5187	21.6154	21.6143	0	0	0	0	0	0	0	0
8073	61	71.3147	74.6128	2.86007	2.85958	0	0	0	0	0	0	0	0
8073	62	70.6999	71.9481	2.96042	2.96454	0	0	0	0	0	0	0	0
8073	63	76.3707	76.8127	2.97676	2.95934	0	0	0	0	0	0	0	0
8073	64	92.2216	92.3902	2.19578	2.22378	0	0	0	0	0	0	0	0
8073	65	84.6075	82.7475	2.19637	2.22026	0	0	0	0	0	0	0	0
8073	66	96.947	90.8637	2.36294	2.42117	0	0	0	0	0	0	0	0
8073	67	88.2444	94.0118	2.22203	2.2119	0	0	0	0	0	0	0	0
8073	68	89.6823	92.7578	2.17176	2.15435	0	0	0	0	0	0	0	0
8073	69	98.9851	95.8551	2.17933	2.15236	0	0	0	0	0	0	0	0
8073	70	87.311	86.2497	2.2526	2.2528	0	0	0	0	0	0	0	0
8073	71	93.6622	93.007	2.25815	2.29883	0	0	0	0	0	0	0	0
8073	72	89.6714	89.8042	2.28372	2.28957	0	0	0	0	0	0	0	0
8073	73	93.8929	93.5256	2.18099	2.21344	0	0	0	0	0	0	0	0
8073	74	89.1093	87.6407	2.35096	2.31102	0	0	0	0	0	0	0	0
8073	75	88.4384	91.7142	2.34653	2.37846	0	0	0	0	0	0	0	0
8073	76	97.5464	94.3558	2.25657	2.26945	0	0	0	0	0	0	0	0
8073	77	88.3373	91.2669	2.66283	2.67359	0	0	0	0	0	0	0	0
8073	78	92.1319	89.6044	2.55245	2.61163	0	0	0	0	0	0	0	0
8073	79	89.5737	93.2082	2.5268	2.53183	0	0	0	0	0	0	0	0
8073	80	70.4939	69.1944	3.91971	4.02671	0	0	0	0	0	0	0	0
8073	81	71.31	75.9485	3.49063	3.44889	0	0	0	0	0	0	0	0
8073	82	76.45	77.869	3.50584	3.57021	0	0	0	0	0	0	0	0
8073	83	71.7204	69.2701	3.13292	3.1472	0	0	0	0	0	0	0	0
8073	84	72.1706	74.6231	2.94912	3.01877	0	0	0	0	0	0	0	0
8073	85	76.025	78.7694	2.57611	2.57895	0	0	0	0	0	0	0	0
8073	86	70.8841	74.0144	2.57411	2.5772	0	0	0	0	0	0	0	0
8073	87	77.5642	76.5151	3.68573	3.70681	0	0	0	0	0	0	0	0
8073	88	76.5667	71.4393	2.75661	2.81337	0	0	0	0	0	0	0	0
8073	89	74.6484	76.1729	2.69598	2.6789	0	0	0	0	0	0	0	0
8073	90	69.4976	69.929	2.45418	2.45558	0	0	0	0	0	0	0	0
8073	91	74.2105	74.0688	4.66186	4.664	0	0	0	0	0	0	0	0
8073	92	71.8708	75.6417	2.64003	2.6385	0	0	0	0	0	0	0	0
8073	93	75.1638	70.5011	2.6416	2.71617	0	0	0	0	0	0	0	0
8073	94	71.0086	73.7009	2.81908	2.79203	0	0	0	0	0	0	0	0
8073	95	75.9015	66.7767	2.9258	2.99886	0	0	0	0	0	0	0	0
8073	96	67.8586	71.7655	2.03754	2.04526	0	0	0	0	0	0	0	0
8073	97	77.0632	76.2797	1.99713	1.99208	0	0	0	0	0	0	0	0
8073	98	73.6127	69.0796	2.06678	2.09232	0	0	0	0	0	0	0	0
8073	99	70.6783	72.5463	2.0846	2.11151	0	0	0	0	0	0	0	0
8073	100	73.3207	75.2048	2.04764	2.02297	0	0	0	0	0	0	0	0
8073	101	69.3649	75.0162	2.07217	2.04533	0	0	0	0	0	0	0	0
8073	102	75.3997	76.7735	2.03184	2.05195	0	0	0	0	0	0	0	0
8073	103	73.3335	75.8498	2.06211	2.03726	0	0	0	0	0	0	0	0
8073	104	68.5439	69.7849	2.08395	2.08783	0	0	0	0	0	0	0	0
8073	105	67.8626	71.4001	2.06489	2.06266	0	0	0	0	0	0	0	0
8073	106	68.3342	71.0744	2.07208	2.07788	0	0	0	0	0	0	0	0
8073	107	69.9404	68.8515	2.10425	2.09471	0	0	0	0	0	0	0	0
8073	108	76.1577	71.0326	2.08142	2.1307	0	0	0	0	0	0	0	0
8073	109	73.9987	73.9755	2.05399	2.06596	0	0	0	0	0	0	0	0
8073	110	67.8604	73.629	2.09349	2.08557	0	0	0	0	0	0	0	0
8073	111	72.3351	70.24	2.23855	2.27308	0	0	0	0	0	0	0	0
8073	112	69.6752	71.0362	2.60211	2.59328	0	0	0	0	0	0	0	0
8073	113	81.2571	76.7346	2.38275	2.36856	0	0	0	0	0	0	0	0
8073	114	77.949	70.3654	2.39197	2.4195	0	0	0	0	0	0	0	0
8073	115	73.7129	75.0357	2.47202	2.4582	0	0	0	0	0	0	0	0
8073	116	73.9858	74.9205	2.77243	2.76277	0	0	0	0	0	0	0	0
8073	117	73.1987	71.7108	2.3184	2.33795	0	0	0	0	0	0	0	0
8073	118	75.4284	75.2919	2.38131	2.37579	0	0	0	0	0	0	0	0
8073	119	74.9833	72.8151	2.4291	2.44121	0	0	0	0	0	0	0	0
8073	120	75.3835	70.9514	2.39789	2.40263	0	0	0	0	0	0	0	0
8073	121	72.7418	79.3469	2.39138	2.34106	0	0	0	0	0	0	0	0
8073	122	70.0328	71.1699	2.52021	2.51601	0	0	0	0	0	0	0	0
8073	123	69.8645	70.377	2.47914	2.49599	0	0	0	0	0	0	0	0
8073	124	69.3626	71.9873	2.45265	2.41639	0	0	0	0	0	0	0	0
8073	125	70.7514	70.4865	3.02154	3.05039	0	0	0	0	0	0	0	0
8073	126	68.3289	72.2311	2.50388	2.47586	0	0	0	0	0	0	0	0
8073	127	77.3969	77.6015	2.433	2.39919	0	0	0	0	0	0	0	0
8108	0	62.3072	62.5779	2.8042	2.79019	0	0	0	0	0	0	0	0
8108	1	49.7368	55.6534	2.63775	2.61642	0	0	0	0	0	0	0	0
8108	2	58.6884	50.8006	2.40797	2.44839	0	0	0	0	0	0	0	0
8108	3	53.3713	62.1637	3.0079	2.96267	0	0	0	0	0	0	0	0
8108	4	56.5278	58.1971	3.02957	3.04201	0	0	0	0	0	0	0	0
8108	5	63.0551	58.9854	2.79257	2.82946	0	0	0	0	0	0	0	0
8108	6	57.9058	59.0054	2.52852	2.51352	0	0	0	0	0	0	0	0
8108	7	61.3232	64.5356	2.20998	2.19535	0	0	0	0	0	0	0	0
8108	8	56.8837	57.3879	2.41306	2.41952	0	0	0	0	0	0	0	0
8108	9	51.4212	58.52	2.34543	2.35797	0	0	0	0	0	0	0	0
8108	10	64.5815	60.1669	2.577	2.58133	0	0	0	0	0	0	0	0
8108	11	56.7129	55.7547	2.29968	2.31664	0	0	0	0	0	0	0	0
8108	12	58.1367	53.6984	3.91348	3.97163	0	0	0	0	0	0	0	0
8108	13	52.5831	54.388	2.51325	2.51998	0	0	0	0	0	0	0	0
8108	14	55.4188	57.9117	2.40065	2.41337	0	0	0	0	0	0	0	0
8108	15	56.4314	59.2785	2.86098	2.86686	0	0	0	0	0	0	0	0
8108	16	62.0067	58.6586	2.76143	2.75479	0	0	0	0	0	0	0	0
8108	17	60.0794	61.0165	2.92794	2.92095	0	0	0	0	0	0	0	0
8108	18	63.7383	66.2035	3.35108	3.36522	0	0	0	0	0	0	0	0
8108	19	63.149	65.3703	3.04051	3.02808	0	0	0	0	0	0	0	0
8108	20	64.0768	61.8302	2.85973	2.88019	0	0	0	0	0	0	0	0
8108	21	63.1491	63.5855	3.29797	3.28929	0	0	0	0	0	0	0	0
8108	22	63.7176	64.4473	3.27692	3.29806	0	0	0	0	0	0	0	0
8108	23	63.109	58.2067	2.92252	2.95454	0	0	0	0	0	0	0	0
8108	24	64.5796	61.4431	2.95771	2.99419	0	0	0	0	0	0	0	0
8108	25	58.8009	51.9244	2.94798	2.99758	0	0	0	0	0	0	0	0
8108	26	61.0063	65.0998	3.43583	3.39732	0	0	0	0	0	0	0	0
8108	27	58.7007	57.6326	3.08129	3.07396	0	0	0	0	0	0	0	0
8108	28	62.7932	68.7509	2.84183	2.81468	0	0	0	0	0	0	0	0
8108	29	60.9997	58.4106	3.40548	3.45919	0	0	0	0	0	0	0	0
8108	30	60.7553	62.4052	2.88311	2.8645	0	0	0	0	0	0	0	0
8108	31	54.056	55.5582	3.00648	3.00359	0	0	0	0	0	0	0	0
8108	32	71.9963	73.2263	2.95247	2.93981	0	0	0	0	0	0	0	0
8108	33	70.0343	69.8574	2.61811	2.6491	0	0	0	0	0	0	0	0
8108	34	69.3902	74.8775	2.86965	2.8947	0	0	0	0	0	0	0	0
8108	35	75.5255	77.6176	2.55363	2.55798	0	0	0	0	0	0	0	0
8108	36	80.8624	81.1095	2.73766	2.76597	0	0	0	0	0	0	0	0
8108	37	75.2265	72.5295	2.65038	2.67377	0	0	0	0	0	0	0	0
8108	38	84.4762	85.8529	2.57849	2.60125	0	0	0	0	0	0	0	0
8108	39	73.3002	71.0842	2.51574	2.49973	0	0	0	0	0	0	0	0
8108	40	81.0693	82.0648	2.60577	2.64612	0	0	0	0	0	0	0	0
8108	41	79.8981	73.8285	2.49061	2.48142	0	0	0	0	0	0	0	0
8108	42	74.4623	76.3707	2.50578	2.48506	0	0	0	0	0	0	0	0
8108	43	76.1787	72.3803	2.56587	2.57744	0	0	0	0	0	0	0	0
8108	44	76.4017	73.7258	2.8261	2.83558	0	0	0	0	0	0	0	0
8108	45	76.3304	81.7019	2.78208	2.77427	0	0	0	0	0	0	0	0
8108	46	73.4478	75.1528	2.71139	2.70972	0	0	0	0	0	0	0	0
8108	47	73.7047	75.2951	2.49398	2.51794	0	0	0	0	0	0	0	0
8108	48	89.5527	82.1341	2.6891	2.66815	0	0	0	0	0	0	0	0
8108	49	88.3825	86.5395	2.71509	2.6913	0	0	0	0	0	0	0	0
8108	50	87.6939	91.4146	2.65702	2.66528	0	0	0	0	0	0	0	0
8108	51	80.036	81.5556	3.19106	3.18892	0	0	0	0	0	0	0	0
8108	52	81.079	88.9888	2.75634	2.7304	0	0	0	0	0	0	0	0
8108	53	88.3768	95.8384	2.61112	2.61994	0	0	0	0	0	0	0	0
8108	54	87.8814	90.8747	2.59191	2.60514	0	0	0	0	0	0	0	0
8108	55	85.5186	79.6632	2.73382	2.79164	0	0	0	0	0	0	0	0
8108	56	90.0794	93.5531	2.59617	2.61483	0	0	0	0	0	0	0	0
8108	57	88.8737	86.2348	2.64763	2.60285	0	0	0	0	0	0	0	0
8108	58	86.7499	84.5151	2.54173	2.53029	0	0	0	0	0	0	0	0
8108	59	87.646	82.0523	2.80701	2.81776	0	0	0	0	0	0	0	0
8108	60	88.8729	83.1948	2.74215	2.72193	0	0	0	0	0	0	0	0
8108	61	90.6637	81.1388	2.8688	2.88936	0	0	0	0	0	0	0	0
8108	62	79.4277	78.3939	2.89625	2.9149	0	0	0	0	0	0	0	0
8108	63	89.6516	82.0825	2.91872	2.93223	0	0	0	0	0	0	0	0
8108	64	82.1817	80.157	2.67828	2.69174	0	0	0	0	0	0	0	0
8108	65	78.8637	87.8461	2.39225	2.403	0	0	0	0	0	0	0	0
8108	66	77.8752	78.8489	2.72986	2.69577	0	0	0	0	0	0	0	0
8108	67	79.02	81.8291	2.84113	2.83756	0	0	0	0	0	0	0	0
8108	68	79.6169	78.2441	3.75472	3.77285	0	0	0	0	0	0	0	0
8108	69	80.2562	80.2195	2.90057	2.88407	0	0	0	0	0	0	0	0
8108	70	81.6109	78.5829	3.17293	3.25079	0	0	0	0	0	0	0	0
8108	71	76.6106	77.3252	3.72465	3.75065	0	0	0	0	0	0	0	0
8108	72	82.5702	83.5035	2.68374	2.70246	0	0	0	0	0	0	0	0
8108	73	77.6121	73.8344	2.85977	2.83672	0	0	0	0	0	0	0	0
8108	74	76.109	75.948	3.23242	3.22241	0	0	0	0	0	0	0	0
8108	75	75.6041	71.7069	2.60674	2.60115	0	0	0	0	0	0	0	0
8108	76	79.2103	83.8716	2.67099	2.64129	0	0	0	0	0	0	0	0
8108	77	79.3669	80.796	2.99808	2.96452	0	0	0	0	0	0	0	0
8108	78	77.0661	75.8541	2.71821	2.6962	0	0	0	0	0	0	0	0
8108	79	80.5492	75.7841	3.03256	3.09314	0	0	0	0	0	0	0	0
8108	80	80.3879	86.2266	4.27196	4.1826	0	0	0	0	0	0	0	0
8108	81	81.6835	81.1603	4.23626	4.22255	0	0	0	0	0	0	0	0
8108	82	83.0371	80.1122	4.50136	4.48138	0	0	0	0	0	0	0	0
8108	83	85.3754	81.1817	3.49198	3.54568	0	0	0	0	0	0	0	0
8108	84	85.0196	87.3343	3.45901	3.43921	0	0	0	0	0	0	0	0
8108	85	84.5175	83.0664	3.00137	2.98941	0	0	0	0	0	0	0	0
8108	86	82.9106	80.6856	2.87157	2.86472	0	0	0	0	0	0	0	0
8108	87	87.937	89.6549	2.9981	3.01396	0	0	0	0	0	0	0	0
8108	88	83.265	83.0621	3.19299	3.22343	0	0	0	0	0	0	0	0
8108	89	83.1013	79.5552	3.29876	3.26953	0	0	0	0	0	0	0	0
8108	90	79.76	84.8745	3.2453	3.15285	0	0	0	0	0	0	0	0
8108	91	81.2621	81.0278	3.4662	3.42264	0	0	0	0	0	0	0	0
8108	92	84.5839	90.5929	3.18603	3.19398	0	0	0	0	0	0	0	0
8108	93	80.9939	82.3838	3.79853	3.76747	0	0	0	0	0	0	0	0
8108	94	83.2434	84.4611	3.44063	3.42154	0	0	0	0	0	0	0	0
8108	95	81.191	86.482	4.13188	4.05292	0	0	0	0	0	0	0	0
8108	96	70.461	69.7477	2.28741	2.28322	0	0	0	0	0	0	0	0
8108	97	73.0657	75.2021	2.34657	2.31898	0	0	0	0	0	0	0	0
8108	98	75.1062	69.1879	2.31293	2.35296	0	0	0	0	0	0	0	0
8108	99	71.582	77.4885	2.29192	2.2601	0	0	0	0	0	0	0	0
8108	100	64.6321	71.0004	2.61055	2.58436	0	0	0	0	0	0	0	0
8108	101	73.7278	73.101	2.47186	2.49245	0	0	0	0	0	0	0	0
8108	102	70.5756	68.1879	2.37872	2.41892	0	0	0	0	0	0	0	0
8108	103	68.4616	66.974	2.274	2.26776	0	0	0	0	0	0	0	0
8108	104	67.1048	71.9316	2.42299	2.3765	0	0	0	0	0	0	0	0
8108	105	74.8467	68.0036	2.43713	2.45151	0	0	0	0	0	0	0	0
8108	106	71.9305	68.1856	2.26901	2.28925	0	0	0	0	0	0	0	0
8108	107	69.6098	68.0408	2.32641	2.3295	0	0	0	0	0	0	0	0
8108	108	72.6198	70.7765	2.42942	2.45103	0	0	0	0	0	0	0	0
8108	109	69.4505	76.1555	2.36665	2.35889	0	0	0	0	0	0	0	0
8108	110	71.9157	71.9637	2.35385	2.3399	0	0	0	0	0	0	0	0
8108	111	70.9569	71.2795	2.40158	2.39926	0	0	0	0	0	0	0	0
8108	112	81.448	84.1689	2.64399	2.58486	0	0	0	0	0	0	0	0
8108	113	83.1754	82.5979	2.73769	2.71059	0	0	0	0	0	0	0	0
8108	114	83.4378	88.7013	2.53066	2.53019	0	0	0	0	0	0	0	0
8108	115	86.1208	80.8374	2.53675	2.58707	0	0	0	0	0	0	0	0
8108	116	92.5289	89.4573	2.57084	2.53608	0	0	0	0	0	0	0	0
8108	117	86.4167	82.9497	2.53248	2.55307	0	0	0	0	0	0	0	0
8108	118	84.3958	83.5896	2.50052	2.48794	0	0	0	0	0	0	0	0
8108	119	81.0124	82.7972	2.58242	2.53838	0	0	0	0	0	0	0	0
8108	120	87.4927	88.8032	2.56244	2.55709	0	0	0	0	0	0	0	0
8108	121	87.3733	85.6523	2.62556	2.57892	0	0	0	0	0	0	0	0
8108	122	81.9274	82.6333	2.58041	2.5685	0	0	0	0	0	0	0	0
8108	123	85.989	87.3409	2.59242	2.5975	0	0	0	0	0	0	0	0
8108	124	85.9009	81.9438	2.58048	2.60261	0	0	0	0	0	0	0	0
8108	125	79.7569	85.9974	2.65035	2.58971	0	0	0	0	0	0	0	0
8108	126	79.403	82.9554	2.57913	2.53319	0	0	0	0	0	0	0	0
8108	127	83.9946	84.6343	2.69476	2.66414	0	0	0	0	0	0	0	0
8092	0	71.9115	71.1761	2.12531	2.14866	0	0	0	0	0	0	0	0
8092	1	71.6561	70.0465	2.18122	2.21283	0	0	0	0	0	0	0	0
8092	2	80.1133	77.3837	2.27496	2.22414	0	0	0	0	0	0	0	0
8092	3	76.4098	72.3756	2.4018	2.41385	0	0	0	0	0	0	0	0
8092	4	67.987	67.1766	2.16632	2.18418	0	0	0	0	0	0	0	0
8092	5	68.432	71.8384	2.13602	2.14967	0	0	0	0	0	0	0	0
8092	6	75.3304	75.2071	2.18477	2.19591	0	0	0	0	0	0	0	0
8092	7	66.5439	73.3507	2.16156	2.1649	0	0	0	0	0	0	0	0
8092	8	75.3071	77.3987	2.14792	2.16415	0	0	0	0	0	0	0	0
8092	9	68.2698	71.8279	2.25525	2.25991	0	0	0	0	0	0	0	0
8092	10	66.7209	74.2387	2.19589	2.20347	0	0	0	0	0	0	0	0
8092	11	67.5325	64.2696	2.17165	2.20035	0	0	0	0	0	0	0	0
8092	12	65.656	64.2595	2.19969	2.23193	0	0	0	0	0	0	0	0
8092	13	65.3567	69.7383	2.16166	2.17354	0	0	0	0	0	0	0	0
8092	14	65.8644	64.8667	2.09761	2.0987	0	0	0	0	0	0	0	0
8092	15	75.0816	72.1005	2.30963	2.31285	0	0	0	0	0	0	0	0
8092	16	81.916	80.8494	2.7094	2.75178	0	0	0	0	0	0	0	0
8092	17	74.3205	83.3312	2.84699	2.82724	0	0	0	0	0	0	0	0
8092	18	82.7333	88.0345	2.71518	2.7583	0	0	0	0	0	0	0	0
8092	19	85.7606	80.4166	2.86017	2.87205	0	0	0	0	0	0	0	0
8092	20	84.6565	85.8505	2.78699	2.77787	0	0	0	0	0	0	0	0
8092	21	88.6887	83.8856	2.88917	2.83611	0	0	0	0	0	0	0	0
8092	22	87.1085	89.1254	2.71856	2.7559	0	0	0	0	0	0	0	0
8092	23	79.5665	78.6778	2.82777	2.81727	0	0	0	0	0	0	0	0
8092	24	76.0304	78.7426	2.93989	2.92993	0	0	0	0	0	0	0	0
8092	25	76.9119	69.8316	2.75829	2.7533	0	0	0	0	0	0	0	0
8092	26	85.131	81.5752	2.81833	2.81998	0	0	0	0	0	0	0	0
8092	27	72.8489	76.4297	2.79758	2.77408	0	0	0	0	0	0	0	0
8092	28	76.5628	73.7123	2.72454	2.70573	0	0	0	0	0	0	0	0
8092	29	75.2289	70.8705	3.39133	3.42906	0	0	0	0	0	0	0	0
8092	30	78.3669	74.3628	2.70755	2.68853	0	0	0	0	0	0	0	0
8092	31	77.1039	78.5616	3.05133	3.03632	0	0	0	0	0	0	0	0
8092	32	85.5449	79.1538	2.80233	2.86081	0	0	0	0	0	0	0	0
8092	33	89.3271	93.0243	2.71137	2.75468	0	0	0	0	0	0	0	0
8092	34	88.8546	80.5163	2.84663	2.84274	0	0	0	0	0	0	0	0
8092	35	84.2496	84.1243	2.6021	2.64257	0	0	0	0	0	0	0	0
8092	36	90.6385	82.1793	3.08936	3.08162	0	0	0	0	0	0	0	0
8092	37	88.3267	80.5821	2.77632	2.81764	0	0	0	0	0	0	0	0
8092	38	81.1693	84.0566	2.72571	2.69449	0	0	0	0	0	0	0	0
8092	39	85.7811	86.3799	2.57678	2.57292	0	0	0	0	0	0	0	0
8092	40	85.6466	87.6161	3.10615	3.08082	0	0	0	0	0	0	0	0
8092	41	83.2618	85.0208	2.59481	2.5841	0	0	0	0	0	0	0	0
8092	42	81.1901	85.4916	2.81491	2.76358	0	0	0	0	0	0	0	0
8092	43	84.1097	85.3418	2.51029	2.52209	0	0	0	0	0	0	0	0
8092	44	84.8181	82.975	2.76135	2.781	0	0	0	0	0	0	0	0
8092	45	84.0409	81.7856	2.59457	2.63295	0	0	0	0	0	0	0	0
8092	46	80.3396	79.1408	2.79624	2.77563	0	0	0	0	0	0	0	0
8092	47	76.4744	84.2785	2.59594	2.56079	0	0	0	0	0	0	0	0
8092	48	76.5267	75.4274	2.52156	2.53779	0	0	0	0	0	0	0	0
8092	49	69.3228	72.4267	2.41441	2.40294	0	0	0	0	0	0	0	0
8092	50	71.3503	69.0685	2.28998	2.27719	0	0	0	0	0	0	0	0
8092	51	67.381	69.3175	2.50913	2.56321	0	0	0	0	0	0	0	0
8092	52	74.2696	72.7	2.26422	2.30199	0	0	0	0	0	0	0	0
8092	53	76.4091	73.2925	2.40253	2.40292	0	0	0	0	0	0	0	0
8092	54	71.65	76.1565	2.34101	2.29613	0	0	0	0	0	0	0	0
8092	55	69.9194	65.0024	2.34072	2.34528	0	0	0	0	0	0	0	0
8092	56	65.858	74.6277	2.26442	2.28085	0	0	0	0	0	0	0	0
8092	57	71.8619	69.8702	2.60411	2.6273	0	0	0	0	0	0	0	0
8092	58	69.3685	72.9604	2.41326	2.40251	0	0	0	0	0	0	0	0
8092	59	69.969	68.1311	2.53384	2.5717	0	0	0	0	0	0	0	0
8092	60	76.392	73.3192	2.47321	2.51996	0	0	0	0	0	0	0	0
8092	61	69.0457	70.8659	2.70875	2.7083	0	0	0	0	0	0	0	0
8092	62	74.5622	68.4588	2.77497	2.83447	0	0	0	0	0	0	0	0
8092	63	66.9482	68.4623	2.60087	2.59003	0	0	0	0	0	0	0	0
8092	64	73.1593	71.087	2.5534	2.54364	0	0	0	0	0	0	0	0
8092	65	75.5462	75.9281	3.44859	3.43699	0	0	0	0	0	0	0	0
8092	66	76.4344	73.9654	5.20094	5.22714	0	0	0	0	0	0	0	0
8092	67	75.9853	76.1679	2.46988	2.50397	0	0	0	0	0	0	0	0
8092	68	73.992	79.1284	2.43262	2.41477	0	0	0	0	0	0	0	0
8092	69	80.0993	74.2564	2.64759	2.72841	0	0	0	0	0	0	0	0
8092	70	76.154	74.9052	4.4158	4.42206	0	0	0	0	0	0	0	0
8092	71	74.5828	78.4425	2.48412	2.46521	0	0	0	0	0	0	0	0
8092	72	73.8443	74.2304	2.62726	2.63442	0	0	0	0	0	0	0	0
8092	73	78.8849	75.5787	2.56513	2.59812	0	0	0	0	0	0	0	0
8092	74	77.4314	78.894	2.42636	2.42508	0	0	0	0	0	0	0	0
8092	75	74.5251	73.8808	2.49649	2.50868	0	0	0	0	0	0	0	0
8092	76	74.3658	70.3149	2.49074	2.494	0	0	0	0	0	0	0	0
8092	77	75.566	78.9318	2.48542	2.47118	0	0	0	0	0	0	0	0
8092	78	73.0671	75.3193	3.32814	3.30459	0	0	0	0	0	0	0	0
8092	79	77.894	79.2784	2.70356	2.71886	0	0	0	0	0	0	0	0
8092	80	62.878	66.6192	3.79233	3.81144	0	0	0	0	0	0	0	0
8092	81	59.7991	64.142	3.18357	3.17665	0	0	0	0	0	0	0	0
8092	82	62.0586	62.2145	3.42338	3.40765	0	0	0	0	0	0	0	0
8092	83	61.7639	60.4763	2.6536	2.657	0	0	0	0	0	0	0	0
8092	84	61.7853	62.9981	2.80334	2.80625	0	0	0	0	0	0	0	0
8092	85	64.9222	65.2974	3.02322	2.9808	0	0	0	0	0	0	0	0
8092	86	59.5748	63.5913	2.43274	2.42295	0	0	0	0	0	0	0	0
8092	87	61.462	62.0723	2.45428	2.44119	0	0	0	0	0	0	0	0
8092	88	55.5932	56.69	2.39947	2.40418	0	0	0	0	0	0	0	0
8092	89	66.9505	61.3682	2.51762	2.53189	0	0	0	0	0	0	0	0
8092	90	63.6408	62.2398	2.61436	2.61499	0	0	0	0	0	0	0	0
8092	91	63.6271	60.6671	2.49748	2.51585	0	0	0	0	0	0	0	0
8092	92	67.1608	65.4738	2.47616	2.48636	0	0	0	0	0	0	0	0
8092	93	60.6166	61.8452	2.92114	2.89691	0	0	0	0	0	0	0	0
8092	94	62.9946	65.293	2.9044	2.87716	0	0	0	0	0	0	0	0
8092	95	54.848	54.8011	2.75023	2.7707	0	0	0	0	0	0	0	0
8092	96	81.0825	79.3717	2.63661	2.66305	0	0	0	0	0	0	0	0
8092	97	80.6447	83.7607	2.62519	2.62645	0	0	0	0	0	0	0	0
8092	98	83.4529	84.3276	2.83217	2.83239	0	0	0	0	0	0	0	0
8092	99	84.6071	79.7772	2.60306	2.65468	0	0	0	0	0	0	0	0
8092	100	84.6508	83.4468	2.61699	2.63185	0	0	0	0	0	0	0	0
8092	101	80.1012	80.9951	2.78646	2.78241	0	0	0	0	0	0	0	0
8092	102	78.1146	78.4289	2.70928	2.72826	0	0	0	0	0	0	0	0
8092	103	84.0605	84.4787	2.71008	2.74005	0	0	0	0	0	0	0	0
8092	104	84.9138	81.9199	2.61674	2.67279	0	0	0	0	0	0	0	0
8092	105	86.1039	83.2263	2.61899	2.63769	0	0	0	0	0	0	0	0
8092	106	83.7835	83.239	2.66392	2.68316	0	0	0	0	0	0	0	0
8092	107	79.7352	84.4847	2.83168	2.77319	0	0	0	0	0	0	0	0
8092	108	77.823	81.8382	2.68357	2.67416	0	0	0	0	0	0	0	0
8092	109	78.7721	79.3481	2.7154	2.71404	0	0	0	0	0	0	0	0
8092	110	82.7706	81.7456	2.61808	2.66732	0	0	0	0	0	0	0	0
8092	111	80.2505	81.6046	2.72776	2.72934	0	0	0	0	0	0	0	0
8092	112	77.1589	77.7425	2.85112	2.86704	0	0	0	0	0	0	0	0
8092	113	87.6637	86.4421	2.7601	2.77208	0	0	0	0	0	0	0	0
8092	114	81.2748	87.2836	2.89731	2.89522	0	0	0	0	0	0	0	0
8092	115	90.5478	86.4817	2.76392	2.74217	0	0	0	0	0	0	0	0
8092	116	85.1516	86.8673	2.95475	2.94433	0	0	0	0	0	0	0	0
8092	117	79.9061	84.0331	2.90299	2.87427	0	0	0	0	0	0	0	0
8092	118	81.3929	82.4863	2.83539	2.83679	0	0	0	0	0	0	0	0
8092	119	87.7706	86.5404	2.82379	2.8331	0	0	0	0	0	0	0	0
8092	120	82.5052	78.7509	2.90505	2.92244	0	0	0	0	0	0	0	0
8092	121	86.4827	91.6686	2.85343	2.90279	0	0	0	0	0	0	0	0
8092	122	81.2026	81.7424	2.83041	2.81174	0	0	0	0	0	0	0	0
8092	123	83.9376	84.2786	2.83576	2.83764	0	0	0	0	0	0	0	0
8092	124	82.5036	87.0469	2.89675	2.8933	0	0	0	0	0	0	0	0
8092	125	86.7307	91.3903	2.85256	2.86251	0	0	0	0	0	0	0	0
8092	126	82.6382	84.8682	2.86375	2.83162	0	0	0	0	0	0	0	0
8092	127	85.1864	83.715	2.88855	2.90668	0	0	0	0	0	0	0	0
8012	0	61.8184	58.1015	4.01778	4.0145	0	0	0	0	0	0	0	0
8012	1	53.5063	56.3671	2.239	2.26986	0	0	0	0	0	0	0	0
8012	2	62.8011	62.6959	2.35351	2.33596	0	0	0	0	0	0	0	0
8012	3	62.6412	65.9156	2.30954	2.316	0	0	0	0	0	0	0	0
8012	4	70.5052	67.9426	2.1558	2.19047	0	0	0	0	0	0	0	0
8012	5	61.7681	65.0604	2.27975	2.29084	0	0	0	0	0	0	0	0
8012	6	64.1937	64.5183	2.17397	2.20664	0	0	0	0	0	0	0	0
8012	7	60.7396	60.4555	2.17743	2.1588	0	0	0	0	0	0	0	0
8012	8	60.7904	64.5603	2.35494	2.35899	0	0	0	0	0	0	0	0
8012	9	65.4612	69.8126	2.2222	2.20459	0	0	0	0	0	0	0	0
8012	10	64.1616	67.1542	2.2826	2.28713	0	0	0	0	0	0	0	0
8012	11	59.3482	64.7999	2.15259	2.14646	0	0	0	0	0	0	0	0
8012	12	67.0275	64.6122	2.22355	2.26653	0	0	0	0	0	0	0	0
8012	13	67.1614	68.0802	2.30771	2.32653	0	0	0	0	0	0	0	0
8012	14	62.9598	67.9641	2.15004	2.12847	0	0	0	0	0	0	0	0
8012	15	62.9444	68.5879	2.32053	2.3154	0	0	0	0	0	0	0	0
8012	16	63.26	67.3091	2.57473	2.60194	0	0	0	0	0	0	0	0
8012	17	54.1646	56.2428	2.78306	2.79487	0	0	0	0	0	0	0	0
8012	18	60.4696	57.685	2.46797	2.46805	0	0	0	0	0	0	0	0
8012	19	56.1958	63.0225	2.69772	2.67947	0	0	0	0	0	0	0	0
8012	20	57.5185	65.166	2.52315	2.53801	0	0	0	0	0	0	0	0
8012	21	63.0532	64.8611	2.64005	2.66598	0	0	0	0	0	0	0	0
8012	22	67.5561	52.0765	2.49631	2.48127	0	0	0	0	0	0	0	0
8012	23	53.4477	60.6963	2.61005	2.58214	0	0	0	0	0	0	0	0
8012	24	63.2558	58.5434	2.59705	2.59395	0	0	0	0	0	0	0	0
8012	25	58.5335	57.4221	2.44324	2.44217	0	0	0	0	0	0	0	0
8012	26	53.5753	53.7406	2.39709	2.41729	0	0	0	0	0	0	0	0
8012	27	53.8202	52.1446	2.48488	2.50537	0	0	0	0	0	0	0	0
8012	28	54.8169	58.3373	2.54121	2.52039	0	0	0	0	0	0	0	0
8012	29	53.1359	56.6641	2.62089	2.61864	0	0	0	0	0	0	0	0
8012	30	58.1629	55.6471	2.37635	2.40288	0	0	0	0	0	0	0	0
8012	31	56.0459	57.4831	2.51635	2.5009	0	0	0	0	0	0	0	0
8012	32	68.0163	69.6814	2.93615	2.94589	0	0	0	0	0	0	0	0
8012	33	69.8184	73.9004	2.66579	2.66301	0	0	0	0	0	0	0	0
8012	34	71.4261	70.0767	2.73281	2.759	0	0	0	0	0	0	0	0
8012	35	69.9182	71.7992	2.57573	2.57055	0	0	0	0	0	0	0	0
8012	36	69.3513	70.5823	2.85921	2.87932	0	0	0	0	0	0	0	0
8012	37	70.7758	69.7768	2.55694	2.61868	0	0	0	0	0	0	0	0
8012	38	71.3177	72.7509	2.56129	2.5801	0	0	0	0	0	0	0	0
8012	39	69.5561	72.0189	2.58883	2.57019	0	0	0	0	0	0	0	0
8012	40	69.6964	67.8233	2.58549	2.60934	0	0	0	0	0	0	0	0
8012	41	70.831	69.6625	2.35761	2.40603	0	0	0	0	0	0	0	0
8012	42	70.6953	73.9644	2.6793	2.71289	0	0	0	0	0	0	0	0
8012	43	68.6511	70.1332	2.50897	2.49013	0	0	0	0	0	0	0	0
8012	44	70.3003	68.0898	2.82825	2.87964	0	0	0	0	0	0	0	0
8012	45	70.158	71.6942	3.58323	3.56068	0	0	0	0	0	0	0	0
8012	46	70.3245	70.0279	8.12146	8.17237	0	0	0	0	0	0	0	0
8012	47	68.0085	72.623	2.59044	2.53953	0	0	0	0	0	0	0	0
8012	48	72.851	73.5902	2.83812	2.85653	0	0	0	0	0	0	0	0
8012	49	68.6468	74.2188	2.84982	2.84066	0	0	0	0	0	0	0	0
8012	50	67.0195	76.9881	2.83415	2.82271	0	0	0	0	0	0	0	0
8012	51	70.6609	68.9231	2.8161	2.83086	0	0	0	0	0	0	0	0
8012	52	75.4091	75.9501	2.77597	2.79866	0	0	0	0	0	0	0	0
8012	53	69.8779	74.7968	2.81067	2.83285	0	0	0	0	0	0	0	0
8012	54	75.7452	76.3789	2.70724	2.72676	0	0	0	0	0	0	0	0
8012	55	73.9417	73.9893	2.84542	2.85593	0	0	0	0	0	0	0	0
8012	56	67.3243	73.812	2.98056	2.97698	0	0	0	0	0	0	0	0
8012	57	73.372	76.4208	2.77795	2.79978	0	0	0	0	0	0	0	0
8012	58	80.1201	70.212	2.75416	2.75138	0	0	0	0	0	0	0	0
8012	59	69.0284	69.2558	3.02712	3.03344	0	0	0	0	0	0	0	0
8012	60	79.682	74.644	2.88106	2.9144	0	0	0	0	0	0	0	0
8012	61	69.2437	72.4176	3.21682	3.20203	0	0	0	0	0	0	0	0
8012	62	71.6643	69.3159	3.12323	3.13654	0	0	0	0	0	0	0	0
8012	63	73.4675	71.9787	3.21808	3.2297	0	0	0	0	0	0	0	0
8012	64	66.3431	70.8147	2.3811	2.36771	0	0	0	0	0	0	0	0
8012	65	63.9732	69.4087	2.40311	2.38503	0	0	0	0	0	0	0	0
8012	66	70.6503	74.5825	2.66121	2.61483	0	0	0	0	0	0	0	0
8012	67	66.9604	71.5491	3.07149	3.08315	0	0	0	0	0	0	0	0
8012	68	69.6501	72.6692	2.5192	2.51392	0	0	0	0	0	0	0	0
8012	69	71.8716	72.4934	2.6143	2.6131	0	0	0	0	0	0	0	0
8012	70	68.6673	67.2867	2.6631	2.66893	0	0	0	0	0	0	0	0
8012	71	73.0911	72.3471	2.42249	2.42845	0	0	0	0	0	0	0	0
8012	72	69.053	66.1266	2.63448	2.62553	0	0	0	0	0	0	0	0
8012	73	68.1691	74.9839	2.41806	2.35896	0	0	0	0	0	0	0	0
8012	74	68.2418	68.8487	2.37612	2.3856	0	0	0	0	0	0	0	0
8012	75	68.3827	68.4495	2.56876	2.584	0	0	0	0	0	0	0	0
8012	76	68.6981	68.1202	2.58263	2.59813	0	0	0	0	0	0	0	0
8012	77	68.8488	70.5913	2.65741	2.6413	0	0	0	0	0	0	0	0
8012	78	66.5558	68.9145	2.64453	2.62255	0	0	0	0	0	0	0	0
8012	79	65.2164	65.7064	3.00035	2.99986	0	0	0	0	0	0	0	0
8012	80	74.3513	74.5783	4.00017	3.98929	0	0	0	0	0	0	0	0
8012	81	76.0879	73.3542	3.27662	3.30871	0	0	0	0	0	0	0	0
8012	82	79.2115	75.8154	3.241	3.27418	0	0	0	0	0	0	0	0
8012	83	73.645	74.359	2.8635	2.85502	0	0	0	0	0	0	0	0
8012	84	78.8078	79.074	2.94055	2.95195	0	0	0	0	0	0	0	0
8012	85	75.6315	73.457	3.51243	3.55961	0	0	0	0	0	0	0	0
8012	86	77.5653	76.1124	2.67518	2.72442	0	0	0	0	0	0	0	0
8012	87	73.8237	73.2287	2.44728	2.45757	0	0	0	0	0	0	0	0
8012	88	75.7066	78.5195	2.3636	2.39039	0	0	0	0	0	0	0	0
8012	89	71.5791	70.9856	2.58858	2.58284	0	0	0	0	0	0	0	0
8012	90	71.9854	76.3352	2.46742	2.45927	0	0	0	0	0	0	0	0
8012	91	82.768	80.8328	2.50651	2.53486	0	0	0	0	0	0	0	0
8012	92	74.3246	72.3176	2.46859	2.50579	0	0	0	0	0	0	0	0
8012	93	73.441	72.0926	2.6272	2.65704	0	0	0	0	0	0	0	0
8012	94	71.0387	77.6042	4.82405	4.76569	0	0	0	0	0	0	0	0
8012	95	78.8725	80.4549	2.70873	2.72945	0	0	0	0	0	0	0	0
8012	96	62.581	63.8184	2.29508	2.29234	0	0	0	0	0	0	0	0
8012	97	59.5374	62.2225	2.28256	2.27451	0	0	0	0	0	0	0	0
8012	98	59.7239	62.3674	2.36982	2.34964	0	0	0	0	0	0	0	0
8012	99	58.6546	60.0253	2.28332	2.31097	0	0	0	0	0	0	0	0
8012	100	61.7729	66.7286	2.7867	2.75933	0	0	0	0	0	0	0	0
8012	101	64.7774	64.6305	2.26999	2.27981	0	0	0	0	0	0	0	0
8012	102	57.2478	56.3984	2.39357	2.39449	0	0	0	0	0	0	0	0
8012	103	65.662	61.7591	2.31353	2.3552	0	0	0	0	0	0	0	0
8012	104	63.9033	61.2701	2.25596	2.2894	0	0	0	0	0	0	0	0
8012	105	54.7041	59.1978	2.3256	2.3284	0	0	0	0	0	0	0	0
8012	106	59.3873	62.9059	2.27302	2.26247	0	0	0	0	0	0	0	0
8012	107	61.2577	58.9388	2.33493	2.33554	0	0	0	0	0	0	0	0
8012	108	59.255	57.578	2.27272	2.26313	0	0	0	0	0	0	0	0
8012	109	57.9894	58.2705	2.38958	2.40858	0	0	0	0	0	0	0	0
8012	110	61.7064	66.895	2.35435	2.36291	0	0	0	0	0	0	0	0
8012	111	65.5225	60.9058	2.33109	2.35808	0	0	0	0	0	0	0	0
8012	112	61.6066	60.909	2.1991	2.2117	0	0	0	0	0	0	0	0
8012	113	62.6262	66.0596	2.24751	2.18861	0	0	0	0	0	0	0	0
8012	114	61.3562	58.5022	2.13499	2.13121	0	0	0	0	0	0	0	0
8012	115	61.6319	65.0043	2.08761	2.03396	0	0	0	0	0	0	0	0
8012	116	60.8254	59.7522	2.20793	2.22441	0	0	0	0	0	0	0	0
8012	117	62.0603	60.1395	2.20482	2.23054	0	0	0	0	0	0	0	0
8012	118	61.6654	61.0428	2.11717	2.11267	0	0	0	0	0	0	0	0
8012	119	61.521	60.0649	2.06823	2.05511	0	0	0	0	0	0	0	0
8012	120	63.1723	59.2236	2.12141	2.15584	0	0	0	0	0	0	0	0
8012	121	64.7176	61.8759	2.06195	2.08589	0	0	0	0	0	0	0	0
8012	122	64.2483	63.7992	2.08238	2.0745	0	0	0	0	0	0	0	0
8012	123	65.1649	64.1371	2.03486	2.03558	0	0	0	0	0	0	0	0
8012	124	57.4501	59.6993	2.13192	2.13122	0	0	0	0	0	0	0	0
8012	125	58.5519	60.9528	2.26188	2.27327	0	0	0	0	0	0	0	0
8012	126	61.6982	59.0939	2.0953	2.11835	0	0	0	0	0	0	0	0
8012	127	61.6694	66.7627	2.16327	2.11622	0	0	0	0	0	0	0	0
8017	0	65.7454	61.6129	2.2624	2.23469	0	0	0	0	0	0	0	0
8017	1	64.1319	61.1898	2.26318	2.22673	0	0	0	0	0	0	0	0
8017	2	62.845	62.0696	2.60561	2.61036	0	0	0	0	0	0	0	0
8017	3	69.8689	60.6072	2.3728	2.41319	0	0	0	0	0	0	0	0
8017	4	60.0004	64.7164	2.3963	2.33394	0	0	0	0	0	0	0	0
8017	5	60.7801	59.4679	2.23994	2.24095	0	0	0	0	0	0	0	0
8017	6	60.244	62.0614	2.29231	2.25218	0	0	0	0	0	0	0	0
8017	7	64.1471	63.2297	2.24	2.25117	0	0	0	0	0	0	0	0
8017	8	67.1809	63.8343	2.43339	2.42657	0	0	0	0	0	0	0	0
8017	9	56.049	55.5047	2.2455	2.26864	0	0	0	0	0	0	0	0
8017	10	67.7583	68.672	2.38317	2.33567	0	0	0	0	0	0	0	0
8017	11	62.17	62.1657	2.40985	2.42463	0	0	0	0	0	0	0	0
8017	12	64.4876	64.024	2.37009	2.35542	0	0	0	0	0	0	0	0
8017	13	67.573	62.7224	2.26446	2.29082	0	0	0	0	0	0	0	0
8017	14	62.3431	68.4939	2.33441	2.25099	0	0	0	0	0	0	0	0
8017	15	61.1615	63.9714	2.41352	2.39402	0	0	0	0	0	0	0	0
8017	16	58.0821	72.1761	2.65696	2.69526	0	0	0	0	0	0	0	0
8017	17	60.6515	51.3593	2.77395	2.80127	0	0	0	0	0	0	0	0
8017	18	63.3104	56.7411	2.76231	2.7687	0	0	0	0	0	0	0	0
8017	19	55.3621	54.5014	2.83239	2.84283	0	0	0	0	0	0	0	0
8017	20	58.6633	67.3109	2.73147	2.77034	0	0	0	0	0	0	0	0
8017	21	64.3231	66.3807	2.76205	2.81374	0	0	0	0	0	0	0	0
8017	22	58.4382	58.4943	2.63638	2.60677	0	0	0	0	0	0	0	0
8017	23	56.4225	57.0203	2.77282	2.76253	0	0	0	0	0	0	0	0
8017	24	59.0403	57.871	3.01253	2.99154	0	0	0	0	0	0	0	0
8017	25	55.8007	59.3341	2.91042	2.87462	0	0	0	0	0	0	0	0
8017	26	56.8321	56.6143	2.66762	2.69671	0	0	0	0	0	0	0	0
8017	27	54.7409	54.4779	2.85235	2.85693	0	0	0	0	0	0	0	0
8017	28	52.8673	53.1227	2.78379	2.74866	0	0	0	0	0	0	0	0
8017	29	55.7594	58.9609	3.06813	3.00909	0	0	0	0	0	0	0	0
8017	30	62.1445	53.8657	2.62178	2.6639	0	0	0	0	0	0	0	0
8017	31	56.9048	52.2066	2.68472	2.74669	0	0	0	0	0	0	0	0
8017	32	68.9243	70.727	2.84631	2.80651	0	0	0	0	0	0	0	0
8017	33	70.8372	67.5964	2.64568	2.64416	0	0	0	0	0	0	0	0
8017	34	63.5419	68.0422	2.76216	2.7463	0	0	0	0	0	0	0	0
8017	35	69.7261	70.74	2.57497	2.55611	0	0	0	0	0	0	0	0
8017	36	65.5156	68.0522	2.75884	2.71663	0	0	0	0	0	0	0	0
8017	37	67.9807	64.3393	2.61954	2.64919	0	0	0	0	0	0	0	0
8017	38	72.6549	71.5877	2.5502	2.55001	0	0	0	0	0	0	0	0
8017	39	69.4158	69.8169	2.57945	2.55028	0	0	0	0	0	0	0	0
8017	40	62.018	66.0094	2.72244	2.71047	0	0	0	0	0	0	0	0
8017	41	69.3732	67.5379	2.76145	2.74192	0	0	0	0	0	0	0	0
8017	42	68.599	70.7877	2.83033	2.80061	0	0	0	0	0	0	0	0
8017	43	64.5071	68.8473	2.65889	2.64377	0	0	0	0	0	0	0	0
8017	44	64.8208	71.9893	2.90532	2.86695	0	0	0	0	0	0	0	0
8017	45	70.4337	73.0643	2.50881	2.45758	0	0	0	0	0	0	0	0
8017	46	70.8368	65.4556	2.66529	2.6788	0	0	0	0	0	0	0	0
8017	47	67.3867	70.5017	2.58692	2.57476	0	0	0	0	0	0	0	0
8017	48	73.5081	68.2162	2.70185	2.7218	0	0	0	0	0	0	0	0
8017	49	75.2496	78.0289	2.7946	2.79473	0	0	0	0	0	0	0	0
8017	50	79.7947	76.9622	2.58507	2.58732	0	0	0	0	0	0	0	0
8017	51	79.7977	76.9536	3.00713	3.02434	0	0	0	0	0	0	0	0
8017	52	81.6335	80.0183	2.8063	2.85073	0	0	0	0	0	0	0	0
8017	53	85.024	80.5874	2.78189	2.79268	0	0	0	0	0	0	0	0
8017	54	67.6567	71.8971	2.68239	2.69176	0	0	0	0	0	0	0	0
8017	55	71.6585	69.9985	2.6606	2.68358	0	0	0	0	0	0	0	0
8017	56	79.5271	68.5956	2.82186	2.87159	0	0	0	0	0	0	0	0
8017	57	76.1932	71.2996	2.74198	2.77975	0	0	0	0	0	0	0	0
8017	58	77.9672	78.8203	2.82305	2.83103	0	0	0	0	0	0	0	0
8017	59	73.8679	74.8712	3.01221	3.00087	0	0	0	0	0	0	0	0
8017	60	71.0343	75.4117	2.92025	2.93383	0	0	0	0	0	0	0	0
8017	61	73.3785	75.6684	2.97494	2.98375	0	0	0	0	0	0	0	0
8017	62	72.5727	77.9096	2.93405	2.93224	0	0	0	0	0	0	0	0
8017	63	72.7318	75.2258	3.17564	3.17024	0	0	0	0	0	0	0	0
8017	64	73.5485	74.5727	2.7933	2.78864	0	0	0	0	0	0	0	0
8017	65	71.0545	76.7968	2.82369	2.78324	0	0	0	0	0	0	0	0
8017	66	73.1584	67.2524	2.91724	2.89611	0	0	0	0	0	0	0	0
8017	67	74.4731	75.6287	2.88619	2.88365	0	0	0	0	0	0	0	0
8017	68	76.0162	75.8656	2.92961	2.94016	0	0	0	0	0	0	0	0
8017	69	74.5191	76.6382	2.85694	2.8321	0	0	0	0	0	0	0	0
8017	70	75.339	71.8259	2.72934	2.75558	0	0	0	0	0	0	0	0
8017	71	77.3157	81.7935	2.86627	2.87711	0	0	0	0	0	0	0	0
8017	72	73.8007	74.1271	3.2473	3.2562	0	0	0	0	0	0	0	0
8017	73	78.4876	74.209	2.79111	2.85203	0	0	0	0	0	0	0	0
8017	74	75.9175	74.2189	3.09481	3.09783	0	0	0	0	0	0	0	0
8017	75	73.7042	70.8225	3.53219	3.54511	0	0	0	0	0	0	0	0
8017	76	73.8422	74.3269	2.84923	2.83381	0	0	0	0	0	0	0	0
8017	77	70.5949	80.8802	2.83621	2.82023	0	0	0	0	0	0	0	0
8017	78	71.8392	73.7804	3.18301	3.16427	0	0	0	0	0	0	0	0
8017	79	72.742	78.689	2.98682	2.95174	0	0	0	0	0	0	0	0
8017	80	82.0858	80.6815	4.41423	4.33978	0	0	0	0	0	0	0	0
8017	81	80.0951	77.4908	3.64399	3.65627	0	0	0	0	0	0	0	0
8017	82	76.2605	83.7806	4.30886	4.25207	0	0	0	0	0	0	0	0
8017	83	82.9036	75.6812	3.12406	3.18428	0	0	0	0	0	0	0	0
8017	84	82.6146	79.8102	3.22865	3.23675	0	0	0	0	0	0	0	0
8017	85	83.8321	80.8482	2.97246	2.99858	0	0	0	0	0	0	0	0
8017	86	78.9308	76.2542	3.00767	2.9803	0	0	0	0	0	0	0	0
8017	87	79.1937	75.2842	2.91307	2.92063	0	0	0	0	0	0	0	0
8017	88	76.7175	79.6027	2.98763	2.97824	0	0	0	0	0	0	0	0
8017	89	75.5586	78.9548	2.88305	2.87284	0	0	0	0	0	0	0	0
8017	90	84.1824	78.4034	2.81431	2.8607	0	0	0	0	0	0	0	0
8017	91	76.6264	75.7387	2.95441	2.95336	0	0	0	0	0	0	0	0
8017	92	80.912	80.7757	2.87854	2.87944	0	0	0	0	0	0	0	0
8017	93	79.1881	81.4349	2.88346	2.87107	0	0	0	0	0	0	0	0
8017	94	79.873	71.2183	2.86658	2.86596	0	0	0	0	0	0	0	0
8017	95	86.7509	80.2248	2.88583	2.93113	0	0	0	0	0	0	0	0
8017	96	63.8792	66.9364	2.22658	2.21528	0	0	0	0	0	0	0	0
8017	97	71.4229	63.5243	2.17414	2.20788	0	0	0	0	0	0	0	0
8017	98	63.362	66.8324	2.65773	2.61936	0	0	0	0	0	0	0	0
8017	99	65.4474	66.2977	2.24928	2.26392	0	0	0	0	0	0	0	0
8017	100	69.4714	72.0988	2.22279	2.21032	0	0	0	0	0	0	0	0
8017	101	69.0288	66.7507	2.15311	2.19822	0	0	0	0	0	0	0	0
8017	102	65.1064	65.7704	2.2017	2.21275	0	0	0	0	0	0	0	0
8017	103	66.7304	62.4592	2.43319	2.46274	0	0	0	0	0	0	0	0
8017	104	64.4828	65.8856	2.15152	2.15646	0	0	0	0	0	0	0	0
8017	105	69.8484	65.1297	2.48706	2.534	0	0	0	0	0	0	0	0
8017	106	63.1557	67.905	2.299	2.28408	0	0	0	0	0	0	0	0
8017	107	59.9476	63.1874	2.19346	2.19633	0	0	0	0	0	0	0	0
8017	108	64.2467	63.4213	2.17957	2.1724	0	0	0	0	0	0	0	0
8017	109	61.0135	64.9908	3.02844	3.01616	0	0	0	0	0	0	0	0
8017	110	65.8649	63.5162	2.52192	2.53353	0	0	0	0	0	0	0	0
8017	111	63.7473	65.2216	2.2791	2.28836	0	0	0	0	0	0	0	0
8017	112	77.503	74.2665	5.1414	5.16694	0	0	0	0	0	0	0	0
8017	113	71.5257	67.2202	2.34455	2.35242	0	0	0	0	0	0	0	0
8017	114	74.2792	72.6269	2.40453	2.38721	0	0	0	0	0	0	0	0
8017	115	71.6928	73.0378	2.38931	2.39184	0	0	0	0	0	0	0	0
8017	116	75.0582	79.6879	2.80282	2.79143	0	0	0	0	0	0	0	0
8017	117	71.9493	72.5273	2.28822	2.28255	0	0	0	0	0	0	0	0
8017	118	72.7831	70.6097	2.26756	2.26437	0	0	0	0	0	0	0	0
8017	119	72.7179	70.1321	2.31688	2.33053	0	0	0	0	0	0	0	0
8017	120	70.6539	74.9041	2.37173	2.36243	0	0	0	0	0	0	0	0
8017	121	73.8315	75.9083	2.25453	2.22524	0	0	0	0	0	0	0	0
8017	122	67.6919	71.0435	2.30444	2.31258	0	0	0	0	0	0	0	0
8017	123	69.4103	72.9288	2.42416	2.41309	0	0	0	0	0	0	0	0
8017	124	61.9883	70.6349	2.36227	2.35054	0	0	0	0	0	0	0	0
8017	125	67.1467	69.6337	2.46895	2.47174	0	0	0	0	0	0	0	0
8017	126	73.8085	76.6826	2.32822	2.31749	0	0	0	0	0	0	0	0
8017	127	78.5328	73.7587	2.44475	2.45793	0	0	0	0	0	0	0	0
8083	0	70.4177	72.6414	2.46039	2.46223	0	0	0	0	0	0	0	0
8083	1	67.4337	73.8114	2.75407	2.74903	0	0	0	0	0	0	0	0
8083	2	74.8433	71.0225	2.67302	2.70822	0	0	0	0	0	0	0	0
8083	3	64.1583	69.0047	3.2793	3.27088	0	0	0	0	0	0	0	0
8083	4	65.0045	72.7413	2.53812	2.52226	0	0	0	0	0	0	0	0
8083	5	73.0421	71.4235	2.45184	2.44592	0	0	0	0	0	0	0	0
8083	6	71.3306	71.9055	5.1171	5.12483	0	0	0	0	0	0	0	0
8083	7	71.7001	71.3293	2.50106	2.51055	0	0	0	0	0	0	0	0
8083	8	67.4317	71.3603	2.5786	2.54511	0	0	0	0	0	0	0	0
8083	9	66.7213	68.2137	2.72947	2.7269	0	0	0	0	0	0	0	0
8083	10	65.6774	67.5294	2.7988	2.78163	0	0	0	0	0	0	0	0
8083	11	67.4988	69.8487	3.03243	3.05207	0	0	0	0	0	0	0	0
8083	12	69.4575	70.9022	2.60464	2.59664	0	0	0	0	0	0	0	0
8083	13	66.4116	68.376	2.48693	2.4753	0	0	0	0	0	0	0	0
8083	14	74.6921	65.8045	2.54894	2.55516	0	0	0	0	0	0	0	0
8083	15	71.1435	65.7125	2.53543	2.56242	0	0	0	0	0	0	0	0
8083	16	68.2266	71.6669	2.28147	2.24232	0	0	0	0	0	0	0	0
8083	17	78.5889	79.8988	2.27169	2.27119	0	0	0	0	0	0	0	0
8083	18	67.6625	73.1963	2.25594	2.27505	0	0	0	0	0	0	0	0
8083	19	81.7758	76.9688	2.49145	2.4373	0	0	0	0	0	0	0	0
8083	20	71.5676	70.6649	2.31155	2.34251	0	0	0	0	0	0	0	0
8083	21	71.0275	67.9466	2.33499	2.37173	0	0	0	0	0	0	0	0
8083	22	66.6803	76.7858	2.24523	2.26095	0	0	0	0	0	0	0	0
8083	23	75.9975	76.1044	2.31213	2.3489	0	0	0	0	0	0	0	0
8083	24	77.7819	73.5719	2.43262	2.45384	0	0	0	0	0	0	0	0
8083	25	77.6592	77.5609	2.22176	2.24686	0	0	0	0	0	0	0	0
8083	26	71.0323	75.3371	2.26283	2.25169	0	0	0	0	0	0	0	0
8083	27	70.3861	67.3136	2.34613	2.37607	0	0	0	0	0	0	0	0
8083	28	71.1076	74.7481	2.2653	2.26472	0	0	0	0	0	0	0	0
8083	29	70.8213	71.0678	2.34156	2.33537	0	0	0	0	0	0	0	0
8083	30	72.006	78.6978	2.3785	2.36385	0	0	0	0	0	0	0	0
8083	31	68.0192	71.774	2.35195	2.34728	0	0	0	0	0	0	0	0
8083	32	58.4863	58.2319	3.30663	3.32188	0	0	0	0	0	0	0	0
8083	33	58.7256	58.2234	3.18891	3.20237	0	0	0	0	0	0	0	0
8083	34	58.5196	60.9792	3.14183	3.16326	0	0	0	0	0	0	0	0
8083	35	60.791	61.7834	2.96074	2.99506	0	0	0	0	0	0	0	0
8083	36	63.7052	61.2685	3.11897	3.12115	0	0	0	0	0	0	0	0
8083	37	51.2709	62.0027	3.28485	3.26088	0	0	0	0	0	0	0	0
8083	38	58.8371	56.825	3.12555	3.17352	0	0	0	0	0	0	0	0
8083	39	54.8532	62.5787	3.0171	3.03379	0	0	0	0	0	0	0	0
8083	40	55.3113	52.3178	2.98043	3.01088	0	0	0	0	0	0	0	0
8083	41	56.169	56.9053	3.00876	3.02788	0	0	0	0	0	0	0	0
8083	42	57.3369	61.0097	3.07115	3.07786	0	0	0	0	0	0	0	0
8083	43	56.4073	55.0741	3.02878	3.08437	0	0	0	0	0	0	0	0
8083	44	50.8643	52.8098	3.07299	3.10405	0	0	0	0	0	0	0	0
8083	45	55.9976	56.5628	2.97087	2.98038	0	0	0	0	0	0	0	0
8083	46	58.6695	58.904	3.06341	3.08445	0	0	0	0	0	0	0	0
8083	47	51.2204	54.2854	2.92531	2.92322	0	0	0	0	0	0	0	0
8083	48	75.4364	71.9085	2.6983	2.68659	0	0	0	0	0	0	0	0
8083	49	81.0601	82.9749	2.83339	2.83894	0	0	0	0	0	0	0	0
8083	50	80.312	75.8182	2.7422	2.75401	0	0	0	0	0	0	0	0
8083	51	73.7138	73.9653	3.14911	3.15323	0	0	0	0	0	0	0	0
8083	52	77.3179	77.8208	2.78915	2.77855	0	0	0	0	0	0	0	0
8083	53	77.3716	73.4456	2.99274	3.00838	0	0	0	0	0	0	0	0
8083	54	77.4405	73.8596	2.46094	2.44596	0	0	0	0	0	0	0	0
8083	55	76.8866	81.8321	2.89064	2.87412	0	0	0	0	0	0	0	0
8083	56	80.0471	74.5919	2.74648	2.77845	0	0	0	0	0	0	0	0
8083	57	77.1919	78.6521	2.79109	2.75693	0	0	0	0	0	0	0	0
8083	58	74.5979	75.179	2.74306	2.73867	0	0	0	0	0	0	0	0
8083	59	76.559	76.4915	2.87642	2.85322	0	0	0	0	0	0	0	0
8083	60	75.6838	77.4758	3.01411	3.01011	0	0	0	0	0	0	0	0
8083	61	77.96	81.6509	3.10644	3.07778	0	0	0	0	0	0	0	0
8083	62	67.6452	65.5607	2.87056	2.87907	0	0	0	0	0	0	0	0
8083	63	70.3086	70.8501	2.95006	2.98193	0	0	0	0	0	0	0	0
8083	64	85.8365	88.0772	2.43166	2.43642	0	0	0	0	0	0	0	0
8083	65	87.9167	86.7145	2.37569	2.37419	0	0	0	0	0	0	0	0
8083	66	86.2572	92.6185	2.60574	2.61326	0	0	0	0	0	0	0	0
8083	67	87.7201	90.0979	2.42194	2.44488	0	0	0	0	0	0	0	0
8083	68	92.6402	86.6972	2.90242	2.96768	0	0	0	0	0	0	0	0
8083	69	86.721	84.8129	2.45015	2.46355	0	0	0	0	0	0	0	0
8083	70	89.304	83.602	2.66108	2.70452	0	0	0	0	0	0	0	0
8083	71	85.9069	86.6024	2.49213	2.50281	0	0	0	0	0	0	0	0
8083	72	89.5623	91.7718	2.63303	2.65689	0	0	0	0	0	0	0	0
8083	73	84.8125	85.2501	2.46127	2.47403	0	0	0	0	0	0	0	0
8083	74	87.3703	87.4924	2.68028	2.6831	0	0	0	0	0	0	0	0
8083	75	86.8386	87.1145	2.6759	2.68765	0	0	0	0	0	0	0	0
8083	76	83.0482	84.1076	2.5587	2.56456	0	0	0	0	0	0	0	0
8083	77	87.6577	87.6849	2.5856	2.59999	0	0	0	0	0	0	0	0
8083	78	81.1115	85.4072	2.73059	2.69756	0	0	0	0	0	0	0	0
8083	79	84.2538	89.5872	3.00742	2.97104	0	0	0	0	0	0	0	0
8083	80	65.1173	63.9388	4.02144	4.01372	0	0	0	0	0	0	0	0
8083	81	71.4303	71.0893	3.34056	3.36358	0	0	0	0	0	0	0	0
8083	82	70.1229	66.6532	3.35434	3.35112	0	0	0	0	0	0	0	0
8083	83	67.3445	66.2025	2.86521	2.9019	0	0	0	0	0	0	0	0
8083	84	72.1934	72.1826	2.87258	2.8738	0	0	0	0	0	0	0	0
8083	85	65.9889	68.9082	2.62967	2.58805	0	0	0	0	0	0	0	0
8083	86	69.1844	71.9315	2.68089	2.64115	0	0	0	0	0	0	0	0
8083	87	69.3394	64.8355	2.58898	2.57598	0	0	0	0	0	0	0	0
8083	88	68.2505	69.4201	2.62009	2.59909	0	0	0	0	0	0	0	0
8083	89	68.4128	68.1047	2.61241	2.62114	0	0	0	0	0	0	0	0
8083	90	70.5787	72.857	2.69403	2.66615	0	0	0	0	0	0	0	0
8083	91	63.4111	67.2401	2.82679	2.82234	0	0	0	0	0	0	0	0
8083	92	69.0984	70.6262	2.79224	2.76591	0	0	0	0	0	0	0	0
8083	93	72.9013	72.5663	2.86242	2.83447	0	0	0	0	0	0	0	0
8083	94	61.8532	67.5663	2.89215	2.88172	0	0	0	0	0	0	0	0
8083	95	73.4959	69.1626	3.06079	3.09701	0	0	0	0	0	0	0	0
8083	96	82.9061	86.5022	2.12965	2.04553	0	0	0	0	0	0	0	0
8083	97	82.849	80.3419	2.09136	2.07006	0	0	0	0	0	0	0	0
8083	98	86.4531	85.4618	2.00325	2.00856	0	0	0	0	0	0	0	0
8083	99	78.7705	83.9548	2.10205	2.08463	0	0	0	0	0	0	0	0
8083	100	83.2261	83.1116	2.25371	2.25074	0	0	0	0	0	0	0	0
8083	101	74.3275	78.5224	2.13598	2.15792	0	0	0	0	0	0	0	0
8083	102	80.1185	79.9598	2.13596	2.13823	0	0	0	0	0	0	0	0
8083	103	82.3091	86.7864	2.06854	2.01758	0	0	0	0	0	0	0	0
8083	104	86.2829	87.1715	2.00006	1.98476	0	0	0	0	0	0	0	0
8083	105	85.5704	80.3586	2.12849	2.20057	0	0	0	0	0	0	0	0
8083	106	80.9172	83.3337	2.16678	2.15565	0	0	0	0	0	0	0	0
8083	107	87.0339	79.3017	2.06051	2.12196	0	0	0	0	0	0	0	0
8083	108	91.7535	85.5589	2.093	2.05903	0	0	0	0	0	0	0	0
8083	109	81.8185	78.7281	2.21197	2.21331	0	0	0	0	0	0	0	0
8083	110	74.9789	81.534	2.10188	2.10891	0	0	0	0	0	0	0	0
8083	111	83.6063	77.8683	2.09801	2.13625	0	0	0	0	0	0	0	0
8083	112	77.8698	76.843	2.24419	2.2373	0	0	0	0	0	0	0	0
8083	113	79.1776	78.7198	2.40237	2.39852	0	0	0	0	0	0	0	0
8083	114	77.8785	77.8351	2.22262	2.26167	0	0	0	0	0	0	0	0
8083	115	78.2474	74.2969	2.18307	2.19146	0	0	0	0	0	0	0	0
8083	116	80.1311	81.5937	2.11978	2.12547	0	0	0	0	0	0	0	0
8083	117	73.7901	82.113	2.10433	2.08161	0	0	0	0	0	0	0	0
8083	118	77.8029	81.1449	2.07456	2.07157	0	0	0	0	0	0	0	0
8083	119	80.7014	81.6288	2.12576	2.11758	0	0	0	0	0	0	0	0
8083	120	76.5437	78.8142	2.2142	2.18845	0	0	0	0	0	0	0	0
8083	121	78.0311	75.0014	2.12583	2.12433	0	0	0	0	0	0	0	0
8083	122	81.8395	79.3649	2.10894	2.13982	0	0	0	0	0	0	0	0
8083	123	79.0081	80.0118	2.19492	2.1804	0	0	0	0	0	0	0	0
8083	124	79.0886	85.4492	2.13759	2.08334	0	0	0	0	0	0	0	0
8083	125	73.3787	73.1201	2.16343	2.19037	0	0	0	0	0	0	0	0
8083	126	77.7302	77.3512	2.1797	2.17994	0	0	0	0	0	0	0	0
8083	127	78.5877	78.1013	2.18763	2.18418	0	0	0	0	0	0	0	0
8064	0	70.1629	71.2766	2.67775	2.68979	0	0	0	0	0	0	0	0
8064	1	69.1797	67.223	2.60211	2.57285	0	0	0	0	0	0	0	0
8064	2	72.2257	74.9894	5.13751	5.07352	0	0	0	0	0	0	0	0
8064	3	73.3003	76.4888	2.49332	2.45193	0	0	0	0	0	0	0	0
8064	4	78.5555	71.827	2.41823	2.42759	0	0	0	0	0	0	0	0
8064	5	71.1083	72.3964	3.76127	3.73376	0	0	0	0	0	0	0	0
8064	6	74.8259	73.467	2.71406	2.7268	0	0	0	0	0	0	0	0
8064	7	78.0319	78.2187	2.70111	2.68972	0	0	0	0	0	0	0	0
8064	8	74.5043	75.1715	3.61523	3.56776	0	0	0	0	0	0	0	0
8064	9	72.7963	75.226	3.89437	3.90356	0	0	0	0	0	0	0	0
8064	10	80.1033	72.1276	3.30522	3.27417	0	0	0	0	0	0	0	0
8064	11	69.8083	69.4306	2.79362	2.73082	0	0	0	0	0	0	0	0
8064	12	67.5627	68.2782	2.51457	2.50073	0	0	0	0	0	0	0	0
8064	13	70.982	71.2507	2.5945	2.5869	0	0	0	0	0	0	0	0
8064	14	68.1115	71.7198	2.54381	2.52375	0	0	0	0	0	0	0	0
8064	15	72.4315	70.8568	2.52749	2.5131	0	0	0	0	0	0	0	0
8064	16	56.2155	56.5283	2.74574	2.77769	0	0	0	0	0	0	0	0
8064	17	56.7369	58.7541	2.39004	2.41425	0	0	0	0	0	0	0	0
8064	18	61.8498	63.5571	2.37463	2.35744	0	0	0	0	0	0	0	0
8064	19	60.1878	64.8592	2.97447	2.96548	0	0	0	0	0	0	0	0
8064	20	60.31	62.7844	3.15421	3.16311	0	0	0	0	0	0	0	0
8064	21	59.5988	55.2121	3.74867	3.78567	0	0	0	0	0	0	0	0
8064	22	61.7246	62.1724	3.82036	3.81983	0	0	0	0	0	0	0	0
8064	23	62.8505	60.0623	2.99181	3.00411	0	0	0	0	0	0	0	0
8064	24	57.1982	59.6347	4.28137	4.25449	0	0	0	0	0	0	0	0
8064	25	60.3364	56.7875	2.31727	2.35485	0	0	0	0	0	0	0	0
8064	26	54.2955	54.8249	2.31347	2.35226	0	0	0	0	0	0	0	0
8064	27	55.1864	60.4585	2.83072	2.82835	0	0	0	0	0	0	0	0
8064	28	58.6118	58.595	3.45738	3.46155	0	0	0	0	0	0	0	0
8064	29	55.3666	58.3056	2.97795	2.97089	0	0	0	0	0	0	0	0
8064	30	57.3876	60.1858	2.85922	2.83845	0	0	0	0	0	0	0	0
8064	31	55.1434	56.9258	3.24259	3.22406	0	0	0	0	0	0	0	0
8064	32	74.4156	69.4903	3.18327	3.17922	0	0	0	0	0	0	0	0
8064	33	71.2046	75.8801	3.3306	3.33328	0	0	0	0	0	0	0	0
8064	34	73.3105	63.1241	3.23152	3.26885	0	0	0	0	0	0	0	0
8064	35	69.9741	68.2499	3.12427	3.10781	0	0	0	0	0	0	0	0
8064	36	71.2878	77.6019	3.19928	3.1779	0	0	0	0	0	0	0	0
8064	37	64.2261	75.0113	2.97809	2.94369	0	0	0	0	0	0	0	0
8064	38	76.2113	68.999	3.1856	3.19488	0	0	0	0	0	0	0	0
8064	39	68.2562	67.5743	3.02083	3.04125	0	0	0	0	0	0	0	0
8064	40	70.4177	72.9676	3.10632	3.08477	0	0	0	0	0	0	0	0
8064	41	63.1523	65.1458	3.19424	3.1861	0	0	0	0	0	0	0	0
8064	42	71.2519	67.6197	3.09201	3.11474	0	0	0	0	0	0	0	0
8064	43	67.0583	70.0783	3.16617	3.13108	0	0	0	0	0	0	0	0
8064	44	71.947	62.3941	3.20545	3.20879	0	0	0	0	0	0	0	0
8064	45	63.7813	68.2449	3.12119	3.1003	0	0	0	0	0	0	0	0
8064	46	65.6322	69.3837	3.00427	2.99263	0	0	0	0	0	0	0	0
8064	47	72.6999	68.6625	2.99101	2.98633	0	0	0	0	0	0	0	0
8064	48	74.7602	80.942	2.25335	2.25804	0	0	0	0	0	0	0	0
8064	49	78.1516	77.0941	2.64066	2.63084	0	0	0	0	0	0	0	0
8064	50	72.2138	72.9761	2.26709	2.27708	0	0	0	0	0	0	0	0
8064	51	75.558	82.8004	2.79335	2.76644	0	0	0	0	0	0	0	0
8064	52	73.656	76.9736	2.40831	2.39896	0	0	0	0	0	0	0	0
8064	53	74.6967	80.4763	2.79468	2.78295	0	0	0	0	0	0	0	0
8064	54	85.0245	76.6982	2.4944	2.5282	0	0	0	0	0	0	0	0
8064	55	71.4279	78.3693	2.85658	2.8341	0	0	0	0	0	0	0	0
8064	56	82.8678	83.4293	2.49615	2.47237	0	0	0	0	0	0	0	0
8064	57	73.5155	75.3809	2.51066	2.51767	0	0	0	0	0	0	0	0
8064	58	80.7472	71.5361	2.54905	2.55201	0	0	0	0	0	0	0	0
8064	59	79.3558	82.87	2.49361	2.48914	0	0	0	0	0	0	0	0
8064	60	72.0104	72.9568	2.55656	2.5334	0	0	0	0	0	0	0	0
8064	61	70.8713	76.8567	2.61708	2.63569	0	0	0	0	0	0	0	0
8064	62	76.378	69.5397	2.73819	2.74589	0	0	0	0	0	0	0	0
8064	63	77.5752	77.8719	2.66882	2.71498	0	0	0	0	0	0	0	0
8064	64	83.8754	84.9816	2.70752	2.68509	0	0	0	0	0	0	0	0
8064	65	87.5323	84.034	2.98932	3.08121	0	0	0	0	0	0	0	0
8064	66	84.346	84.2009	3.02403	3.0219	0	0	0	0	0	0	0	0
8064	67	85.4189	83.7401	2.49123	2.51654	0	0	0	0	0	0	0	0
8064	68	86.9934	93.993	2.63269	2.65413	0	0	0	0	0	0	0	0
8064	69	89.5733	89.7561	2.64023	2.65846	0	0	0	0	0	0	0	0
8064	70	84.1153	89.045	2.76794	2.71321	0	0	0	0	0	0	0	0
8064	71	95.0935	97.3073	2.62906	2.64049	0	0	0	0	0	0	0	0
8064	72	86.078	91.7363	4.02337	3.99774	0	0	0	0	0	0	0	0
8064	73	86.6383	84.3649	2.69307	2.73492	0	0	0	0	0	0	0	0
8064	74	82.6038	89.4432	2.73209	2.71859	0	0	0	0	0	0	0	0
8064	75	86.7791	90.0951	2.52528	2.52839	0	0	0	0	0	0	0	0
8064	76	90.9642	80.6158	2.60245	2.63255	0	0	0	0	0	0	0	0
8064	77	88.0442	89.0368	2.73139	2.73355	0	0	0	0	0	0	0	0
8064	78	87.0832	89.3248	3.56123	3.54783	0	0	0	0	0	0	0	0
8064	79	88.7103	84.9525	2.4612	2.47442	0	0	0	0	0	0	0	0
8064	80	78.865	80.5147	4.60175	4.62237	0	0	0	0	0	0	0	0
8064	81	81.9861	83.9031	4.27143	4.22738	0	0	0	0	0	0	0	0
8064	82	82.5194	82.2059	4.30726	4.29688	0	0	0	0	0	0	0	0
8064	83	75.7027	75.4726	3.84968	3.83755	0	0	0	0	0	0	0	0
8064	84	85.919	84.1446	3.96983	3.9234	0	0	0	0	0	0	0	0
8064	85	82.3655	82.2899	3.4983	3.47923	0	0	0	0	0	0	0	0
8064	86	72.2465	73.5308	3.56398	3.58271	0	0	0	0	0	0	0	0
8064	87	78.3912	79.225	3.81104	3.77436	0	0	0	0	0	0	0	0
8064	88	80.5323	81.5386	3.81459	3.8455	0	0	0	0	0	0	0	0
8064	89	79.4212	80.3998	3.76919	3.77151	0	0	0	0	0	0	0	0
8064	90	82.8696	78.6405	3.3894	3.38544	0	0	0	0	0	0	0	0
8064	91	82.0085	82.3135	3.78847	3.7821	0	0	0	0	0	0	0	0
8064	92	74.3475	77.7393	3.17453	3.16925	0	0	0	0	0	0	0	0
8064	93	78.5746	79.3924	3.55162	3.52383	0	0	0	0	0	0	0	0
8064	94	77.6267	75.6008	3.78236	3.76478	0	0	0	0	0	0	0	0
8064	95	75.5179	77.3739	3.32402	3.32247	0	0	0	0	0	0	0	0
8064	96	76.104	76.7633	2.08577	2.06937	0	0	0	0	0	0	0	0
8064	97	69.9339	69.8702	2.04194	2.04619	0	0	0	0	0	0	0	0
8064	98	75.4664	74.324	2.07847	2.07347	0	0	0	0	0	0	0	0
8064	99	73.1224	73.2507	2.24217	2.22989	0	0	0	0	0	0	0	0
8064	100	76.5047	75.0322	2.20385	2.2092	0	0	0	0	0	0	0	0
8064	101	77.5597	73.2447	2.16061	2.16569	0	0	0	0	0	0	0	0
8064	102	73.3703	74.7368	2.17163	2.1498	0	0	0	0	0	0	0	0
8064	103	70.5054	66.6198	2.09003	2.11743	0	0	0	0	0	0	0	0
8064	104	72.2657	66.5515	2.08102	2.10002	0	0	0	0	0	0	0	0
8064	105	72.808	74.4263	2.26482	2.25125	0	0	0	0	0	0	0	0
8064	106	69.3861	70.1332	2.11454	2.09586	0	0	0	0	0	0	0	0
8064	107	64.81	70.0905	2.14753	2.14848	0	0	0	0	0	0	0	0
8064	108	73.4848	72.718	2.17746	2.1804	0	0	0	0	0	0	0	0
8064	109	75.5446	71.8824	2.12967	2.12906	0	0	0	0	0	0	0	0
8064	110	73.6811	69.5575	2.12343	2.12558	0	0	0	0	0	0	0	0
8064	111	75.3702	77.9429	2.16677	2.15763	0	0	0	0	0	0	0	0
8064	112	71.2382	68.6339	2.34737	2.3606	0	0	0	0	0	0	0	0
8064	113	65.027	73.3692	2.26235	2.24908	0	0	0	0	0	0	0	0
8064	114	70.8878	69.8403	2.30643	2.35929	0	0	0	0	0	0	0	0
8064	115	73.611	67.2218	2.33024	2.35176	0	0	0	0	0	0	0	0
8064	116	66.9442	72.4053	2.352	2.33952	0	0	0	0	0	0	0	0
8064	117	65.547	71.0992	2.4871	2.45528	0	0	0	0	0	0	0	0
8064	118	71.0932	69.4165	2.2711	2.28089	0	0	0	0	0	0	0	0
8064	119	66.9808	67.992	2.40909	2.40146	0	0	0	0	0	0	0	0
8064	120	66.7928	68.9164	2.39216	2.38313	0	0	0	0	0	0	0	0
8064	121	70.8065	72.5348	2.30452	2.30608	0	0	0	0	0	0	0	0
8064	122	69.0597	71.7087	2.38205	2.39507	0	0	0	0	0	0	0	0
8064	123	67.2778	67.1253	2.49505	2.45167	0	0	0	0	0	0	0	0
8064	124	72.0225	68.7058	2.32515	2.36212	0	0	0	0	0	0	0	0
8064	125	73.7309	72.7252	2.30503	2.35233	0	0	0	0	0	0	0	0
8064	126	69.4186	72.1305	2.29523	2.30518	0	0	0	0	0	0	0	0
8064	127	66.1981	63.4666	2.40097	2.39377	0	0	0	0	0	0	0	0
8075	0	65.2284	69.8813	2.42488	2.39332	0	0	0	0	0	0	0	0
8075	1	72.6317	65.0426	2.88852	2.86902	0	0	0	0	0	0	0	0
8075	2	68.2359	64.522	2.24878	2.30708	0	0	0	0	0	0	0	0
8075	3	60.6906	62.0771	2.34922	2.32116	0	0	0	0	0	0	0	0
8075	4	61.5053	60.9193	2.40907	2.41064	0	0	0	0	0	0	0	0
8075	5	58.1053	71.6397	5.7473	5.69933	0	0	0	0	0	0	0	0
8075	6	63.6562	61.0836	2.17411	2.19796	0	0	0	0	0	0	0	0
8075	7	69.1302	63.9429	2.90734	2.92982	0	0	0	0	0	0	0	0
8075	8	60.0856	62.2605	2.54692	2.58547	0	0	0	0	0	0	0	0
8075	9	60.7213	66.2186	2.59025	2.54806	0	0	0	0	0	0	0	0
8075	10	58.6953	62.8951	2.6232	2.63334	0	0	0	0	0	0	0	0
8075	11	61.6836	65.447	2.48348	2.47249	0	0	0	0	0	0	0	0
8075	12	63.1611	63.1495	2.55573	2.57133	0	0	0	0	0	0	0	0
8075	13	60.8692	61.0791	2.44856	2.4871	0	0	0	0	0	0	0	0
8075	14	61.4525	66.0532	3.17522	3.10588	0	0	0	0	0	0	0	0
8075	15	63.1754	65.1923	3.20319	3.19399	0	0	0	0	0	0	0	0
8075	16	71.1693	77.2241	2.69404	2.69231	0	0	0	0	0	0	0	0
8075	17	75.2899	70.641	2.58269	2.56041	0	0	0	0	0	0	0	0
8075	18	67.3065	71.2623	2.59682	2.60066	0	0	0	0	0	0	0	0
8075	19	66.986	68.5277	2.97649	2.98749	0	0	0	0	0	0	0	0
8075	20	70.2692	68.5966	2.62976	2.65007	0	0	0	0	0	0	0	0
8075	21	76.4147	70.0147	3.31176	3.27406	0	0	0	0	0	0	0	0
8075	22	67.2541	72.4149	2.55782	2.53946	0	0	0	0	0	0	0	0
8075	23	62.911	61.7761	2.81729	2.77497	0	0	0	0	0	0	0	0
8075	24	63.9641	74.8013	2.63499	2.59216	0	0	0	0	0	0	0	0
8075	25	64.83	61.7166	2.98969	2.95834	0	0	0	0	0	0	0	0
8075	26	67.7854	64.9554	2.66466	2.67954	0	0	0	0	0	0	0	0
8075	27	67.5251	68.9089	2.83775	2.85974	0	0	0	0	0	0	0	0
8075	28	69.998	65.0598	2.61572	2.64894	0	0	0	0	0	0	0	0
8075	29	66.9171	70.9984	2.86876	2.80297	0	0	0	0	0	0	0	0
8075	30	65.5312	67.1447	2.70353	2.70031	0	0	0	0	0	0	0	0
8075	31	68.0178	69.546	2.57296	2.58945	0	0	0	0	0	0	0	0
8075	32	67.9681	68.4334	3.03303	3.05083	0	0	0	0	0	0	0	0
8075	33	75.3698	79.5876	2.74989	2.73694	0	0	0	0	0	0	0	0
8075	34	75.1039	77.9192	2.68715	2.67943	0	0	0	0	0	0	0	0
8075	35	71.9087	71.6969	2.5867	2.61039	0	0	0	0	0	0	0	0
8075	36	83.9265	75.5555	2.78796	2.78566	0	0	0	0	0	0	0	0
8075	37	74.4823	74.3904	2.75205	2.74853	0	0	0	0	0	0	0	0
8075	38	74.1769	69.5416	2.56078	2.58703	0	0	0	0	0	0	0	0
8075	39	86.9229	71.1368	2.54502	2.52172	0	0	0	0	0	0	0	0
8075	40	75.4772	74.7282	2.63873	2.65104	0	0	0	0	0	0	0	0
8075	41	68.1798	64.6133	2.55695	2.56023	0	0	0	0	0	0	0	0
8075	42	72.3954	72.4038	2.76859	2.76279	0	0	0	0	0	0	0	0
8075	43	72.3054	72.9263	2.6055	2.59485	0	0	0	0	0	0	0	0
8075	44	68.9251	73.8575	2.72225	2.73952	0	0	0	0	0	0	0	0
8075	45	72.2719	72.313	2.58291	2.56963	0	0	0	0	0	0	0	0
8075	46	75.0229	77.6565	2.59104	2.59637	0	0	0	0	0	0	0	0
8075	47	72.7207	77.2833	2.5306	2.52592	0	0	0	0	0	0	0	0
8075	48	69.6101	72.0793	2.5326	2.51312	0	0	0	0	0	0	0	0
8075	49	73.4249	79.799	2.49168	2.51687	0	0	0	0	0	0	0	0
8075	50	74.885	68.9871	2.72161	2.74041	0	0	0	0	0	0	0	0
8075	51	74.8755	66.4495	2.59584	2.6562	0	0	0	0	0	0	0	0
8075	52	77.2375	73.6238	2.46948	2.47725	0	0	0	0	0	0	0	0
8075	53	71.1244	73.944	2.70285	2.67145	0	0	0	0	0	0	0	0
8075	54	63.5841	63.9932	2.47641	2.47626	0	0	0	0	0	0	0	0
8075	55	66.5242	66.8882	2.59317	2.5925	0	0	0	0	0	0	0	0
8075	56	72.498	66.205	2.48685	2.47011	0	0	0	0	0	0	0	0
8075	57	73.6603	66.8294	2.69129	2.72338	0	0	0	0	0	0	0	0
8075	58	71.9757	70.2147	2.55583	2.55142	0	0	0	0	0	0	0	0
8075	59	68.9092	66.3905	2.90709	2.91775	0	0	0	0	0	0	0	0
8075	60	69.9264	69.101	2.90307	2.91296	0	0	0	0	0	0	0	0
8075	61	69.1111	70.2532	2.90258	2.89451	0	0	0	0	0	0	0	0
8075	62	68.3061	69.6326	2.83479	2.82439	0	0	0	0	0	0	0	0
8075	63	67.268	68.4886	2.93947	2.94897	0	0	0	0	0	0	0	0
8075	64	81.9056	81.5504	2.33918	2.33367	0	0	0	0	0	0	0	0
8075	65	84.1226	84.3427	2.70803	2.71643	0	0	0	0	0	0	0	0
8075	66	84.0289	82.9947	2.32925	2.34967	0	0	0	0	0	0	0	0
8075	67	79.5651	83.069	2.49463	2.48106	0	0	0	0	0	0	0	0
8075	68	87.5175	84.6168	2.11729	2.14459	0	0	0	0	0	0	0	0
8075	69	78.7565	81.3559	2.41424	2.4205	0	0	0	0	0	0	0	0
8075	70	80.9952	84.114	2.73181	2.67392	0	0	0	0	0	0	0	0
8075	71	79.9575	80.0016	2.53889	2.55463	0	0	0	0	0	0	0	0
8075	72	75.7288	74.201	4.03806	4.03801	0	0	0	0	0	0	0	0
8075	73	81.5287	78.7919	2.56919	2.59803	0	0	0	0	0	0	0	0
8075	74	88.107	84.5548	2.30127	2.28201	0	0	0	0	0	0	0	0
8075	75	82.0941	80.668	3.14895	3.20956	0	0	0	0	0	0	0	0
8075	76	82.8771	79.8055	2.61717	2.62317	0	0	0	0	0	0	0	0
8075	77	80.292	81.9213	2.489	2.47847	0	0	0	0	0	0	0	0
8075	78	81.6893	81.8971	2.41367	2.4113	0	0	0	0	0	0	0	0
8075	79	79.0596	79.7076	2.49709	2.49491	0	0	0	0	0	0	0	0
8075	80	72.9756	78.9681	3.87432	3.82806	0	0	0	0	0	0	0	0
8075	81	75.4405	82.4507	3.18668	3.11803	0	0	0	0	0	0	0	0
8075	82	79.8593	77.0447	3.18219	3.15915	0	0	0	0	0	0	0	0
8075	83	82.8316	79.5649	3.19205	3.21528	0	0	0	0	0	0	0	0
8075	84	82.4648	84.0209	2.97097	2.9404	0	0	0	0	0	0	0	0
8075	85	74.0594	80.5872	2.50143	2.47575	0	0	0	0	0	0	0	0
8075	86	76.663	75.4071	3.11387	3.14016	0	0	0	0	0	0	0	0
8075	87	76.6899	75.2777	3.18592	3.19331	0	0	0	0	0	0	0	0
8075	88	77.8223	73.3593	3.266	3.25667	0	0	0	0	0	0	0	0
8075	89	72.729	74.8276	2.4024	2.38458	0	0	0	0	0	0	0	0
8075	90	80.365	80.6711	2.6689	2.63524	0	0	0	0	0	0	0	0
8075	91	80.5689	80.6982	7.45236	7.44647	0	0	0	0	0	0	0	0
8075	92	71.2176	72.0316	3.26467	3.23976	0	0	0	0	0	0	0	0
8075	93	78.299	84.2509	2.88758	2.87978	0	0	0	0	0	0	0	0
8075	94	77.1658	76.9064	3.05001	3.05413	0	0	0	0	0	0	0	0
8075	95	82.6488	81.9373	2.91358	2.89346	0	0	0	0	0	0	0	0
8075	96	66.9046	68.7921	2.14473	2.13136	0	0	0	0	0	0	0	0
8075	97	71.9253	69.8744	2.14151	2.14886	0	0	0	0	0	0	0	0
8075	98	74.0765	68.2944	2.16113	2.20142	0	0	0	0	0	0	0	0
8075	99	68.6364	72.8477	2.14383	2.13263	0	0	0	0	0	0	0	0
8075	100	73.2016	72.5346	2.25045	2.22524	0	0	0	0	0	0	0	0
8075	101	71.754	70.1341	2.07486	2.09773	0	0	0	0	0	0	0	0
8075	102	71.974	70.3099	2.12029	2.11822	0	0	0	0	0	0	0	0
8075	103	71.3474	74.6028	2.14899	2.12698	0	0	0	0	0	0	0	0
8075	104	64.3428	64.8988	2.1356	2.15133	0	0	0	0	0	0	0	0
8075	105	65.9874	70.8111	2.20018	2.20212	0	0	0	0	0	0	0	0
8075	106	68.5458	74.5007	2.20702	2.14615	0	0	0	0	0	0	0	0
8075	107	71.2549	67.7704	2.17243	2.19047	0	0	0	0	0	0	0	0
8075	108	65.2883	68.3397	2.13908	2.15686	0	0	0	0	0	0	0	0
8075	109	64.0977	65.952	2.29072	2.3216	0	0	0	0	0	0	0	0
8075	110	68.3738	71.2126	2.2133	2.20917	0	0	0	0	0	0	0	0
8075	111	70.6566	67.5656	2.14972	2.19743	0	0	0	0	0	0	0	0
8075	112	71.9324	69.3921	2.17342	2.21582	0	0	0	0	0	0	0	0
8075	113	65.3724	67.349	2.26458	2.22776	0	0	0	0	0	0	0	0
8075	114	69.1962	67.5834	2.22231	2.21442	0	0	0	0	0	0	0	0
8075	115	68.0161	75.4831	2.20516	2.15903	0	0	0	0	0	0	0	0
8075	116	71.4807	69.604	2.41669	2.45505	0	0	0	0	0	0	0	0
8075	117	69.862	63.8158	2.28917	2.32084	0	0	0	0	0	0	0	0
8075	118	65.7483	68.6384	2.19338	2.16254	0	0	0	0	0	0	0	0
8075	119	65.223	67.092	2.18549	2.199	0	0	0	0	0	0	0	0
8075	120	67.8298	70.8191	2.2933	2.28728	0	0	0	0	0	0	0	0
8075	121	69.2131	62.8118	2.20518	2.23066	0	0	0	0	0	0	0	0
8075	122	68.2119	65.9635	2.29213	2.27965	0	0	0	0	0	0	0	0
8075	123	66.0495	67.587	2.30373	2.28968	0	0	0	0	0	0	0	0
8075	124	71.4837	70.2333	2.22752	2.23675	0	0	0	0	0	0	0	0
8075	125	70.9588	65.9727	3.5954	3.6617	0	0	0	0	0	0	0	0
8075	126	71.4039	65.2919	2.17976	2.18812	0	0	0	0	0	0	0	0
8075	127	67.5578	66.557	2.25133	2.24484	0	0	0	0	0	0	0	0
8036	0	85.7358	84.3846	3.44814	3.4294	0	0	0	0	0	0	0	0
8036	1	76.6603	82.3647	2.38701	2.39526	0	0	0	0	0	0	0	0
8036	2	86.2744	76.646	2.39899	2.47205	0	0	0	0	0	0	0	0
8036	3	85.44	84.5184	2.41482	2.39104	0	0	0	0	0	0	0	0
8036	4	77.9952	84.9225	3.11278	3.07056	0	0	0	0	0	0	0	0
8036	5	82.8856	86.2601	2.39043	2.34226	0	0	0	0	0	0	0	0
8036	6	84.1592	83.4175	2.33467	2.37356	0	0	0	0	0	0	0	0
8036	7	86.1957	77.1277	2.2962	2.34684	0	0	0	0	0	0	0	0
8036	8	82.9657	84.074	2.40866	2.35849	0	0	0	0	0	0	0	0
8036	9	79.3264	78.6264	2.60027	2.59738	0	0	0	0	0	0	0	0
8036	10	74.6973	84.1176	2.45969	2.38979	0	0	0	0	0	0	0	0
8036	11	91.1019	80.9983	2.31134	2.28408	0	0	0	0	0	0	0	0
8036	12	85.537	82.6067	2.98306	2.99242	0	0	0	0	0	0	0	0
8036	13	80.9766	76.2804	6.39592	6.3426	0	0	0	0	0	0	0	0
8036	14	72.0857	76.8439	2.60149	2.6328	0	0	0	0	0	0	0	0
8036	15	73.4024	77.281	2.41395	2.43011	0	0	0	0	0	0	0	0
8036	16	66.1698	64.5326	2.44044	2.43997	0	0	0	0	0	0	0	0
8036	17	68.8732	60.1805	2.61713	2.65048	0	0	0	0	0	0	0	0
8036	18	71.8595	72.5889	2.72593	2.76008	0	0	0	0	0	0	0	0
8036	19	70.5371	63.8069	2.53329	2.55643	0	0	0	0	0	0	0	0
8036	20	72.6972	71.8582	2.35383	2.35547	0	0	0	0	0	0	0	0
8036	21	62.5982	68.216	2.5115	2.50688	0	0	0	0	0	0	0	0
8036	22	67.4146	63.4745	2.32339	2.32322	0	0	0	0	0	0	0	0
8036	23	67.4195	69.7485	2.41669	2.38835	0	0	0	0	0	0	0	0
8036	24	69.6384	69.3805	2.34977	2.33819	0	0	0	0	0	0	0	0
8036	25	57.9867	62.0676	2.46018	2.46039	0	0	0	0	0	0	0	0
8036	26	69.0898	69.0166	2.44677	2.46501	0	0	0	0	0	0	0	0
8036	27	67.7954	69.8081	2.37629	2.36797	0	0	0	0	0	0	0	0
8036	28	65.638	67.6137	2.94064	2.94062	0	0	0	0	0	0	0	0
8036	29	57.5636	64.8143	2.39329	2.38911	0	0	0	0	0	0	0	0
8036	30	63.3215	65.5597	2.65955	2.66438	0	0	0	0	0	0	0	0
8036	31	57.1003	60.3462	2.53349	2.50881	0	0	0	0	0	0	0	0
8036	32	73.011	65.1328	2.81741	2.88617	0	0	0	0	0	0	0	0
8036	33	67.8134	70.6585	3.06307	3.03215	0	0	0	0	0	0	0	0
8036	34	65.2055	71.9248	2.88717	2.86586	0	0	0	0	0	0	0	0
8036	35	64.1162	67.8856	2.65647	2.65014	0	0	0	0	0	0	0	0
8036	36	61.7889	67.4735	2.70384	2.72587	0	0	0	0	0	0	0	0
8036	37	69.77	67.5664	2.45746	2.4774	0	0	0	0	0	0	0	0
8036	38	65.4155	66.8966	2.54703	2.55849	0	0	0	0	0	0	0	0
8036	39	59.1711	64.8761	2.63929	2.65497	0	0	0	0	0	0	0	0
8036	40	63.1281	61.7582	2.56645	2.59222	0	0	0	0	0	0	0	0
8036	41	66.2343	65.495	2.57977	2.57994	0	0	0	0	0	0	0	0
8036	42	61.7049	60.876	2.95149	2.92884	0	0	0	0	0	0	0	0
8036	43	66.5768	66.3989	2.58024	2.58893	0	0	0	0	0	0	0	0
8036	44	62.6781	66.2218	2.93083	2.97838	0	0	0	0	0	0	0	0
8036	45	70.7002	74.7438	2.67829	2.67079	0	0	0	0	0	0	0	0
8036	46	68.2073	69.1512	2.5393	2.56265	0	0	0	0	0	0	0	0
8036	47	73.6347	69.0957	2.60435	2.58098	0	0	0	0	0	0	0	0
8036	48	73.1753	80.2857	2.88535	2.80709	0	0	0	0	0	0	0	0
8036	49	80.5082	81.9002	2.7775	2.72818	0	0	0	0	0	0	0	0
8036	50	75.8542	80.1802	2.71126	2.65302	0	0	0	0	0	0	0	0
8036	51	77.2544	81.6721	2.82043	2.82071	0	0	0	0	0	0	0	0
8036	52	80.2726	78.3132	2.80218	2.78258	0	0	0	0	0	0	0	0
8036	53	82.8444	73.1751	2.86888	2.87488	0	0	0	0	0	0	0	0
8036	54	74.648	76.0031	2.68623	2.67876	0	0	0	0	0	0	0	0
8036	55	77.7555	76.3926	2.823	2.83013	0	0	0	0	0	0	0	0
8036	56	74.1857	85.1177	2.8223	2.76056	0	0	0	0	0	0	0	0
8036	57	80.7474	77.1352	2.84856	2.8438	0	0	0	0	0	0	0	0
8036	58	75.6264	72.7654	2.85923	2.87833	0	0	0	0	0	0	0	0
8036	59	84.8329	75.4456	2.8471	2.84805	0	0	0	0	0	0	0	0
8036	60	72.0725	74.4086	2.84034	2.81467	0	0	0	0	0	0	0	0
8036	61	71.5527	72.7086	3.03314	3.0354	0	0	0	0	0	0	0	0
8036	62	73.6852	76.1354	3.16875	3.18464	0	0	0	0	0	0	0	0
8036	63	71.6422	72.2143	3.24493	3.24878	0	0	0	0	0	0	0	0
8036	64	86.2818	80.7095	2.8494	2.89498	0	0	0	0	0	0	0	0
8036	65	83.9725	85.2256	2.51366	2.47527	0	0	0	0	0	0	0	0
8036	66	86.0501	90.9437	2.71548	2.73117	0	0	0	0	0	0	0	0
8036	67	88.6038	86.9882	2.53647	2.55254	0	0	0	0	0	0	0	0
8036	68	83.2534	82.6796	2.75628	2.74817	0	0	0	0	0	0	0	0
8036	69	83.8447	81.4134	2.63534	2.6624	0	0	0	0	0	0	0	0
8036	70	84.3051	79.4574	2.40646	2.41761	0	0	0	0	0	0	0	0
8036	71	83.8703	85.3583	2.81613	2.77311	0	0	0	0	0	0	0	0
8036	72	83.6065	84.3149	2.67038	2.6387	0	0	0	0	0	0	0	0
8036	73	89.0653	90.2315	2.57996	2.61279	0	0	0	0	0	0	0	0
8036	74	84.4104	87.5898	2.72725	2.6906	0	0	0	0	0	0	0	0
8036	75	87.2579	83.0365	2.88371	2.93543	0	0	0	0	0	0	0	0
8036	76	85.3101	81.1129	2.69183	2.72463	0	0	0	0	0	0	0	0
8036	77	85.6419	86.8015	2.87393	2.81522	0	0	0	0	0	0	0	0
8036	78	84.1015	86.1259	2.65578	2.60169	0	0	0	0	0	0	0	0
8036	79	85.6309	80.9053	2.71408	2.75987	0	0	0	0	0	0	0	0
8036	80	63.996	68.2791	4.00488	4.04694	0	0	0	0	0	0	0	0
8036	81	61.6305	61.0389	3.61402	3.62472	0	0	0	0	0	0	0	0
8036	82	58.0527	62.2244	3.38999	3.42715	0	0	0	0	0	0	0	0
8036	83	63.6273	65.0581	2.92634	2.94682	0	0	0	0	0	0	0	0
8036	84	66.691	66.2715	2.83953	2.8819	0	0	0	0	0	0	0	0
8036	85	66.4202	69.3469	2.6404	2.63334	0	0	0	0	0	0	0	0
8036	86	66.6897	64.9518	2.62026	2.63539	0	0	0	0	0	0	0	0
8036	87	62.7791	58.7442	2.56597	2.58047	0	0	0	0	0	0	0	0
8036	88	62.5237	64.7792	2.51585	2.5196	0	0	0	0	0	0	0	0
8036	89	70.7383	68.3656	2.58449	2.59305	0	0	0	0	0	0	0	0
8036	90	67.1972	68.4419	2.53753	2.50934	0	0	0	0	0	0	0	0
8036	91	60.4077	62.4383	2.70457	2.71449	0	0	0	0	0	0	0	0
8036	92	66.906	65.8278	2.65129	2.65712	0	0	0	0	0	0	0	0
8036	93	63.1242	67.5111	3.01339	2.99173	0	0	0	0	0	0	0	0
8036	94	61.2365	67.6559	2.77569	2.75276	0	0	0	0	0	0	0	0
8036	95	61.9	68.526	3.09935	3.09944	0	0	0	0	0	0	0	0
8036	96	70.0424	68.3272	2.35328	2.37363	0	0	0	0	0	0	0	0
8036	97	72.7286	71.3563	2.5946	2.55965	0	0	0	0	0	0	0	0
8036	98	73.7857	73.0607	2.38724	2.37085	0	0	0	0	0	0	0	0
8036	99	69.7369	64.2932	2.42792	2.46271	0	0	0	0	0	0	0	0
8036	100	70.702	72.2795	2.41851	2.39137	0	0	0	0	0	0	0	0
8036	101	72.9242	64.7225	2.38063	2.40102	0	0	0	0	0	0	0	0
8036	102	76.3345	70.8091	2.35241	2.36325	0	0	0	0	0	0	0	0
8036	103	73.0617	70.147	2.38429	2.37763	0	0	0	0	0	0	0	0
8036	104	73.0971	72.5421	2.65393	2.63679	0	0	0	0	0	0	0	0
8036	105	68.3202	67.5733	2.4366	2.41853	0	0	0	0	0	0	0	0
8036	106	67.6372	67.6483	2.45273	2.45426	0	0	0	0	0	0	0	0
8036	107	71.2713	70.5242	2.42787	2.41793	0	0	0	0	0	0	0	0
8036	108	64.9745	64.1297	2.47138	2.47199	0	0	0	0	0	0	0	0
8036	109	68.5284	68.1818	2.45524	2.45815	0	0	0	0	0	0	0	0
8036	110	66.8222	72.4402	2.40881	2.40124	0	0	0	0	0	0	0	0
8036	111	72.3485	72.9629	2.41247	2.42202	0	0	0	0	0	0	0	0
8036	112	55.7294	58.8228	2.26168	2.25434	0	0	0	0	0	0	0	0
8036	113	61.7009	60.4462	2.1978	2.15772	0	0	0	0	0	0	0	0
8036	114	66.6665	61.4425	2.11367	2.13787	0	0	0	0	0	0	0	0
8036	115	61.9522	68.3552	2.19141	2.11983	0	0	0	0	0	0	0	0
8036	116	64.9109	65.9404	2.16321	2.15783	0	0	0	0	0	0	0	0
8036	117	66.5833	69.143	2.06633	2.09119	0	0	0	0	0	0	0	0
8036	118	62.3228	63.8411	2.12054	2.08817	0	0	0	0	0	0	0	0
8036	119	59.2017	60.7642	2.14258	2.13107	0	0	0	0	0	0	0	0
8036	120	58.4533	61.8695	2.1672	2.15	0	0	0	0	0	0	0	0
8036	121	61.0853	60.8466	2.15386	2.1588	0	0	0	0	0	0	0	0
8036	122	64.4585	63.3801	2.13409	2.13913	0	0	0	0	0	0	0	0
8036	123	60.3642	59.5184	2.1568	2.1322	0	0	0	0	0	0	0	0
8036	124	60.6968	63.9731	2.13622	2.08771	0	0	0	0	0	0	0	0
8036	125	61.6873	56.8175	2.16198	2.15527	0	0	0	0	0	0	0	0
8036	126	63.9255	66.9196	2.11384	2.08188	0	0	0	0	0	0	0	0
8036	127	59.9128	58.8273	2.22745	2.21688	0	0	0	0	0	0	0	0
8091	0	68.8948	71.4011	2.7563	2.75693	0	0	0	0	0	0	0	0
8091	1	71.3705	74.0018	2.62439	2.64283	0	0	0	0	0	0	0	0
8091	2	70.5442	71.9053	2.77421	2.76862	0	0	0	0	0	0	0	0
8091	3	72.4415	75.859	2.75591	2.72974	0	0	0	0	0	0	0	0
8091	4	75.7112	74.9935	2.6762	2.68309	0	0	0	0	0	0	0	0
8091	5	77.0142	77.8702	2.70034	2.7133	0	0	0	0	0	0	0	0
8091	6	75.4835	63.8666	2.58846	2.62592	0	0	0	0	0	0	0	0
8091	7	68.3861	71.6575	2.63712	2.65395	0	0	0	0	0	0	0	0
8091	8	72.5959	72.8965	2.7622	2.75439	0	0	0	0	0	0	0	0
8091	9	70.5006	72.9432	2.75334	2.76173	0	0	0	0	0	0	0	0
8091	10	70.4246	74.2561	2.89902	2.89512	0	0	0	0	0	0	0	0
8091	11	73.0009	74.4663	2.74477	2.74116	0	0	0	0	0	0	0	0
8091	12	73.6252	72.8825	2.80887	2.84694	0	0	0	0	0	0	0	0
8091	13	72.8718	71.2925	2.72063	2.73466	0	0	0	0	0	0	0	0
8091	14	73.6694	73.3825	2.62815	2.67085	0	0	0	0	0	0	0	0
8091	15	75.7678	72.719	2.64549	2.65964	0	0	0	0	0	0	0	0
8091	16	69.75	67.7832	2.23876	2.22486	0	0	0	0	0	0	0	0
8091	17	66.1993	64.6591	2.41455	2.41895	0	0	0	0	0	0	0	0
8091	18	66.7064	71.5359	2.22709	2.20231	0	0	0	0	0	0	0	0
8091	19	66.3535	68.4828	2.41948	2.37185	0	0	0	0	0	0	0	0
8091	20	71.0343	75.0779	2.18685	2.21322	0	0	0	0	0	0	0	0
8091	21	59.9367	67.1123	2.382	2.3509	0	0	0	0	0	0	0	0
8091	22	66.7075	67.0203	2.34582	2.31846	0	0	0	0	0	0	0	0
8091	23	70.3204	62.3835	2.1657	2.22495	0	0	0	0	0	0	0	0
8091	24	66.8531	66.2658	2.17398	2.15007	0	0	0	0	0	0	0	0
8091	25	65.6101	61.4364	2.20741	2.21361	0	0	0	0	0	0	0	0
8091	26	63.0145	62.0638	2.17852	2.15197	0	0	0	0	0	0	0	0
8091	27	60.8018	61.2141	2.41603	2.38974	0	0	0	0	0	0	0	0
8091	28	60.3283	67.9839	2.1644	2.12594	0	0	0	0	0	0	0	0
8091	29	63.6665	62.2946	2.43258	2.39711	0	0	0	0	0	0	0	0
8091	30	58.8987	62.6637	2.36084	2.34282	0	0	0	0	0	0	0	0
8091	31	65.4141	62.9505	2.54246	2.55884	0	0	0	0	0	0	0	0
8091	32	68.6885	66.2242	2.51866	2.54069	0	0	0	0	0	0	0	0
8091	33	67.3625	63.9436	2.41056	2.43591	0	0	0	0	0	0	0	0
8091	34	63.4012	63.8343	2.5942	2.62508	0	0	0	0	0	0	0	0
8091	35	62.4524	64.4723	2.44985	2.47029	0	0	0	0	0	0	0	0
8091	36	64.2597	69.119	2.57191	2.53819	0	0	0	0	0	0	0	0
8091	37	65.5997	68.1453	2.40114	2.38736	0	0	0	0	0	0	0	0
8091	38	64.2154	62.3917	2.53757	2.55475	0	0	0	0	0	0	0	0
8091	39	68.2469	68.9633	2.36196	2.3614	0	0	0	0	0	0	0	0
8091	40	63.0422	64.4718	2.61378	2.62001	0	0	0	0	0	0	0	0
8091	41	60.3413	68.2706	2.5824	2.50928	0	0	0	0	0	0	0	0
8091	42	70.821	62.1614	2.65177	2.67609	0	0	0	0	0	0	0	0
8091	43	64.4503	62.8836	2.34147	2.34856	0	0	0	0	0	0	0	0
8091	44	71.1002	67.1812	2.91588	2.95827	0	0	0	0	0	0	0	0
8091	45	60.3245	60.194	2.403	2.40128	0	0	0	0	0	0	0	0
8091	46	69.9138	69.2245	2.58316	2.61493	0	0	0	0	0	0	0	0
8091	47	59.8884	65.7599	2.27431	2.25344	0	0	0	0	0	0	0	0
8091	48	73.6673	72.5028	2.30518	2.31672	0	0	0	0	0	0	0	0
8091	49	78.3536	69.6758	2.61556	2.63664	0	0	0	0	0	0	0	0
8091	50	83.6111	79.5361	2.52253	2.53796	0	0	0	0	0	0	0	0
8091	51	74.7022	77.6746	2.56579	2.60944	0	0	0	0	0	0	0	0
8091	52	73.4522	69.6539	2.31696	2.30392	0	0	0	0	0	0	0	0
8091	53	76.2247	80.0557	2.59342	2.60179	0	0	0	0	0	0	0	0
8091	54	67.5107	77.5564	2.50183	2.53051	0	0	0	0	0	0	0	0
8091	55	69.9909	69.2988	2.41912	2.4338	0	0	0	0	0	0	0	0
8091	56	70.9832	72.0363	2.41463	2.40849	0	0	0	0	0	0	0	0
8091	57	68.0142	71.4998	2.47484	2.48781	0	0	0	0	0	0	0	0
8091	58	73.6299	77.0127	2.35459	2.3275	0	0	0	0	0	0	0	0
8091	59	76.2695	65.5086	2.6258	2.66618	0	0	0	0	0	0	0	0
8091	60	73.5642	74.2558	2.50997	2.50208	0	0	0	0	0	0	0	0
8091	61	79.3268	75.1764	2.54175	2.58416	0	0	0	0	0	0	0	0
8091	62	72.4869	67.8623	2.58305	2.59762	0	0	0	0	0	0	0	0
8091	63	71.1134	68.8852	2.61432	2.63801	0	0	0	0	0	0	0	0
8091	64	68.6357	67.3857	2.74454	2.74173	0	0	0	0	0	0	0	0
8091	65	68.039	70.13	2.04525	2.01845	0	0	0	0	0	0	0	0
8091	66	70.3435	68.2216	2.05603	2.05304	0	0	0	0	0	0	0	0
8091	67	72.5846	74.6772	2.09325	2.06572	0	0	0	0	0	0	0	0
8091	68	71.9117	69.7226	2.1336	2.15993	0	0	0	0	0	0	0	0
8091	69	64.8705	68.0178	2.00362	1.99301	0	0	0	0	0	0	0	0
8091	70	65.0434	69.3039	2.03521	2.03224	0	0	0	0	0	0	0	0
8091	71	70.8396	74.0137	2.02743	2.02163	0	0	0	0	0	0	0	0
8091	72	68.305	66.8596	2.59932	2.60335	0	0	0	0	0	0	0	0
8091	73	67.6369	71.7022	2.25735	2.20974	0	0	0	0	0	0	0	0
8091	74	70.838	75.4395	2.03241	2.00321	0	0	0	0	0	0	0	0
8091	75	65.51	65.2829	2.10493	2.10492	0	0	0	0	0	0	0	0
8091	76	70.3786	71.8383	2.1036	2.08891	0	0	0	0	0	0	0	0
8091	77	70.9224	70.1545	3.07211	3.02649	0	0	0	0	0	0	0	0
8091	78	72.1072	71.0682	4.48755	4.48938	0	0	0	0	0	0	0	0
8091	79	69.1177	71.06	2.35735	2.3446	0	0	0	0	0	0	0	0
8091	80	63.8429	61.8321	4.15265	4.08115	0	0	0	0	0	0	0	0
8091	81	54.3572	53.7753	3.42878	3.44462	0	0	0	0	0	0	0	0
8091	82	69.9678	61.9064	3.61333	3.49174	0	0	0	0	0	0	0	0
8091	83	58.6335	63.6886	3.34322	3.31872	0	0	0	0	0	0	0	0
8091	84	63.885	59.9501	3.11964	3.11953	0	0	0	0	0	0	0	0
8091	85	61.266	57.6564	2.79325	2.81538	0	0	0	0	0	0	0	0
8091	86	61.4616	59.04	2.82667	2.82085	0	0	0	0	0	0	0	0
8091	87	53.3212	59.0871	2.71858	2.70792	0	0	0	0	0	0	0	0
8091	88	55.0597	57.1993	2.79988	2.79795	0	0	0	0	0	0	0	0
8091	89	56.9451	57.4412	2.78857	2.81327	0	0	0	0	0	0	0	0
8091	90	60.268	61.1974	2.77382	2.74376	0	0	0	0	0	0	0	0
8091	91	59.8932	62.8159	2.83927	2.81672	0	0	0	0	0	0	0	0
8091	92	55.6092	58.3594	3.43962	3.44508	0	0	0	0	0	0	0	0
8091	93	57.3882	59.9887	3.1515	3.15806	0	0	0	0	0	0	0	0
8091	94	63.7078	60.9921	2.90495	2.90709	0	0	0	0	0	0	0	0
8091	95	57.821	60.537	3.38711	3.35308	0	0	0	0	0	0	0	0
8091	96	74.3227	74.7995	2.21913	2.20974	0	0	0	0	0	0	0	0
8091	97	79.2589	77.5369	2.18171	2.17872	0	0	0	0	0	0	0	0
8091	98	75.8824	71.9534	2.23971	2.20824	0	0	0	0	0	0	0	0
8091	99	79.8621	78.6464	2.11911	2.11884	0	0	0	0	0	0	0	0
8091	100	77.9248	75.5194	2.17408	2.1599	0	0	0	0	0	0	0	0
8091	101	74.6054	75.0466	2.28867	2.25562	0	0	0	0	0	0	0	0
8091	102	78.6433	81.1597	2.19941	2.15242	0	0	0	0	0	0	0	0
8091	103	75.8393	79.7785	2.29451	2.25588	0	0	0	0	0	0	0	0
8091	104	72.8871	74.262	2.25599	2.22772	0	0	0	0	0	0	0	0
8091	105	75.7244	73.0476	2.15855	2.15213	0	0	0	0	0	0	0	0
8091	106	79.2229	78.5217	2.35015	2.33956	0	0	0	0	0	0	0	0
8091	107	75.3837	79.9337	2.26668	2.20949	0	0	0	0	0	0	0	0
8091	108	76.0049	74.2123	2.27302	2.25939	0	0	0	0	0	0	0	0
8091	109	79.1212	78.5712	2.13017	2.10682	0	0	0	0	0	0	0	0
8091	110	72.6855	74.7558	2.20724	2.17437	0	0	0	0	0	0	0	0
8091	111	75.3712	77.6263	2.18258	2.19745	0	0	0	0	0	0	0	0
8091	112	75.489	78.1721	2.1415	2.13509	0	0	0	0	0	0	0	0
8091	113	83.3076	82.8029	2.06849	2.0663	0	0	0	0	0	0	0	0
8091	114	79.086	80.4662	2.15106	2.16014	0	0	0	0	0	0	0	0
8091	115	79.5084	84.4803	2.09545	1.99834	0	0	0	0	0	0	0	0
8091	116	78.0368	79.1762	2.28648	2.28946	0	0	0	0	0	0	0	0
8091	117	74.1355	77.5861	2.06034	2.06178	0	0	0	0	0	0	0	0
8091	118	76.6947	78.5322	2.15416	2.16977	0	0	0	0	0	0	0	0
8091	119	82.2946	81.3984	2.04715	2.04619	0	0	0	0	0	0	0	0
8091	120	81.2132	85.283	2.07227	2.04211	0	0	0	0	0	0	0	0
8091	121	81.8459	81.0725	2.06335	2.04535	0	0	0	0	0	0	0	0
8091	122	75.4652	78.9786	2.14297	2.10454	0	0	0	0	0	0	0	0
8091	123	74.3474	74.9656	2.11074	2.1083	0	0	0	0	0	0	0	0
8091	124	74.7978	76.0035	2.0819	2.07245	0	0	0	0	0	0	0	0
8091	125	75.7834	77.0303	2.07964	2.06581	0	0	0	0	0	0	0	0
8091	126	73.2249	74.6729	2.13678	2.13154	0	0	0	0	0	0	0	0
8091	127	80.3539	81.14	2.08216	2.08787	0	0	0	0	0	0	0	0
8097	0	57.1585	54.6081	2.45724	2.43091	0	0	0	0	0	0	0	0
8097	1	58.395	60.9925	2.4019	2.3771	0	0	0	0	0	0	0	0
8097	2	63.7702	60.0954	2.49622	2.48743	0	0	0	0	0	0	0	0
8097	3	61.8866	60.1546	2.72357	2.72917	0	0	0	0	0	0	0	0
8097	4	65.687	69.3589	2.37031	2.39854	0	0	0	0	0	0	0	0
8097	5	63.7864	59.524	2.5895	2.59509	0	0	0	0	0	0	0	0
8097	6	64.1387	60.5303	2.41461	2.42589	0	0	0	0	0	0	0	0
8097	7	65.7209	65.0174	2.6109	2.62084	0	0	0	0	0	0	0	0
8097	8	62.3203	66.3608	2.90754	2.88294	0	0	0	0	0	0	0	0
8097	9	63.289	63.0155	2.79286	2.74161	0	0	0	0	0	0	0	0
8097	10	60.0002	62.6496	2.58707	2.52547	0	0	0	0	0	0	0	0
8097	11	65.7798	63.0884	2.73131	2.74113	0	0	0	0	0	0	0	0
8097	12	61.1384	56.6785	2.5052	2.44859	0	0	0	0	0	0	0	0
8097	13	60.3734	59.0388	2.64586	2.61187	0	0	0	0	0	0	0	0
8097	14	64.8717	57.1871	2.55643	2.5744	0	0	0	0	0	0	0	0
8097	15	63.7191	54.5328	2.30998	2.32333	0	0	0	0	0	0	0	0
8097	16	66.7996	74.8836	2.71575	2.71619	0	0	0	0	0	0	0	0
8097	17	68.3645	68.7702	2.91807	2.91818	0	0	0	0	0	0	0	0
8097	18	75.9538	71.9903	2.75519	2.74644	0	0	0	0	0	0	0	0
8097	19	71.2583	70.717	2.87917	2.88156	0	0	0	0	0	0	0	0
8097	20	72.554	59.259	2.75166	2.785	0	0	0	0	0	0	0	0
8097	21	64.3523	66.5276	2.94919	2.91518	0	0	0	0	0	0	0	0
8097	22	64.1713	67.7721	2.71192	2.70257	0	0	0	0	0	0	0	0
8097	23	65.2874	59.003	2.77457	2.77622	0	0	0	0	0	0	0	0
8097	24	69.1158	69.8024	2.91365	2.96674	0	0	0	0	0	0	0	0
8097	25	64.8355	63.959	2.78945	2.77057	0	0	0	0	0	0	0	0
8097	26	59.9409	59.785	2.75114	2.7552	0	0	0	0	0	0	0	0
8097	27	56.5605	64.781	2.79752	2.77295	0	0	0	0	0	0	0	0
8097	28	66.1253	66.3632	2.85115	2.86845	0	0	0	0	0	0	0	0
8097	29	68.7559	64.9879	3.17203	3.21822	0	0	0	0	0	0	0	0
8097	30	70.7412	66.1886	2.6243	2.66414	0	0	0	0	0	0	0	0
8097	31	61.4387	65.6301	2.7446	2.76024	0	0	0	0	0	0	0	0
8097	32	48.9599	48.5724	2.7842	2.76313	0	0	0	0	0	0	0	0
8097	33	52.0262	56.1518	2.84209	2.79133	0	0	0	0	0	0	0	0
8097	34	58.0378	62.8389	2.67931	2.6894	0	0	0	0	0	0	0	0
8097	35	51.5499	51.1184	2.60917	2.54997	0	0	0	0	0	0	0	0
8097	36	54.837	59.1953	2.5463	2.52433	0	0	0	0	0	0	0	0
8097	37	56.5551	48.8174	2.48618	2.5245	0	0	0	0	0	0	0	0
8097	38	55.2199	54.0412	2.67128	2.6544	0	0	0	0	0	0	0	0
8097	39	54.0639	49.4608	2.37203	2.40302	0	0	0	0	0	0	0	0
8097	40	48.7167	52.7384	2.57606	2.56041	0	0	0	0	0	0	0	0
8097	41	51.4558	59.4121	2.46228	2.40029	0	0	0	0	0	0	0	0
8097	42	50.814	54.7633	2.56485	2.51541	0	0	0	0	0	0	0	0
8097	43	59.7447	57.3583	2.53268	2.52601	0	0	0	0	0	0	0	0
8097	44	57.0885	56.8453	2.60476	2.61689	0	0	0	0	0	0	0	0
8097	45	55.3664	59.5282	2.44577	2.44227	0	0	0	0	0	0	0	0
8097	46	55.546	56.0485	2.43899	2.3983	0	0	0	0	0	0	0	0
8097	47	51.9266	55.1757	2.45634	2.40752	0	0	0	0	0	0	0	0
8097	48	72.4053	74.0843	2.60277	2.57314	0	0	0	0	0	0	0	0
8097	49	72.99	74.6614	2.38767	2.37641	0	0	0	0	0	0	0	0
8097	50	80.3915	66.0563	2.32413	2.33315	0	0	0	0	0	0	0	0
8097	51	71.1709	70.3644	2.36901	2.39856	0	0	0	0	0	0	0	0
8097	52	77.8772	80.86	2.27614	2.30201	0	0	0	0	0	0	0	0
8097	53	79.8915	76.3926	2.9128	2.91335	0	0	0	0	0	0	0	0
8097	54	72.7062	78.4478	2.80903	2.8036	0	0	0	0	0	0	0	0
8097	55	74.3833	77.8458	2.85582	2.81528	0	0	0	0	0	0	0	0
8097	56	74.1009	76.7486	2.50686	2.51127	0	0	0	0	0	0	0	0
8097	57	75.0366	73.5862	2.63034	2.60022	0	0	0	0	0	0	0	0
8097	58	77.9489	74.139	2.49532	2.49629	0	0	0	0	0	0	0	0
8097	59	74.3251	72.0751	2.80345	2.78298	0	0	0	0	0	0	0	0
8097	60	66.0072	67.4074	2.53833	2.53177	0	0	0	0	0	0	0	0
8097	61	72.1776	69.9552	2.8968	2.88612	0	0	0	0	0	0	0	0
8097	62	72.3527	72.1374	2.78891	2.80514	0	0	0	0	0	0	0	0
8097	63	69.9052	71.3392	2.79214	2.78018	0	0	0	0	0	0	0	0
8097	64	75.3027	73.5415	2.51563	2.49608	0	0	0	0	0	0	0	0
8097	65	77.5339	72.7833	3.1118	3.12672	0	0	0	0	0	0	0	0
8097	66	68.9825	75.9145	2.40978	2.40713	0	0	0	0	0	0	0	0
8097	67	77.949	75.7831	2.46684	2.46541	0	0	0	0	0	0	0	0
8097	68	75.498	76.5378	2.56588	2.54027	0	0	0	0	0	0	0	0
8097	69	73.7338	79.1732	2.72686	2.68352	0	0	0	0	0	0	0	0
8097	70	78.4728	77.6346	2.39869	2.3988	0	0	0	0	0	0	0	0
8097	71	71.3917	66.1439	2.65922	2.64946	0	0	0	0	0	0	0	0
8097	72	76.6624	73.1973	2.40331	2.39695	0	0	0	0	0	0	0	0
8097	73	76.6253	79.0416	2.53484	2.50486	0	0	0	0	0	0	0	0
8097	74	75.2281	70.5352	2.74416	2.74606	0	0	0	0	0	0	0	0
8097	75	72.7032	72.7509	2.62317	2.59442	0	0	0	0	0	0	0	0
8097	76	78.5497	69.5836	3.47512	3.51225	0	0	0	0	0	0	0	0
8097	77	74.3098	75.6198	2.61527	2.62734	0	0	0	0	0	0	0	0
8097	78	76.1494	74.7286	2.50955	2.51928	0	0	0	0	0	0	0	0
8097	79	77.9942	72.8862	2.46938	2.50575	0	0	0	0	0	0	0	0
8097	80	48.5551	49.3908	4.03007	4.05057	0	0	0	0	0	0	0	0
8097	81	50.9794	49.1575	3.26029	3.25927	0	0	0	0	0	0	0	0
8097	82	51.1971	46.6345	3.36075	3.37076	0	0	0	0	0	0	0	0
8097	83	51.4051	47.0552	2.99063	2.98529	0	0	0	0	0	0	0	0
8097	84	52.096	54.2945	3.09724	3.10091	0	0	0	0	0	0	0	0
8097	85	52.8665	56.8225	2.76629	2.76175	0	0	0	0	0	0	0	0
8097	86	51.7933	52.1319	2.79612	2.84501	0	0	0	0	0	0	0	0
8097	87	50.5914	43.8652	2.63809	2.65052	0	0	0	0	0	0	0	0
8097	88	50.4881	51.0734	2.6036	2.61866	0	0	0	0	0	0	0	0
8097	89	55.7875	56.1669	2.55717	2.59107	0	0	0	0	0	0	0	0
8097	90	45.554	52.2995	3.0454	3.0161	0	0	0	0	0	0	0	0
8097	91	51.0993	53.3278	2.71157	2.69111	0	0	0	0	0	0	0	0
8097	92	51.3204	49.4272	2.90028	2.95405	0	0	0	0	0	0	0	0
8097	93	51.1609	53.9054	2.76918	2.76852	0	0	0	0	0	0	0	0
8097	94	51.374	48.5598	2.71722	2.73525	0	0	0	0	0	0	0	0
8097	95	47.7954	53.1527	3.04325	3.01566	0	0	0	0	0	0	0	0
8097	96	80.9959	79.3777	2.32678	2.32005	0	0	0	0	0	0	0	0
8097	97	83.1465	86.6865	2.28854	2.25389	0	0	0	0	0	0	0	0
8097	98	91.5418	92.1714	2.23095	2.2099	0	0	0	0	0	0	0	0
8097	99	82.4902	86.9546	2.23992	2.20343	0	0	0	0	0	0	0	0
8097	100	82.1049	84.7449	2.19645	2.17758	0	0	0	0	0	0	0	0
8097	101	86.1349	87.553	2.2699	2.30485	0	0	0	0	0	0	0	0
8097	102	91.5525	89.6943	2.22851	2.22476	0	0	0	0	0	0	0	0
8097	103	76.435	80.8744	2.17994	2.196	0	0	0	0	0	0	0	0
8097	104	79.4745	84.1193	2.25948	2.24307	0	0	0	0	0	0	0	0
8097	105	83.6055	84.4845	2.22697	2.21214	0	0	0	0	0	0	0	0
8097	106	84.018	81.6502	2.25376	2.2672	0	0	0	0	0	0	0	0
8097	107	88.8322	86.1435	2.29149	2.27751	0	0	0	0	0	0	0	0
8097	108	84.0614	81.3034	2.24884	2.29442	0	0	0	0	0	0	0	0
8097	109	82.2949	88.1714	2.32761	2.26518	0	0	0	0	0	0	0	0
8097	110	85.6568	86.8049	2.27755	2.27771	0	0	0	0	0	0	0	0
8097	111	84.0488	87.9843	2.22168	2.19917	0	0	0	0	0	0	0	0
8097	112	73.471	75.9655	2.48945	2.46839	0	0	0	0	0	0	0	0
8097	113	68.4685	70.2615	2.46518	2.45365	0	0	0	0	0	0	0	0
8097	114	68.4363	70.7003	2.4591	2.47099	0	0	0	0	0	0	0	0
8097	115	63.7796	69.1572	2.41084	2.37201	0	0	0	0	0	0	0	0
8097	116	71.0327	74.0264	2.46119	2.4508	0	0	0	0	0	0	0	0
8097	117	71.022	71.0004	2.41553	2.41167	0	0	0	0	0	0	0	0
8097	118	73.9445	65.3225	2.41181	2.44675	0	0	0	0	0	0	0	0
8097	119	63.2225	65.7331	2.40779	2.43522	0	0	0	0	0	0	0	0
8097	120	67.5842	68.57	2.49531	2.5167	0	0	0	0	0	0	0	0
8097	121	66.7452	72.1709	2.4247	2.4097	0	0	0	0	0	0	0	0
8097	122	77.2895	72.4891	2.4615	2.47168	0	0	0	0	0	0	0	0
8097	123	71.9656	74.8252	2.41137	2.3726	0	0	0	0	0	0	0	0
8097	124	70.4744	69.1251	2.51558	2.52956	0	0	0	0	0	0	0	0
8097	125	70.3781	69.1098	2.49568	2.4902	0	0	0	0	0	0	0	0
8097	126	72.0163	72.8561	2.45581	2.44179	0	0	0	0	0	0	0	0
8097	127	74.5323	73.5304	2.44993	2.4371	0	0	0	0	0	0	0	0
8058	0	69.816	64.5458	3.25495	3.2681	0	0	0	0	0	0	0	0
8058	1	74.1212	75.155	3.17946	3.17582	0	0	0	0	0	0	0	0
8058	2	70.8811	76.267	3.24308	3.21221	0	0	0	0	0	0	0	0
8058	3	73.6091	75.3382	3.37457	3.37259	0	0	0	0	0	0	0	0
8058	4	76.7007	80.574	3.30597	3.27646	0	0	0	0	0	0	0	0
8058	5	71.5397	73.0544	3.3449	3.31721	0	0	0	0	0	0	0	0
8058	6	69.3562	71.1479	3.14394	3.13591	0	0	0	0	0	0	0	0
8058	7	72.088	75.7319	3.2486	3.22309	0	0	0	0	0	0	0	0
8058	8	76.3302	75.0113	3.16602	3.13441	0	0	0	0	0	0	0	0
8058	9	70.375	69.3696	3.30494	3.31293	0	0	0	0	0	0	0	0
8058	10	74.2205	71.3929	3.32481	3.31159	0	0	0	0	0	0	0	0
8058	11	70.7878	66.4223	3.2018	3.20011	0	0	0	0	0	0	0	0
8058	12	70.0274	67.4771	3.20173	3.16911	0	0	0	0	0	0	0	0
8058	13	63.4746	68.5928	3.23504	3.18942	0	0	0	0	0	0	0	0
8058	14	71.1241	67.8306	3.18129	3.16398	0	0	0	0	0	0	0	0
8058	15	64.9736	68.5157	3.32248	3.30551	0	0	0	0	0	0	0	0
8058	16	68.1326	74.1983	2.39561	2.39539	0	0	0	0	0	0	0	0
8058	17	74.1139	75.6007	2.87227	2.86639	0	0	0	0	0	0	0	0
8058	18	63.0858	70.0394	2.62382	2.58863	0	0	0	0	0	0	0	0
8058	19	74.31	76.8009	2.76724	2.78893	0	0	0	0	0	0	0	0
8058	20	75.6107	74.7688	2.52084	2.53173	0	0	0	0	0	0	0	0
8058	21	71.6085	74.2764	3.00855	3.04874	0	0	0	0	0	0	0	0
8058	22	76.7449	71.5615	2.53872	2.5532	0	0	0	0	0	0	0	0
8058	23	75.9334	75.8355	4.13775	4.13131	0	0	0	0	0	0	0	0
8058	24	74.205	71.6811	2.89599	2.90117	0	0	0	0	0	0	0	0
8058	25	69.4584	64.0216	3.38762	3.39352	0	0	0	0	0	0	0	0
8058	26	70.9047	69.4865	3.01492	3.03498	0	0	0	0	0	0	0	0
8058	27	73.8731	72.7738	2.65519	2.66331	0	0	0	0	0	0	0	0
8058	28	69.5265	70.4993	4.17403	4.19428	0	0	0	0	0	0	0	0
8058	29	70.4511	60.7215	3.37806	3.3733	0	0	0	0	0	0	0	0
8058	30	72.9138	64.4519	2.74158	2.76358	0	0	0	0	0	0	0	0
8058	31	70.1093	64.5544	2.34636	2.35124	0	0	0	0	0	0	0	0
8058	32	69.5971	68.0675	3.32961	3.34338	0	0	0	0	0	0	0	0
8058	33	69.8313	66.7225	3.3352	3.36283	0	0	0	0	0	0	0	0
8058	34	71.8951	68.6443	3.29453	3.28928	0	0	0	0	0	0	0	0
8058	35	77.097	72.9343	3.27908	3.23977	0	0	0	0	0	0	0	0
8058	36	75.5739	73.88	3.3171	3.2928	0	0	0	0	0	0	0	0
8058	37	70.408	64.4218	3.31176	3.33317	0	0	0	0	0	0	0	0
8058	38	67.4602	69.0024	3.20607	3.21458	0	0	0	0	0	0	0	0
8058	39	69.7723	70.4514	3.38411	3.38765	0	0	0	0	0	0	0	0
8058	40	64.1849	69.819	3.30233	3.29423	0	0	0	0	0	0	0	0
8058	41	64.4601	65.3511	3.21033	3.21702	0	0	0	0	0	0	0	0
8058	42	73.4032	63.9533	3.27568	3.30788	0	0	0	0	0	0	0	0
8058	43	65.4556	69.6311	3.17002	3.18743	0	0	0	0	0	0	0	0
8058	44	66.0032	64.3951	3.35641	3.37198	0	0	0	0	0	0	0	0
8058	45	70.5815	68.4013	3.16354	3.15769	0	0	0	0	0	0	0	0
8058	46	69.4156	70.1223	3.17131	3.16558	0	0	0	0	0	0	0	0
8058	47	66.0765	67.0513	3.18759	3.1735	0	0	0	0	0	0	0	0
8058	48	75.2406	74.296	2.51254	2.53806	0	0	0	0	0	0	0	0
8058	49	78.4449	73.946	2.57823	2.59811	0	0	0	0	0	0	0	0
8058	50	76.605	70.5622	2.58815	2.60445	0	0	0	0	0	0	0	0
8058	51	76.2268	78.4737	2.64573	2.60858	0	0	0	0	0	0	0	0
8058	52	79.8361	81.4048	2.5014	2.52025	0	0	0	0	0	0	0	0
8058	53	81.0306	76.8422	2.65311	2.69583	0	0	0	0	0	0	0	0
8058	54	77.8919	79.5218	2.52165	2.50017	0	0	0	0	0	0	0	0
8058	55	82.3601	77.7146	2.5154	2.5255	0	0	0	0	0	0	0	0
8058	56	74.8898	77.3382	2.52982	2.50184	0	0	0	0	0	0	0	0
8058	57	77.9899	76.4551	2.66764	2.677	0	0	0	0	0	0	0	0
8058	58	77.6634	77.5215	2.57096	2.55959	0	0	0	0	0	0	0	0
8058	59	77.8354	75.3383	2.8263	2.8185	0	0	0	0	0	0	0	0
8058	60	75.0798	70.7642	2.66425	2.65654	0	0	0	0	0	0	0	0
8058	61	76.0101	76.3517	2.9548	2.93141	0	0	0	0	0	0	0	0
8058	62	76.927	76.6965	2.74163	2.74988	0	0	0	0	0	0	0	0
8058	63	70.4213	72.4025	2.90717	2.90588	0	0	0	0	0	0	0	0
8058	64	80.3927	84.6261	3.76212	3.78706	0	0	0	0	0	0	0	0
8058	65	90.6402	92.4875	2.44557	2.47285	0	0	0	0	0	0	0	0
8058	66	83.8785	91.2501	2.86705	2.87725	0	0	0	0	0	0	0	0
8058	67	89.6208	95.3698	2.64862	2.67635	0	0	0	0	0	0	0	0
8058	68	86.0321	93.7368	2.67927	2.6912	0	0	0	0	0	0	0	0
8058	69	84.9794	86.6827	2.59967	2.61167	0	0	0	0	0	0	0	0
8058	70	87.3386	88.2709	2.52452	2.57627	0	0	0	0	0	0	0	0
8058	71	87.0814	82.6414	2.80434	2.86462	0	0	0	0	0	0	0	0
8058	72	89.6588	88.617	2.71465	2.73622	0	0	0	0	0	0	0	0
8058	73	88.9699	83.6148	2.67018	2.69214	0	0	0	0	0	0	0	0
8058	74	82.4778	82.6973	3.8129	3.8545	0	0	0	0	0	0	0	0
8058	75	81.3074	85.9812	3.52091	3.50548	0	0	0	0	0	0	0	0
8058	76	90.0485	83.1931	2.76058	2.80593	0	0	0	0	0	0	0	0
8058	77	88.6201	88.1939	2.74488	2.76555	0	0	0	0	0	0	0	0
8058	78	83.8508	88.1629	3.20346	3.21296	0	0	0	0	0	0	0	0
8058	79	87.674	89.4503	2.92578	2.95467	0	0	0	0	0	0	0	0
8058	80	73.6504	74.7282	4.09504	4.07738	0	0	0	0	0	0	0	0
8058	81	70.768	69.5407	3.44601	3.49012	0	0	0	0	0	0	0	0
8058	82	73.5883	72.1554	3.56114	3.55758	0	0	0	0	0	0	0	0
8058	83	68.6714	67.8298	2.91532	2.91744	0	0	0	0	0	0	0	0
8058	84	69.7871	72.4302	2.89574	2.84466	0	0	0	0	0	0	0	0
8058	85	68.0146	70.9621	2.70265	2.6893	0	0	0	0	0	0	0	0
8058	86	71.2544	67.1678	2.63239	2.64013	0	0	0	0	0	0	0	0
8058	87	67.1975	68.8119	2.64237	2.64978	0	0	0	0	0	0	0	0
8058	88	71.7435	69.4928	2.67586	2.6944	0	0	0	0	0	0	0	0
8058	89	71.5831	69.1798	2.80828	2.84222	0	0	0	0	0	0	0	0
8058	90	71.809	72.5278	3.20479	3.16806	0	0	0	0	0	0	0	0
8058	91	70.1268	71.1089	2.62649	2.62687	0	0	0	0	0	0	0	0
8058	92	64.1679	70.7368	2.62699	2.6293	0	0	0	0	0	0	0	0
8058	93	70.5551	69.296	2.86532	2.90499	0	0	0	0	0	0	0	0
8058	94	68.7915	70.9394	2.7714	2.79384	0	0	0	0	0	0	0	0
8058	95	73.9479	71.0557	2.91107	2.94163	0	0	0	0	0	0	0	0
8058	96	70.6198	75.1216	2.40954	2.38985	0	0	0	0	0	0	0	0
8058	97	71.2513	67.6832	2.47649	2.46833	0	0	0	0	0	0	0	0
8058	98	76.4692	73.2545	2.47738	2.49937	0	0	0	0	0	0	0	0
8058	99	76.213	79.5932	2.42934	2.42709	0	0	0	0	0	0	0	0
8058	100	71.4038	73.4999	2.46417	2.43344	0	0	0	0	0	0	0	0
8058	101	76.6383	76.0177	2.48087	2.49142	0	0	0	0	0	0	0	0
8058	102	77.197	75.3652	2.45914	2.47586	0	0	0	0	0	0	0	0
8058	103	76.1386	69.0552	2.44577	2.4867	0	0	0	0	0	0	0	0
8058	104	76.5172	74.7101	2.40515	2.42821	0	0	0	0	0	0	0	0
8058	105	81.0497	76.9554	2.39029	2.40329	0	0	0	0	0	0	0	0
8058	106	72.9252	70.9472	2.46434	2.48413	0	0	0	0	0	0	0	0
8058	107	70.0669	69.7378	2.45814	2.47947	0	0	0	0	0	0	0	0
8058	108	75.5107	71.6865	2.42928	2.47184	0	0	0	0	0	0	0	0
8058	109	70.8059	76.0706	2.50916	2.49147	0	0	0	0	0	0	0	0
8058	110	74.7137	77.0875	2.47727	2.47528	0	0	0	0	0	0	0	0
8058	111	71.657	70.6767	2.46104	2.46929	0	0	0	0	0	0	0	0
8058	112	58.0252	60.8545	2.59007	2.62061	0	0	0	0	0	0	0	0
8058	113	68.9668	64.6032	2.50574	2.52912	0	0	0	0	0	0	0	0
8058	114	61.6601	59.1091	2.60083	2.60618	0	0	0	0	0	0	0	0
8058	115	59.4151	59.3123	2.57495	2.56152	0	0	0	0	0	0	0	0
8058	116	61.4779	59.8942	2.59521	2.60548	0	0	0	0	0	0	0	0
8058	117	66.4383	63.7357	2.47314	2.4872	0	0	0	0	0	0	0	0
8058	118	61.6741	64.3206	2.53447	2.49992	0	0	0	0	0	0	0	0
8058	119	61.9923	62.3649	2.56121	2.54836	0	0	0	0	0	0	0	0
8058	120	66.3504	61.7192	2.55051	2.62004	0	0	0	0	0	0	0	0
8058	121	61.9903	63.6366	2.60245	2.56447	0	0	0	0	0	0	0	0
8058	122	65.3322	60.1051	2.57567	2.63668	0	0	0	0	0	0	0	0
8058	123	57.9019	58.0015	2.63537	2.62665	0	0	0	0	0	0	0	0
8058	124	62.2279	61.2921	2.58689	2.59795	0	0	0	0	0	0	0	0
8058	125	62.9546	61.4773	2.60737	2.631	0	0	0	0	0	0	0	0
8058	126	59.2221	62.0037	2.5889	2.60671	0	0	0	0	0	0	0	0
8058	127	59.3759	58.2581	2.60266	2.59876	0	0	0	0	0	0	0	0
8041	0	67.7813	63.3867	2.23889	2.25741	0	0	0	0	0	0	0	0
8041	1	70.6791	66.6603	2.51337	2.51349	0	0	0	0	0	0	0	0
8041	2	63.3444	60.6824	2.31589	2.29861	0	0	0	0	0	0	0	0
8041	3	58.3372	65.6744	2.53226	2.51358	0	0	0	0	0	0	0	0
8041	4	62.91	64.2401	2.5292	2.51089	0	0	0	0	0	0	0	0
8041	5	66.003	63.7873	2.22581	2.26254	0	0	0	0	0	0	0	0
8041	6	68.9578	56.3222	2.10267	2.1591	0	0	0	0	0	0	0	0
8041	7	63.5795	61.2352	2.28096	2.29374	0	0	0	0	0	0	0	0
8041	8	61.4649	68.2121	2.55154	2.51949	0	0	0	0	0	0	0	0
8041	9	65.062	63.6097	2.18817	2.19295	0	0	0	0	0	0	0	0
8041	10	64.7562	66.0089	2.32001	2.30404	0	0	0	0	0	0	0	0
8041	11	58.7726	55.2113	2.23939	2.25495	0	0	0	0	0	0	0	0
8041	12	62.0566	62.0619	2.28887	2.30897	0	0	0	0	0	0	0	0
8041	13	63.8647	59.5917	3.56481	3.60445	0	0	0	0	0	0	0	0
8041	14	57.3341	65.3426	2.43738	2.45823	0	0	0	0	0	0	0	0
8041	15	62.3403	60.312	3.17613	3.19419	0	0	0	0	0	0	0	0
8041	16	75.7687	88.4528	2.26328	2.25003	0	0	0	0	0	0	0	0
8041	17	86.2956	80.7857	2.2242	2.23322	0	0	0	0	0	0	0	0
8041	18	82.1889	83.1796	2.13081	2.12764	0	0	0	0	0	0	0	0
8041	19	79.7751	80.3725	2.26831	2.2705	0	0	0	0	0	0	0	0
8041	20	79.1992	74.6777	2.14543	2.19653	0	0	0	0	0	0	0	0
8041	21	77.6829	77.1687	2.32117	2.31645	0	0	0	0	0	0	0	0
8041	22	79.6515	75.9836	2.10221	2.12508	0	0	0	0	0	0	0	0
8041	23	73.0507	75.7521	2.30935	2.32303	0	0	0	0	0	0	0	0
8041	24	81.3068	79.5739	2.16826	2.21425	0	0	0	0	0	0	0	0
8041	25	75.8846	82.0311	2.1826	2.18576	0	0	0	0	0	0	0	0
8041	26	78.4392	80.3048	2.58614	2.58218	0	0	0	0	0	0	0	0
8041	27	76.8053	76.1478	2.26455	2.28284	0	0	0	0	0	0	0	0
8041	28	76.7608	79.2591	2.70524	2.69008	0	0	0	0	0	0	0	0
8041	29	77.646	77.4587	2.3997	2.40983	0	0	0	0	0	0	0	0
8041	30	74.2934	76.6545	2.15453	2.13667	0	0	0	0	0	0	0	0
8041	31	81.7538	78.1924	2.10937	2.13692	0	0	0	0	0	0	0	0
8041	32	56.9177	54.7301	3.15415	3.14061	0	0	0	0	0	0	0	0
8041	33	58.8742	57.1656	2.86829	2.867	0	0	0	0	0	0	0	0
8041	34	57.9984	55.8127	2.99536	3.00749	0	0	0	0	0	0	0	0
8041	35	61.551	56.9669	2.91669	2.89333	0	0	0	0	0	0	0	0
8041	36	58.8982	51.7565	3.03863	3.0678	0	0	0	0	0	0	0	0
8041	37	55.611	56.8525	2.81187	2.80023	0	0	0	0	0	0	0	0
8041	38	58.9764	58.1439	3.08396	3.10151	0	0	0	0	0	0	0	0
8041	39	56.7429	51.4256	2.89964	2.94427	0	0	0	0	0	0	0	0
8041	40	56.7107	58.841	2.84438	2.85214	0	0	0	0	0	0	0	0
8041	41	57.8835	59.8754	2.80066	2.78277	0	0	0	0	0	0	0	0
8041	42	57.3045	51.2111	3.11845	3.16288	0	0	0	0	0	0	0	0
8041	43	50.8276	55.8	2.80487	2.78335	0	0	0	0	0	0	0	0
8041	44	55.5687	55.2823	3.08219	3.06901	0	0	0	0	0	0	0	0
8041	45	52.9489	50.4853	2.79094	2.8265	0	0	0	0	0	0	0	0
8041	46	53.7427	52.4329	2.94694	2.99151	0	0	0	0	0	0	0	0
8041	47	58.0615	55.1634	2.78713	2.81212	0	0	0	0	0	0	0	0
8041	48	65.0133	61.6716	2.40189	2.42489	0	0	0	0	0	0	0	0
8041	49	67.8498	65.3703	2.4872	2.48092	0	0	0	0	0	0	0	0
8041	50	62.786	72.5063	2.60881	2.57836	0	0	0	0	0	0	0	0
8041	51	69.1176	66.9145	2.69735	2.69717	0	0	0	0	0	0	0	0
8041	52	65.6064	72.3361	2.46473	2.44402	0	0	0	0	0	0	0	0
8041	53	60.2929	63.5553	2.54247	2.52334	0	0	0	0	0	0	0	0
8041	54	66.6589	63.8358	2.48644	2.50266	0	0	0	0	0	0	0	0
8041	55	64.8953	64.374	2.44819	2.4522	0	0	0	0	0	0	0	0
8041	56	65.3278	63.4622	2.42273	2.40856	0	0	0	0	0	0	0	0
8041	57	63.2754	57.6992	2.46883	2.50343	0	0	0	0	0	0	0	0
8041	58	61.476	64.8504	2.45488	2.45001	0	0	0	0	0	0	0	0
8041	59	66.1505	65.4552	2.71543	2.67989	0	0	0	0	0	0	0	0
8041	60	62.8898	60.2148	2.69247	2.69181	0	0	0	0	0	0	0	0
8041	61	66.2944	66.5078	3.13019	3.1042	0	0	0	0	0	0	0	0
8041	62	57.8799	66.4638	2.82091	2.76183	0	0	0	0	0	0	0	0
8041	63	55.2633	60.2165	2.96885	2.99287	0	0	0	0	0	0	0	0
8041	64	58.6328	56.1919	2.52496	2.52156	0	0	0	0	0	0	0	0
8041	65	64.3846	59.9076	2.5764	2.63302	0	0	0	0	0	0	0	0
8041	66	63.0038	62.8079	2.48553	2.52476	0	0	0	0	0	0	0	0
8041	67	68.1934	64.5045	2.8816	2.88343	0	0	0	0	0	0	0	0
8041	68	64.9911	62.7338	2.43574	2.44836	0	0	0	0	0	0	0	0
8041	69	64.0763	63.7489	2.47007	2.49155	0	0	0	0	0	0	0	0
8041	70	59.2937	61.2242	2.56074	2.53746	0	0	0	0	0	0	0	0
8041	71	60.7086	63.6876	2.48264	2.48485	0	0	0	0	0	0	0	0
8041	72	64.9558	62.6404	2.80093	2.85912	0	0	0	0	0	0	0	0
8041	73	58.0046	58.8383	2.6075	2.60481	0	0	0	0	0	0	0	0
8041	74	61.1395	64.0533	3.00556	2.97497	0	0	0	0	0	0	0	0
8041	75	63.1726	61.197	2.64042	2.65604	0	0	0	0	0	0	0	0
8041	76	61.6718	61.2112	2.48583	2.52082	0	0	0	0	0	0	0	0
8041	77	59.9655	59.7582	2.50586	2.52596	0	0	0	0	0	0	0	0
8041	78	58.4589	61.7484	2.56848	2.56308	0	0	0	0	0	0	0	0
8041	79	58.6572	63.6553	2.68592	2.66551	0	0	0	0	0	0	0	0
8041	80	78.5399	81.0669	4.64165	4.66965	0	0	0	0	0	0	0	0
8041	81	77.7105	81.9836	3.41783	3.4242	0	0	0	0	0	0	0	0
8041	82	78.3628	81.7041	3.75719	3.76653	0	0	0	0	0	0	0	0
8041	83	75.1107	79.3748	2.97171	2.96397	0	0	0	0	0	0	0	0
8041	84	87.4646	82.3633	3.16924	3.17125	0	0	0	0	0	0	0	0
8041	85	82.9357	81.4772	2.72535	2.74668	0	0	0	0	0	0	0	0
8041	86	77.3612	77.3629	3.24833	3.25299	0	0	0	0	0	0	0	0
8041	87	78.0513	72.482	2.73921	2.72394	0	0	0	0	0	0	0	0
8041	88	76.7481	75.5859	2.80609	2.81926	0	0	0	0	0	0	0	0
8041	89	77.974	82.2811	2.78817	2.80413	0	0	0	0	0	0	0	0
8041	90	81.1957	82.7583	2.88477	2.90057	0	0	0	0	0	0	0	0
8041	91	81.1442	75.6341	2.60763	2.63818	0	0	0	0	0	0	0	0
8041	92	74.1995	76.9717	2.71671	2.70841	0	0	0	0	0	0	0	0
8041	93	72.9661	72.3321	2.70458	2.70788	0	0	0	0	0	0	0	0
8041	94	77.8142	79.2036	2.75558	2.76353	0	0	0	0	0	0	0	0
8041	95	75.766	71.8418	2.80722	2.8204	0	0	0	0	0	0	0	0
8041	96	60.0733	62.7444	2.3474	2.31028	0	0	0	0	0	0	0	0
8041	97	61.9391	56.0255	2.33874	2.3502	0	0	0	0	0	0	0	0
8041	98	58.8224	56.6635	2.57487	2.55167	0	0	0	0	0	0	0	0
8041	99	55.227	52.5598	2.55285	2.52766	0	0	0	0	0	0	0	0
8041	100	60.6551	59.9688	2.35769	2.33327	0	0	0	0	0	0	0	0
8041	101	56.3489	55.4304	3.86066	3.86797	0	0	0	0	0	0	0	0
8041	102	57.0237	61.2477	2.50428	2.47385	0	0	0	0	0	0	0	0
8041	103	51.5753	51.7828	2.35132	2.35451	0	0	0	0	0	0	0	0
8041	104	57.0495	59.2194	2.44695	2.43121	0	0	0	0	0	0	0	0
8041	105	55.0324	61.6333	2.42963	2.38058	0	0	0	0	0	0	0	0
8041	106	57.3984	50.3096	2.46348	2.45809	0	0	0	0	0	0	0	0
8041	107	55.5893	53.129	2.4011	2.38827	0	0	0	0	0	0	0	0
8041	108	59.0825	57.4401	2.37186	2.3476	0	0	0	0	0	0	0	0
8041	109	52.9994	58.4799	2.40565	2.35384	0	0	0	0	0	0	0	0
8041	110	58.2327	53.6498	2.4377	2.43779	0	0	0	0	0	0	0	0
8041	111	55.3544	53.034	2.40229	2.40894	0	0	0	0	0	0	0	0
8041	112	70.6581	65.1621	2.95889	2.96552	0	0	0	0	0	0	0	0
8041	113	70.7865	72.4769	2.86813	2.83591	0	0	0	0	0	0	0	0
8041	114	70.9569	75.5991	3.01202	2.97343	0	0	0	0	0	0	0	0
8041	115	70.6161	72.9052	2.85256	2.81687	0	0	0	0	0	0	0	0
8041	116	72.6685	76.1575	2.93947	2.9423	0	0	0	0	0	0	0	0
8041	117	73.1318	74.8783	2.92933	2.89527	0	0	0	0	0	0	0	0
8041	118	73.5703	69.9496	2.91803	2.8782	0	0	0	0	0	0	0	0
8041	119	74.6065	77.2008	2.85374	2.83692	0	0	0	0	0	0	0	0
8041	120	74.3437	77.1574	2.94314	2.91661	0	0	0	0	0	0	0	0
8041	121	71.0807	67.163	2.93079	2.90366	0	0	0	0	0	0	0	0
8041	122	73.1688	69.7986	3.02529	3.00284	0	0	0	0	0	0	0	0
8041	123	71.5898	68.6046	2.90581	2.87188	0	0	0	0	0	0	0	0
8041	124	72.757	71.6662	3.07433	3.06473	0	0	0	0	0	0	0	0
8041	125	71.0006	74.6877	2.90833	2.88889	0	0	0	0	0	0	0	0
8041	126	76.128	74.0157	2.9132	2.89449	0	0	0	0	0	0	0	0
8041	127	69.161	68.2022	2.91563	2.86241	0	0	0	0	0	0	0	0
8067	0	72.3531	69.4008	2.22243	2.22741	0	0	0	0	0	0	0	0
8067	1	70.5512	73.3323	2.24453	2.26154	0	0	0	0	0	0	0	0
8067	2	73.2669	74.7597	2.22965	2.27368	0	0	0	0	0	0	0	0
8067	3	66.0693	66.8078	2.33014	2.30149	0	0	0	0	0	0	0	0
8067	4	72.6732	78.4617	2.27132	2.30268	0	0	0	0	0	0	0	0
8067	5	73.6444	68.2277	2.23153	2.228	0	0	0	0	0	0	0	0
8067	6	67.1459	70.4211	2.18691	2.17939	0	0	0	0	0	0	0	0
8067	7	67.1503	64.2446	2.24665	2.26709	0	0	0	0	0	0	0	0
8067	8	68.4104	65.3848	2.4315	2.4187	0	0	0	0	0	0	0	0
8067	9	64.5943	63.1339	2.28849	2.28343	0	0	0	0	0	0	0	0
8067	10	72.2263	73.4848	2.36306	2.36747	0	0	0	0	0	0	0	0
8067	11	63.9282	59.6039	2.83329	2.82843	0	0	0	0	0	0	0	0
8067	12	64.2893	64.4183	2.36316	2.36081	0	0	0	0	0	0	0	0
8067	13	64.3838	67.6811	3.22349	3.21986	0	0	0	0	0	0	0	0
8067	14	69.3967	73.6489	2.25305	2.25553	0	0	0	0	0	0	0	0
8067	15	67.7535	66.1063	2.2548	2.25866	0	0	0	0	0	0	0	0
8067	16	71.9053	75.3714	2.3327	2.31055	0	0	0	0	0	0	0	0
8067	17	77.2036	79.2307	2.39381	2.46048	0	0	0	0	0	0	0	0
8067	18	69.9218	73.7498	2.60833	2.64221	0	0	0	0	0	0	0	0
8067	19	69.7898	71.4089	2.77842	2.76679	0	0	0	0	0	0	0	0
8067	20	67.9188	64.1158	2.32732	2.33248	0	0	0	0	0	0	0	0
8067	21	76.6663	70.5179	2.46991	2.49001	0	0	0	0	0	0	0	0
8067	22	71.2232	75.3148	2.36949	2.37249	0	0	0	0	0	0	0	0
8067	23	76.3255	75.7669	2.82077	2.83825	0	0	0	0	0	0	0	0
8067	24	75.6391	78.4802	2.33574	2.35282	0	0	0	0	0	0	0	0
8067	25	64.5586	69.0582	2.28748	2.3285	0	0	0	0	0	0	0	0
8067	26	82.035	71.4384	2.4149	2.42209	0	0	0	0	0	0	0	0
8067	27	70.0391	67.9321	2.43694	2.43262	0	0	0	0	0	0	0	0
8067	28	74.3366	78.898	2.41094	2.446	0	0	0	0	0	0	0	0
8067	29	69.3596	69.6852	2.53235	2.5304	0	0	0	0	0	0	0	0
8067	30	72.5285	69.824	2.41622	2.40421	0	0	0	0	0	0	0	0
8067	31	72.1004	62.6887	2.57982	2.59167	0	0	0	0	0	0	0	0
8067	32	74.6608	76.1251	2.62771	2.61429	0	0	0	0	0	0	0	0
8067	33	81.8936	79.6722	2.59542	2.63178	0	0	0	0	0	0	0	0
8067	34	85.1821	81.8954	2.6929	2.71877	0	0	0	0	0	0	0	0
8067	35	77.4561	77.8319	2.41997	2.42618	0	0	0	0	0	0	0	0
8067	36	81.0989	80.9593	2.67977	2.67786	0	0	0	0	0	0	0	0
8067	37	76.9909	81.7799	2.73795	2.76276	0	0	0	0	0	0	0	0
8067	38	74.5156	68.5262	2.53442	2.57761	0	0	0	0	0	0	0	0
8067	39	82.4568	82.4738	2.42751	2.43638	0	0	0	0	0	0	0	0
8067	40	75.7645	84.3833	2.58198	2.52261	0	0	0	0	0	0	0	0
8067	41	84.5404	82.9961	2.41614	2.46112	0	0	0	0	0	0	0	0
8067	42	78.7383	75.2499	2.67489	2.69815	0	0	0	0	0	0	0	0
8067	43	77.3616	80.2877	2.49554	2.50329	0	0	0	0	0	0	0	0
8067	44	76.582	81.1333	2.77978	2.76014	0	0	0	0	0	0	0	0
8067	45	74.1558	79.6291	2.42903	2.41909	0	0	0	0	0	0	0	0
8067	46	74.7485	77.2035	2.53788	2.54128	0	0	0	0	0	0	0	0
8067	47	70.8504	72.9516	2.40998	2.41021	0	0	0	0	0	0	0	0
8067	48	81.8065	74.8386	2.46524	2.50586	0	0	0	0	0	0	0	0
8067	49	83.7591	84.1613	2.49154	2.47586	0	0	0	0	0	0	0	0
8067	50	84.604	85.6496	2.48426	2.4744	0	0	0	0	0	0	0	0
8067	51	76.1426	79.0836	2.75283	2.77922	0	0	0	0	0	0	0	0
8067	52	81.6219	81.3802	2.70108	2.72262	0	0	0	0	0	0	0	0
8067	53	85.0055	81.21	2.54384	2.61803	0	0	0	0	0	0	0	0
8067	54	83.413	77.4819	2.71966	2.77799	0	0	0	0	0	0	0	0
8067	55	77.1264	80.5221	2.66882	2.67733	0	0	0	0	0	0	0	0
8067	56	75.982	78.0985	2.62604	2.63454	0	0	0	0	0	0	0	0
8067	57	74.0514	79.0012	2.97233	3.00154	0	0	0	0	0	0	0	0
8067	58	77.1774	82.1735	2.94126	2.9386	0	0	0	0	0	0	0	0
8067	59	86.8754	78.1488	2.90621	2.96391	0	0	0	0	0	0	0	0
8067	60	77.1639	81.417	2.82227	2.84719	0	0	0	0	0	0	0	0
8067	61	80.6547	84.8305	2.87663	2.82653	0	0	0	0	0	0	0	0
8067	62	80.1282	80.4987	2.81144	2.82614	0	0	0	0	0	0	0	0
8067	63	79.6687	80.4285	2.87403	2.85518	0	0	0	0	0	0	0	0
8067	64	59.2423	52.3172	2.2943	2.2906	0	0	0	0	0	0	0	0
8067	65	62.0155	58.6033	2.33939	2.38049	0	0	0	0	0	0	0	0
8067	66	62.8295	60.3414	2.34088	2.35386	0	0	0	0	0	0	0	0
8067	67	61.6809	59.5305	2.98911	2.94972	0	0	0	0	0	0	0	0
8067	68	62.3628	58.7811	2.71585	2.74018	0	0	0	0	0	0	0	0
8067	69	59.4298	61.0862	2.27892	2.30324	0	0	0	0	0	0	0	0
8067	70	61.1828	57.7335	3.34919	3.37079	0	0	0	0	0	0	0	0
8067	71	62.4304	64.3051	2.27766	2.28571	0	0	0	0	0	0	0	0
8067	72	58.1596	57.8452	2.3391	2.34081	0	0	0	0	0	0	0	0
8067	73	59.0648	60.559	3.38802	3.36983	0	0	0	0	0	0	0	0
8067	74	62.7047	66.9731	2.21808	2.21954	0	0	0	0	0	0	0	0
8067	75	60.311	64.0572	2.37473	2.39097	0	0	0	0	0	0	0	0
8067	76	61.1413	59.5337	2.50268	2.51556	0	0	0	0	0	0	0	0
8067	77	63.9235	65.3927	2.66889	2.68375	0	0	0	0	0	0	0	0
8067	78	63.7759	57.9927	2.31074	2.34036	0	0	0	0	0	0	0	0
8067	79	64.3131	61.1339	2.41076	2.47214	0	0	0	0	0	0	0	0
8067	80	62.3338	61.2413	4.17009	4.17105	0	0	0	0	0	0	0	0
8067	81	64.6591	63.7927	3.21031	3.18475	0	0	0	0	0	0	0	0
8067	82	67.7873	64.4905	3.26184	3.23579	0	0	0	0	0	0	0	0
8067	83	64.3267	59.6502	3.19462	3.19925	0	0	0	0	0	0	0	0
8067	84	65.0599	63.7773	2.78036	2.79101	0	0	0	0	0	0	0	0
8067	85	65.5298	64.0323	2.54977	2.52945	0	0	0	0	0	0	0	0
8067	86	55.9325	64.7287	2.63263	2.58603	0	0	0	0	0	0	0	0
8067	87	60.4985	63.1617	3.05571	3.06127	0	0	0	0	0	0	0	0
8067	88	59.5887	61.0231	2.76282	2.75247	0	0	0	0	0	0	0	0
8067	89	61.3771	63.9442	2.45475	2.46147	0	0	0	0	0	0	0	0
8067	90	66.0961	64.1047	2.58714	2.58844	0	0	0	0	0	0	0	0
8067	91	60.1243	61.9777	2.72103	2.72074	0	0	0	0	0	0	0	0
8067	92	59.0586	58.6861	3.53181	3.55197	0	0	0	0	0	0	0	0
8067	93	54.3251	55.7061	2.9409	2.93465	0	0	0	0	0	0	0	0
8067	94	64.6191	64.5351	2.72912	2.74943	0	0	0	0	0	0	0	0
8067	95	57.9668	61.809	2.77206	2.78473	0	0	0	0	0	0	0	0
8067	96	77.684	74.1675	2.24334	2.28211	0	0	0	0	0	0	0	0
8067	97	76.4523	75.1856	2.22546	2.23228	0	0	0	0	0	0	0	0
8067	98	73.2496	76.9061	2.23284	2.2254	0	0	0	0	0	0	0	0
8067	99	75.5846	75.6846	2.45282	2.43229	0	0	0	0	0	0	0	0
8067	100	79.2163	76.5216	2.20891	2.23485	0	0	0	0	0	0	0	0
8067	101	85.7253	79.5093	2.32907	2.32662	0	0	0	0	0	0	0	0
8067	102	76.8846	78.4053	2.25147	2.24399	0	0	0	0	0	0	0	0
8067	103	74.2806	76.3742	2.24227	2.23536	0	0	0	0	0	0	0	0
8067	104	73.5237	75.5965	2.30003	2.273	0	0	0	0	0	0	0	0
8067	105	73.7862	74.7597	2.30737	2.30771	0	0	0	0	0	0	0	0
8067	106	77.3138	71.5952	2.24583	2.27092	0	0	0	0	0	0	0	0
8067	107	75.9614	75.7064	2.2672	2.28508	0	0	0	0	0	0	0	0
8067	108	73.9249	73.3408	2.30993	2.28843	0	0	0	0	0	0	0	0
8067	109	73.3239	70.3416	2.31391	2.28877	0	0	0	0	0	0	0	0
8067	110	77.6079	79.3735	2.37285	2.34844	0	0	0	0	0	0	0	0
8067	111	78.3402	78.4052	2.30291	2.30459	0	0	0	0	0	0	0	0
8067	112	76.4253	75.1099	2.25556	2.25562	0	0	0	0	0	0	0	0
8067	113	83.8335	81.7684	2.08372	2.12422	0	0	0	0	0	0	0	0
8067	114	81.0865	85.8779	2.18055	2.17549	0	0	0	0	0	0	0	0
8067	115	78.9578	79.2489	2.15127	2.14627	0	0	0	0	0	0	0	0
8067	116	78.7916	73.4035	2.16525	2.19121	0	0	0	0	0	0	0	0
8067	117	78.1357	81.0396	2.21292	2.22709	0	0	0	0	0	0	0	0
8067	118	77.1198	81.613	2.14371	2.15214	0	0	0	0	0	0	0	0
8067	119	77.3151	77.7632	2.15887	2.15615	0	0	0	0	0	0	0	0
8067	120	78.5813	79.4421	2.16499	2.16751	0	0	0	0	0	0	0	0
8067	121	75.8606	80.9674	2.13317	2.12481	0	0	0	0	0	0	0	0
8067	122	77.8882	78.3794	2.19355	2.20254	0	0	0	0	0	0	0	0
8067	123	73.6312	76.3804	2.1247	2.14272	0	0	0	0	0	0	0	0
8067	124	78.5292	79.9076	2.16059	2.1767	0	0	0	0	0	0	0	0
8067	125	74.8592	74.8326	2.18834	2.19917	0	0	0	0	0	0	0	0
8067	126	77.9011	73.134	2.15208	2.1405	0	0	0	0	0	0	0	0
8067	127	73.1761	75.0883	2.14732	2.14782	0	0	0	0	0	0	0	0
8090	0	62.5664	58.1001	3.06302	3.04002	0	0	0	0	0	0	0	0
8090	1	71.9497	68.8839	2.9469	2.94597	0	0	0	0	0	0	0	0
8090	2	64.5607	71.0757	2.82958	2.81196	0	0	0	0	0	0	0	0
8090	3	64.0581	64.6556	2.86898	2.8318	0	0	0	0	0	0	0	0
8090	4	64.8609	63.3131	2.91628	2.92949	0	0	0	0	0	0	0	0
8090	5	70.9852	64.4025	2.75859	2.83543	0	0	0	0	0	0	0	0
8090	6	63.1004	67.6514	2.55698	2.50687	0	0	0	0	0	0	0	0
8090	7	61.927	66.5804	2.47323	2.4549	0	0	0	0	0	0	0	0
8090	8	59.6196	64.988	2.64373	2.64533	0	0	0	0	0	0	0	0
8090	9	65.7998	60.558	2.77622	2.78916	0	0	0	0	0	0	0	0
8090	10	68.9995	62.6954	2.63943	2.69412	0	0	0	0	0	0	0	0
8090	11	61.3129	62.2288	2.79287	2.77053	0	0	0	0	0	0	0	0
8090	12	71.0448	68.4254	2.98953	2.98578	0	0	0	0	0	0	0	0
8090	13	64.826	66.5215	2.82346	2.84897	0	0	0	0	0	0	0	0
8090	14	66.6895	70.6991	2.55724	2.55149	0	0	0	0	0	0	0	0
8090	15	58.7864	64.2933	2.90063	2.89913	0	0	0	0	0	0	0	0
8090	16	67.7247	72.0489	2.45292	2.46226	0	0	0	0	0	0	0	0
8090	17	66.4778	69.0835	2.83652	2.83549	0	0	0	0	0	0	0	0
8090	18	66.4519	66.3225	2.3359	2.33535	0	0	0	0	0	0	0	0
8090	19	69.4049	74.2421	2.61404	2.5842	0	0	0	0	0	0	0	0
8090	20	70.9188	72.6697	2.6208	2.63161	0	0	0	0	0	0	0	0
8090	21	76.6756	71.0118	2.67093	2.65334	0	0	0	0	0	0	0	0
8090	22	63.254	66.6594	2.42096	2.40797	0	0	0	0	0	0	0	0
8090	23	74.6658	71.9584	2.38221	2.36347	0	0	0	0	0	0	0	0
8090	24	68.7402	65.9726	2.27094	2.29739	0	0	0	0	0	0	0	0
8090	25	59.9475	65.8524	2.462	2.4439	0	0	0	0	0	0	0	0
8090	26	70.0454	61.1654	2.39572	2.43242	0	0	0	0	0	0	0	0
8090	27	67.4073	69.5936	2.54288	2.52888	0	0	0	0	0	0	0	0
8090	28	67.7002	66.3718	2.65314	2.65326	0	0	0	0	0	0	0	0
8090	29	59.9951	65.6687	2.65586	2.62039	0	0	0	0	0	0	0	0
8090	30	71.6555	70.0646	2.31755	2.33438	0	0	0	0	0	0	0	0
8090	31	65.0366	70.213	2.35432	2.3136	0	0	0	0	0	0	0	0
8090	32	77.6889	76.3948	3.52087	3.50751	0	0	0	0	0	0	0	0
8090	33	82.3169	84.129	3.17599	3.18098	0	0	0	0	0	0	0	0
8090	34	78.2755	82.1449	3.26243	3.23163	0	0	0	0	0	0	0	0
8090	35	82.8072	75.7131	3.27276	3.31657	0	0	0	0	0	0	0	0
8090	36	78.0617	80.3744	3.48473	3.47903	0	0	0	0	0	0	0	0
8090	37	82.4418	84.9669	3.07965	3.08024	0	0	0	0	0	0	0	0
8090	38	87.4071	79.4595	3.35435	3.36808	0	0	0	0	0	0	0	0
8090	39	76.4369	73.0725	3.07181	3.06183	0	0	0	0	0	0	0	0
8090	40	77.6564	79.9563	3.15207	3.15939	0	0	0	0	0	0	0	0
8090	41	83.2376	75.6755	3.06375	3.11649	0	0	0	0	0	0	0	0
8090	42	77.5259	84.4889	3.57014	3.57767	0	0	0	0	0	0	0	0
8090	43	77.1853	78.1025	3.16045	3.15239	0	0	0	0	0	0	0	0
8090	44	81.8887	81.886	3.66385	3.64803	0	0	0	0	0	0	0	0
8090	45	74.7131	79.1488	3.27391	3.26498	0	0	0	0	0	0	0	0
8090	46	77.1869	76.786	3.28819	3.29502	0	0	0	0	0	0	0	0
8090	47	78.8864	81.0676	3.20123	3.21197	0	0	0	0	0	0	0	0
8090	48	62.7948	60.507	2.70501	2.74301	0	0	0	0	0	0	0	0
8090	49	63.942	64.1569	3.1255	3.12207	0	0	0	0	0	0	0	0
8090	50	59.8281	64.243	2.66202	2.65541	0	0	0	0	0	0	0	0
8090	51	69.2186	63.3144	2.64735	2.67536	0	0	0	0	0	0	0	0
8090	52	64.8535	64.6157	2.744	2.7372	0	0	0	0	0	0	0	0
8090	53	64.1834	58.8649	2.69972	2.73244	0	0	0	0	0	0	0	0
8090	54	58.4478	55.6105	2.59831	2.59645	0	0	0	0	0	0	0	0
8090	55	64.9582	60.7828	2.92854	2.96268	0	0	0	0	0	0	0	0
8090	56	70.0992	65.6542	2.7479	2.77299	0	0	0	0	0	0	0	0
8090	57	63.7721	66.659	2.65632	2.65461	0	0	0	0	0	0	0	0
8090	58	56.0224	64.6622	2.92152	2.84205	0	0	0	0	0	0	0	0
8090	59	62.7696	66.0134	3.11518	3.07896	0	0	0	0	0	0	0	0
8090	60	63.9939	67.2107	2.82132	2.80521	0	0	0	0	0	0	0	0
8090	61	62.3325	62.051	3.07363	3.07686	0	0	0	0	0	0	0	0
8090	62	60.4804	64.5086	3.05757	3.04355	0	0	0	0	0	0	0	0
8090	63	57.162	60.634	2.94857	2.93178	0	0	0	0	0	0	0	0
8090	64	88.3835	89.0107	2.41309	2.42051	0	0	0	0	0	0	0	0
8090	65	79.1781	89.7804	2.93268	2.87893	0	0	0	0	0	0	0	0
8090	66	87.042	92.7538	2.31003	2.3333	0	0	0	0	0	0	0	0
8090	67	93.1485	87.4415	2.36089	2.36904	0	0	0	0	0	0	0	0
8090	68	87.627	85.4871	2.32591	2.32123	0	0	0	0	0	0	0	0
8090	69	83.4778	85.8851	2.44176	2.42778	0	0	0	0	0	0	0	0
8090	70	88.468	88.5382	2.31603	2.30241	0	0	0	0	0	0	0	0
8090	71	81.965	85.816	2.50561	2.49384	0	0	0	0	0	0	0	0
8090	72	83.1271	89.9026	2.3888	2.37148	0	0	0	0	0	0	0	0
8090	73	85.5358	82.3574	2.4548	2.49152	0	0	0	0	0	0	0	0
8090	74	85.7568	93.4429	2.43608	2.43449	0	0	0	0	0	0	0	0
8090	75	87.4528	94.0086	2.56459	2.56535	0	0	0	0	0	0	0	0
8090	76	88.8027	87.4524	2.7147	2.70311	0	0	0	0	0	0	0	0
8090	77	86.2099	85.4435	2.76776	2.77192	0	0	0	0	0	0	0	0
8090	78	87.7228	91.6245	2.53184	2.56723	0	0	0	0	0	0	0	0
8090	79	79.5161	85.3757	2.83821	2.81201	0	0	0	0	0	0	0	0
8090	80	67.8854	65.1163	4.13793	4.15318	0	0	0	0	0	0	0	0
8090	81	69.7845	66.4592	3.84882	3.89898	0	0	0	0	0	0	0	0
8090	82	69.307	65.8537	3.59337	3.60289	0	0	0	0	0	0	0	0
8090	83	69.0703	71.5283	3.1864	3.18157	0	0	0	0	0	0	0	0
8090	84	72.8329	72.7016	3.15627	3.14936	0	0	0	0	0	0	0	0
8090	85	68.5278	70.0764	2.91241	2.96711	0	0	0	0	0	0	0	0
8090	86	69.2867	69.5968	2.75414	2.7831	0	0	0	0	0	0	0	0
8090	87	71.2955	69.912	2.80676	2.81305	0	0	0	0	0	0	0	0
8090	88	68.2592	67.0557	2.82128	2.84895	0	0	0	0	0	0	0	0
8090	89	67.0321	67.8784	2.8301	2.8281	0	0	0	0	0	0	0	0
8090	90	74.5783	69.2854	2.84965	2.88108	0	0	0	0	0	0	0	0
8090	91	64.8563	70.26	4.78449	4.73551	0	0	0	0	0	0	0	0
8090	92	72.702	70.331	2.93984	3.00613	0	0	0	0	0	0	0	0
8090	93	64.7955	69.4571	3.30611	3.29392	0	0	0	0	0	0	0	0
8090	94	65.1876	66.6064	3.26752	3.31898	0	0	0	0	0	0	0	0
8090	95	69.4709	64.3571	3.43375	3.47902	0	0	0	0	0	0	0	0
8090	96	70.7871	71.3813	2.17304	2.16632	0	0	0	0	0	0	0	0
8090	97	72.1902	75.246	2.50673	2.50553	0	0	0	0	0	0	0	0
8090	98	73.6817	66.6143	2.20138	2.24659	0	0	0	0	0	0	0	0
8090	99	74.787	71.5655	2.16836	2.21938	0	0	0	0	0	0	0	0
8090	100	71.2915	73.7101	2.21703	2.23188	0	0	0	0	0	0	0	0
8090	101	68.5897	68.2561	2.49754	2.48247	0	0	0	0	0	0	0	0
8090	102	67.8682	72.1388	2.16794	2.16321	0	0	0	0	0	0	0	0
8090	103	69.1634	68.9585	2.22775	2.21714	0	0	0	0	0	0	0	0
8090	104	69.0337	71.2263	2.19672	2.20953	0	0	0	0	0	0	0	0
8090	105	71.5774	72.3869	2.22709	2.21521	0	0	0	0	0	0	0	0
8090	106	65.9348	66.4066	2.25133	2.2627	0	0	0	0	0	0	0	0
8090	107	70.7204	65.9054	2.25068	2.24063	0	0	0	0	0	0	0	0
8090	108	67.7652	72.3231	2.27229	2.2654	0	0	0	0	0	0	0	0
8090	109	71.3808	65.8762	2.26435	2.28636	0	0	0	0	0	0	0	0
8090	110	71.7927	69.329	2.25195	2.25822	0	0	0	0	0	0	0	0
8090	111	72.2764	72.6596	2.26407	2.2598	0	0	0	0	0	0	0	0
8090	112	73.1028	75.4694	2.7655	2.74841	0	0	0	0	0	0	0	0
8090	113	76.6408	73.3996	2.69202	2.70374	0	0	0	0	0	0	0	0
8090	114	77.924	75.689	2.72469	2.72009	0	0	0	0	0	0	0	0
8090	115	79.6859	77.5661	2.7005	2.70607	0	0	0	0	0	0	0	0
8090	116	76.4487	77.1188	2.74425	2.73809	0	0	0	0	0	0	0	0
8090	117	75.3301	74.8662	2.71609	2.71806	0	0	0	0	0	0	0	0
8090	118	82.1498	76.4678	2.63949	2.66712	0	0	0	0	0	0	0	0
8090	119	77.197	75.8007	2.68044	2.69136	0	0	0	0	0	0	0	0
8090	120	72.9314	74.9882	2.71568	2.69686	0	0	0	0	0	0	0	0
8090	121	73.3534	76.0443	2.74935	2.73655	0	0	0	0	0	0	0	0
8090	122	74.3459	76.0576	2.73315	2.71235	0	0	0	0	0	0	0	0
8090	123	74.2653	77.1441	2.71335	2.66015	0	0	0	0	0	0	0	0
8090	124	74.5603	70.9089	2.73698	2.71432	0	0	0	0	0	0	0	0
8090	125	70.9828	75.5905	2.76218	2.74023	0	0	0	0	0	0	0	0
8090	126	77.8431	72.5797	2.69365	2.7068	0	0	0	0	0	0	0	0
8090	127	75.497	73.4077	2.75641	2.77512	0	0	0	0	0	0	0	0
8019	0	55.8378	53.4509	2.20398	2.21489	0	0	0	0	0	0	0	0
8019	1	58.2097	55.1362	2.18319	2.19585	0	0	0	0	0	0	0	0
8019	2	57.6158	60.1447	2.19269	2.18697	0	0	0	0	0	0	0	0
8019	3	53.6369	54.3363	2.33996	2.32373	0	0	0	0	0	0	0	0
8019	4	54.4956	53.5027	2.27148	2.27129	0	0	0	0	0	0	0	0
8019	5	52.1591	53.6073	2.20133	2.20271	0	0	0	0	0	0	0	0
8019	6	53.3971	50.0432	2.17094	2.2048	0	0	0	0	0	0	0	0
8019	7	53.0752	54.6184	2.24787	2.22818	0	0	0	0	0	0	0	0
8019	8	59.0217	54.8734	2.22429	2.26101	0	0	0	0	0	0	0	0
8019	9	55.0722	58.0008	2.3024	2.27647	0	0	0	0	0	0	0	0
8019	10	53.1618	56.8915	2.52913	2.51075	0	0	0	0	0	0	0	0
8019	11	54.1112	54.561	2.25143	2.24187	0	0	0	0	0	0	0	0
8019	12	57.2892	59.0212	2.25026	2.23935	0	0	0	0	0	0	0	0
8019	13	47.5869	51.4523	2.34529	2.29704	0	0	0	0	0	0	0	0
8019	14	55.6591	55.9725	2.28112	2.28272	0	0	0	0	0	0	0	0
8019	15	58.001	57.9716	2.23047	2.2198	0	0	0	0	0	0	0	0
8019	16	78.198	78.2284	2.50956	2.53875	0	0	0	0	0	0	0	0
8019	17	73.0737	76.7698	3.00625	3.02501	0	0	0	0	0	0	0	0
8019	18	71.9648	74.1125	2.81112	2.75514	0	0	0	0	0	0	0	0
8019	19	75.7499	74.2537	2.5529	2.57769	0	0	0	0	0	0	0	0
8019	20	76.1921	70.8773	2.58528	2.66247	0	0	0	0	0	0	0	0
8019	21	74.4477	75.0738	3.74753	3.75853	0	0	0	0	0	0	0	0
8019	22	75.1953	82.4754	2.56588	2.5775	0	0	0	0	0	0	0	0
8019	23	73.1413	68.1879	2.81331	2.85769	0	0	0	0	0	0	0	0
8019	24	65.1187	68.9862	2.62455	2.6099	0	0	0	0	0	0	0	0
8019	25	73.3947	76.506	3.24675	3.21179	0	0	0	0	0	0	0	0
8019	26	68.436	75.65	2.51275	2.49452	0	0	0	0	0	0	0	0
8019	27	74.0134	77.0211	2.52334	2.56437	0	0	0	0	0	0	0	0
8019	28	72.114	70.0559	2.56093	2.56357	0	0	0	0	0	0	0	0
8019	29	72.3485	72.2298	2.64844	2.6786	0	0	0	0	0	0	0	0
8019	30	70.6272	77.1695	2.422	2.38946	0	0	0	0	0	0	0	0
8019	31	67.7565	69.9892	2.48447	2.46402	0	0	0	0	0	0	0	0
8019	32	78.0494	80.6638	3.07006	3.05995	0	0	0	0	0	0	0	0
8019	33	91.7555	86.7303	2.82021	2.70598	0	0	0	0	0	0	0	0
8019	34	80.7069	87.7518	2.58649	2.57023	0	0	0	0	0	0	0	0
8019	35	82.3744	83.082	2.51862	2.54634	0	0	0	0	0	0	0	0
8019	36	81.384	83.4679	2.63658	2.63048	0	0	0	0	0	0	0	0
8019	37	78.2599	81.2721	2.42233	2.41182	0	0	0	0	0	0	0	0
8019	38	85.5173	85.9994	2.42507	2.45685	0	0	0	0	0	0	0	0
8019	39	80.796	81.3506	2.41812	2.44362	0	0	0	0	0	0	0	0
8019	40	83.9647	83.8114	2.42781	2.45535	0	0	0	0	0	0	0	0
8019	41	81.7225	86.1791	2.74709	2.70682	0	0	0	0	0	0	0	0
8019	42	81.585	81.4323	2.49774	2.54517	0	0	0	0	0	0	0	0
8019	43	79.0689	76.4688	2.44075	2.42131	0	0	0	0	0	0	0	0
8019	44	77.8502	80.4851	2.84474	2.88181	0	0	0	0	0	0	0	0
8019	45	82.4173	80.9121	2.80605	2.82682	0	0	0	0	0	0	0	0
8019	46	72.0017	80.4716	2.43279	2.4679	0	0	0	0	0	0	0	0
8019	47	77.3461	82.9328	2.50301	2.4806	0	0	0	0	0	0	0	0
8019	48	73.0021	77.1433	2.32207	2.31953	0	0	0	0	0	0	0	0
8019	49	76.3971	79.2265	2.54239	2.54221	0	0	0	0	0	0	0	0
8019	50	70.697	71.5529	2.34802	2.34125	0	0	0	0	0	0	0	0
8019	51	70.5069	79.8622	2.53508	2.54355	0	0	0	0	0	0	0	0
8019	52	77.2948	78.9823	2.49955	2.49736	0	0	0	0	0	0	0	0
8019	53	80.3504	83.5247	2.4628	2.43263	0	0	0	0	0	0	0	0
8019	54	78.4135	83.8218	2.34067	2.30888	0	0	0	0	0	0	0	0
8019	55	85.1644	83.418	2.42273	2.43985	0	0	0	0	0	0	0	0
8019	56	79.97	83.1922	2.39006	2.40218	0	0	0	0	0	0	0	0
8019	57	79.253	76.0034	2.35612	2.39791	0	0	0	0	0	0	0	0
8019	58	77.3754	77.0826	2.40035	2.38949	0	0	0	0	0	0	0	0
8019	59	76.6357	77.0425	2.46683	2.49887	0	0	0	0	0	0	0	0
8019	60	72.2945	73.0418	4.93199	4.96855	0	0	0	0	0	0	0	0
8019	61	70.8967	68.93	2.68872	2.69061	0	0	0	0	0	0	0	0
8019	62	78.3252	78.6428	2.64156	2.64545	0	0	0	0	0	0	0	0
8019	63	74.4518	74.3859	2.99291	2.99546	0	0	0	0	0	0	0	0
8019	64	69.6731	62.9045	2.29276	2.32513	0	0	0	0	0	0	0	0
8019	65	59.8181	63.9164	2.32342	2.34039	0	0	0	0	0	0	0	0
8019	66	57.8205	62.7544	2.28557	2.27771	0	0	0	0	0	0	0	0
8019	67	64.3332	62.5644	2.20667	2.19986	0	0	0	0	0	0	0	0
8019	68	65.3675	64.8618	2.3125	2.31909	0	0	0	0	0	0	0	0
8019	69	59.1773	61.6981	2.27271	2.26735	0	0	0	0	0	0	0	0
8019	70	56.3151	60.9842	2.21587	2.2398	0	0	0	0	0	0	0	0
8019	71	66.0974	61.9665	2.21845	2.27331	0	0	0	0	0	0	0	0
8019	72	57.4546	56.3559	2.18943	2.23235	0	0	0	0	0	0	0	0
8019	73	65.9749	64.046	2.24377	2.27162	0	0	0	0	0	0	0	0
8019	74	63.9372	63.8206	2.28168	2.28374	0	0	0	0	0	0	0	0
8019	75	59.3582	62.3973	2.29147	2.30685	0	0	0	0	0	0	0	0
8019	76	63.4302	64.2612	2.22492	2.23651	0	0	0	0	0	0	0	0
8019	77	60.094	59.0701	2.36574	2.36648	0	0	0	0	0	0	0	0
8019	78	63.382	61.5378	2.2724	2.31039	0	0	0	0	0	0	0	0
8019	79	64.11	63.515	2.28695	2.31924	0	0	0	0	0	0	0	0
8019	80	69.3383	66.577	3.99665	3.99386	0	0	0	0	0	0	0	0
8019	81	72.5857	72.9681	3.04466	3.07169	0	0	0	0	0	0	0	0
8019	82	71.0008	67.7919	3.13605	3.1281	0	0	0	0	0	0	0	0
8019	83	69.791	67.4475	2.76093	2.77508	0	0	0	0	0	0	0	0
8019	84	67.3924	68.765	2.94099	2.89686	0	0	0	0	0	0	0	0
8019	85	71.9895	71.3026	2.32905	2.34684	0	0	0	0	0	0	0	0
8019	86	68.3318	66.2983	2.3901	2.37768	0	0	0	0	0	0	0	0
8019	87	64.8001	70.8315	2.82296	2.78906	0	0	0	0	0	0	0	0
8019	88	70.1049	70.4934	2.33054	2.35015	0	0	0	0	0	0	0	0
8019	89	67.5096	73.9079	2.37252	2.3517	0	0	0	0	0	0	0	0
8019	90	66.5074	67.7153	2.3695	2.34566	0	0	0	0	0	0	0	0
8019	91	69.0535	74.0534	2.65263	2.67267	0	0	0	0	0	0	0	0
8019	92	62.9519	62.9838	2.43015	2.4336	0	0	0	0	0	0	0	0
8019	93	65.569	62.2395	2.61237	2.62206	0	0	0	0	0	0	0	0
8019	94	64.0425	62.8421	2.39607	2.37945	0	0	0	0	0	0	0	0
8019	95	69.7461	68.872	2.52179	2.54775	0	0	0	0	0	0	0	0
8019	96	68.4428	70.5369	2.30698	2.30668	0	0	0	0	0	0	0	0
8019	97	73.0047	70.5592	2.32711	2.34545	0	0	0	0	0	0	0	0
8019	98	73.6066	71.1524	2.44147	2.43709	0	0	0	0	0	0	0	0
8019	99	70.4567	71.9637	2.35487	2.34129	0	0	0	0	0	0	0	0
8019	100	74.0099	76.3166	2.32845	2.29353	0	0	0	0	0	0	0	0
8019	101	75.4634	76.3705	2.30296	2.26499	0	0	0	0	0	0	0	0
8019	102	66.1256	71.3073	2.36749	2.32956	0	0	0	0	0	0	0	0
8019	103	69.5438	70.3841	2.33544	2.30421	0	0	0	0	0	0	0	0
8019	104	67.6332	69.2542	2.32221	2.29399	0	0	0	0	0	0	0	0
8019	105	75.3328	75.5473	2.30445	2.31087	0	0	0	0	0	0	0	0
8019	106	69.0887	73.3986	2.38235	2.34552	0	0	0	0	0	0	0	0
8019	107	72.628	75.2807	2.35736	2.34952	0	0	0	0	0	0	0	0
8019	108	69.6239	74.309	2.36067	2.31972	0	0	0	0	0	0	0	0
8019	109	71.4902	71.5009	2.33315	2.3383	0	0	0	0	0	0	0	0
8019	110	66.8461	67.875	2.42038	2.39353	0	0	0	0	0	0	0	0
8019	111	64.7943	69.1847	2.37177	2.35147	0	0	0	0	0	0	0	0
8019	112	81.6278	79.2214	2.30295	2.33241	0	0	0	0	0	0	0	0
8019	113	84.3606	85.444	2.1761	2.14055	0	0	0	0	0	0	0	0
8019	114	77.8173	83.1209	2.31244	2.22701	0	0	0	0	0	0	0	0
8019	115	77.8658	79.3604	2.24625	2.2435	0	0	0	0	0	0	0	0
8019	116	79.8304	81.0656	2.47412	2.46703	0	0	0	0	0	0	0	0
8019	117	81.1529	78.0833	2.23084	2.24078	0	0	0	0	0	0	0	0
8019	118	79.7535	81.3151	2.23752	2.22179	0	0	0	0	0	0	0	0
8019	119	78.5345	79.3258	2.28222	2.27623	0	0	0	0	0	0	0	0
8019	120	79.0692	78.5512	2.27376	2.28343	0	0	0	0	0	0	0	0
8019	121	77.4596	77.0295	2.26466	2.26407	0	0	0	0	0	0	0	0
8019	122	74.7952	78.5318	2.26928	2.25922	0	0	0	0	0	0	0	0
8019	123	74.1257	79.5033	2.23745	2.23335	0	0	0	0	0	0	0	0
8019	124	81.1038	81.835	2.25749	2.23737	0	0	0	0	0	0	0	0
8019	125	83.8303	79.7636	2.181	2.23621	0	0	0	0	0	0	0	0
8019	126	79.2681	78.7953	2.25956	2.24987	0	0	0	0	0	0	0	0
8019	127	75.7124	74.4143	2.31393	2.30253	0	0	0	0	0	0	0	0
8062	0	71.075	74.5474	2.2915	2.30632	0	0	0	0	0	0	0	0
8062	1	75.6332	72.5625	2.67101	2.65933	0	0	0	0	0	0	0	0
8062	2	69.4494	67.3665	2.48023	2.48722	0	0	0	0	0	0	0	0
8062	3	70.8719	68.5252	2.67399	2.70817	0	0	0	0	0	0	0	0
8062	4	69.7702	77.5107	2.73506	2.76245	0	0	0	0	0	0	0	0
8062	5	64.155	69.908	2.55806	2.51463	0	0	0	0	0	0	0	0
8062	6	67.6845	75.6836	2.80855	2.80051	0	0	0	0	0	0	0	0
8062	7	67.3731	77.0102	2.45817	2.45301	0	0	0	0	0	0	0	0
8062	8	66.6626	67.4687	4.0391	4.063	0	0	0	0	0	0	0	0
8062	9	63.7273	63.5122	3.49188	3.49611	0	0	0	0	0	0	0	0
8062	10	67.0188	69.77	2.83415	2.81274	0	0	0	0	0	0	0	0
8062	11	76.5737	71.9843	2.8838	2.83743	0	0	0	0	0	0	0	0
8062	12	64.444	69.7406	2.72525	2.7118	0	0	0	0	0	0	0	0
8062	13	67.0437	67.3588	2.95598	2.96587	0	0	0	0	0	0	0	0
8062	14	66.5735	71.649	2.35808	2.3396	0	0	0	0	0	0	0	0
8062	15	74.5005	70.9235	2.44866	2.47008	0	0	0	0	0	0	0	0
8062	16	77.8051	76.7087	2.55421	2.58106	0	0	0	0	0	0	0	0
8062	17	82.0341	84.5717	2.48419	2.4633	0	0	0	0	0	0	0	0
8062	18	75.8802	82.7395	2.63793	2.59889	0	0	0	0	0	0	0	0
8062	19	77.9259	76.5354	2.87578	2.87235	0	0	0	0	0	0	0	0
8062	20	73.9288	87.0749	2.92603	2.9345	0	0	0	0	0	0	0	0
8062	21	73.1244	76.2292	2.59961	2.60842	0	0	0	0	0	0	0	0
8062	22	77.2608	75.35	2.33229	2.33412	0	0	0	0	0	0	0	0
8062	23	81.37	79.3214	2.28389	2.28205	0	0	0	0	0	0	0	0
8062	24	80.9997	74.4998	2.78545	2.78846	0	0	0	0	0	0	0	0
8062	25	68.683	71.9616	2.39068	2.39217	0	0	0	0	0	0	0	0
8062	26	77.676	79.461	3.7229	3.6664	0	0	0	0	0	0	0	0
8062	27	84.8433	78.1679	4.88422	4.81246	0	0	0	0	0	0	0	0
8062	28	72.6888	76.0219	2.43527	2.42943	0	0	0	0	0	0	0	0
8062	29	74.1105	76.1326	2.94868	2.92768	0	0	0	0	0	0	0	0
8062	30	82.8315	77.8459	2.93499	2.9422	0	0	0	0	0	0	0	0
8062	31	75.0385	78.8232	3.25662	3.24501	0	0	0	0	0	0	0	0
8062	32	75.3895	76.3162	2.90725	2.87795	0	0	0	0	0	0	0	0
8062	33	69.1742	71.4112	7.91554	7.92132	0	0	0	0	0	0	0	0
8062	34	71.3372	78.9943	2.75287	2.68027	0	0	0	0	0	0	0	0
8062	35	73.7058	74.9169	2.54479	2.54033	0	0	0	0	0	0	0	0
8062	36	76.7035	73.4778	2.49015	2.4987	0	0	0	0	0	0	0	0
8062	37	84.0363	74.1347	2.3885	2.36595	0	0	0	0	0	0	0	0
8062	38	76.5944	77.7178	2.52227	2.49937	0	0	0	0	0	0	0	0
8062	39	74.0515	73.1852	2.59732	2.61584	0	0	0	0	0	0	0	0
8062	40	74.8414	75.2019	2.45582	2.45638	0	0	0	0	0	0	0	0
8062	41	74.5122	76.7038	2.3367	2.32827	0	0	0	0	0	0	0	0
8062	42	74.5579	77.4998	2.48677	2.45801	0	0	0	0	0	0	0	0
8062	43	73.1094	79.4176	2.30304	2.27316	0	0	0	0	0	0	0	0
8062	44	72.3211	77.4008	2.73143	2.69912	0	0	0	0	0	0	0	0
8062	45	72.3112	73.2973	2.3994	2.41351	0	0	0	0	0	0	0	0
8062	46	76.2255	76.0155	2.62247	2.61226	0	0	0	0	0	0	0	0
8062	47	74.7163	75.5057	2.47175	2.45599	0	0	0	0	0	0	0	0
8062	48	59.9941	63.8787	2.44823	2.43693	0	0	0	0	0	0	0	0
8062	49	65.7997	58.7533	6.91665	6.9058	0	0	0	0	0	0	0	0
8062	50	63.1183	68.0604	2.20218	2.17761	0	0	0	0	0	0	0	0
8062	51	59.7747	61.4592	2.44358	2.48302	0	0	0	0	0	0	0	0
8062	52	66.71	62.0266	2.21753	2.25215	0	0	0	0	0	0	0	0
8062	53	66.5109	62.5573	2.26381	2.30583	0	0	0	0	0	0	0	0
8062	54	65.6314	66.7012	2.25142	2.24742	0	0	0	0	0	0	0	0
8062	55	63.7865	65.4041	2.23834	2.2406	0	0	0	0	0	0	0	0
8062	56	62.4187	63.5634	2.32642	2.28284	0	0	0	0	0	0	0	0
8062	57	68.3853	72.71	2.20931	2.24247	0	0	0	0	0	0	0	0
8062	58	64.5788	67.628	2.29623	2.27934	0	0	0	0	0	0	0	0
8062	59	67.3035	67.3263	2.45566	2.47313	0	0	0	0	0	0	0	0
8062	60	68.7209	66.4762	2.48628	2.48868	0	0	0	0	0	0	0	0
8062	61	62.3668	63.7202	2.63279	2.64385	0	0	0	0	0	0	0	0
8062	62	65.4785	66.7685	2.67264	2.67288	0	0	0	0	0	0	0	0
8062	63	66.066	61.3691	2.77526	2.80197	0	0	0	0	0	0	0	0
8062	64	79.9989	87.2399	2.56105	2.54903	0	0	0	0	0	0	0	0
8062	65	76.2237	75.7167	2.55882	2.56631	0	0	0	0	0	0	0	0
8062	66	80.7411	77.2594	2.5862	2.61766	0	0	0	0	0	0	0	0
8062	67	77.9313	80.6507	2.56003	2.54418	0	0	0	0	0	0	0	0
8062	68	89.5813	85.0049	2.53201	2.46597	0	0	0	0	0	0	0	0
8062	69	79.1978	81.7445	2.49742	2.505	0	0	0	0	0	0	0	0
8062	70	80.2102	81.5129	2.47555	2.45634	0	0	0	0	0	0	0	0
8062	71	78.6518	83.9615	2.58562	2.56442	0	0	0	0	0	0	0	0
8062	72	77.1574	77.5662	2.50519	2.50439	0	0	0	0	0	0	0	0
8062	73	73.8902	75.2124	2.79015	2.79259	0	0	0	0	0	0	0	0
8062	74	84.6626	77.4187	2.53131	2.5629	0	0	0	0	0	0	0	0
8062	75	74.3039	82.7214	2.51466	2.51025	0	0	0	0	0	0	0	0
8062	76	78.0097	76.6972	2.52109	2.5364	0	0	0	0	0	0	0	0
8062	77	76.3904	80.508	2.94119	2.92079	0	0	0	0	0	0	0	0
8062	78	82.8886	75.9152	2.48529	2.51635	0	0	0	0	0	0	0	0
8062	79	79.4532	82.179	2.61432	2.6048	0	0	0	0	0	0	0	0
8062	80	63.1297	63.7224	4.08287	4.0863	0	0	0	0	0	0	0	0
8062	81	58.8056	58.0835	3.40851	3.40691	0	0	0	0	0	0	0	0
8062	82	60.012	66.9013	3.26994	3.25076	0	0	0	0	0	0	0	0
8062	83	58.3582	59.266	2.86295	2.83033	0	0	0	0	0	0	0	0
8062	84	62.4086	64.0028	3.10626	3.06229	0	0	0	0	0	0	0	0
8062	85	58.7243	57.9537	2.44397	2.44737	0	0	0	0	0	0	0	0
8062	86	58.9705	63.4277	2.55467	2.51653	0	0	0	0	0	0	0	0
8062	87	59.8681	57.6289	2.4497	2.47746	0	0	0	0	0	0	0	0
8062	88	58.259	57.2072	2.53356	2.54173	0	0	0	0	0	0	0	0
8062	89	56.4627	60.6292	2.39649	2.37592	0	0	0	0	0	0	0	0
8062	90	60.2568	60.9987	2.42606	2.42091	0	0	0	0	0	0	0	0
8062	91	59.0146	57.8027	2.51115	2.53699	0	0	0	0	0	0	0	0
8062	92	64.9321	58.1636	2.68565	2.74294	0	0	0	0	0	0	0	0
8062	93	62.8336	58.6453	2.64985	2.65662	0	0	0	0	0	0	0	0
8062	94	56.7724	57.7417	2.46785	2.50507	0	0	0	0	0	0	0	0
8062	95	56.4648	58.1364	3.07325	3.05887	0	0	0	0	0	0	0	0
8062	96	76.4414	71.352	2.35376	2.39074	0	0	0	0	0	0	0	0
8062	97	78.2924	80.7265	2.89197	2.89813	0	0	0	0	0	0	0	0
8062	98	76.5281	78.1032	2.32184	2.3048	0	0	0	0	0	0	0	0
8062	99	73.5537	73.6062	2.35608	2.36725	0	0	0	0	0	0	0	0
8062	100	73.9015	70.5927	2.34514	2.3687	0	0	0	0	0	0	0	0
8062	101	77.4434	72.3878	2.32146	2.35202	0	0	0	0	0	0	0	0
8062	102	74.2963	78.2232	2.4511	2.43806	0	0	0	0	0	0	0	0
8062	103	73.6094	70.4134	2.34595	2.35834	0	0	0	0	0	0	0	0
8062	104	74.5756	73.5128	2.41145	2.42892	0	0	0	0	0	0	0	0
8062	105	68.0597	71.9441	2.36104	2.354	0	0	0	0	0	0	0	0
8062	106	73.5185	73.3285	2.36563	2.36456	0	0	0	0	0	0	0	0
8062	107	71.0902	72.6833	2.32561	2.35099	0	0	0	0	0	0	0	0
8062	108	74.8159	74.3412	2.39395	2.40425	0	0	0	0	0	0	0	0
8062	109	70.9174	71.7678	2.39058	2.42808	0	0	0	0	0	0	0	0
8062	110	74.7187	72.5612	2.4239	2.44824	0	0	0	0	0	0	0	0
8062	111	70.7147	72.6798	2.38873	2.40465	0	0	0	0	0	0	0	0
8062	112	67.5464	65.8368	2.35827	2.35652	0	0	0	0	0	0	0	0
8062	113	70.5615	69.8122	2.22304	2.22868	0	0	0	0	0	0	0	0
8062	114	69.4868	70.6749	2.36906	2.35103	0	0	0	0	0	0	0	0
8062	115	71.3619	70.0661	2.22905	2.23786	0	0	0	0	0	0	0	0
8062	116	68.5984	70.1982	2.28518	2.26052	0	0	0	0	0	0	0	0
8062	117	67.0294	64.273	2.32779	2.33773	0	0	0	0	0	0	0	0
8062	118	66.3976	73.0908	2.25234	2.23755	0	0	0	0	0	0	0	0
8062	119	71.6513	69.7212	2.24911	2.28133	0	0	0	0	0	0	0	0
8062	120	70.4888	67.2967	2.29103	2.31735	0	0	0	0	0	0	0	0
8062	121	65.9918	65.2759	2.26707	2.28833	0	0	0	0	0	0	0	0
8062	122	66.7454	66.2196	2.35691	2.37274	0	0	0	0	0	0	0	0
8062	123	66.1575	65.2769	2.23033	2.22036	0	0	0	0	0	0	0	0
8062	124	73.1928	69.9414	2.40598	2.42756	0	0	0	0	0	0	0	0
8062	125	60.5554	61.6522	2.33321	2.30629	0	0	0	0	0	0	0	0
8062	126	70.4041	64.698	2.55762	2.58526	0	0	0	0	0	0	0	0
8062	127	73.8442	68.8748	2.25236	2.27058	0	0	0	0	0	0	0	0
8096	0	66.3984	67.1444	2.33565	2.32429	0	0	0	0	0	0	0	0
8096	1	66.0029	73.7374	2.36692	2.384	0	0	0	0	0	0	0	0
8096	2	73.8097	68.0415	4.08721	4.17755	0	0	0	0	0	0	0	0
8096	3	70.7533	67.6759	2.30643	2.31645	0	0	0	0	0	0	0	0
8096	4	67.9111	73.1047	2.58556	2.57725	0	0	0	0	0	0	0	0
8096	5	70.603	70.313	2.27873	2.29349	0	0	0	0	0	0	0	0
8096	6	70.2898	72.9079	2.35736	2.34791	0	0	0	0	0	0	0	0
8096	7	70.4807	68.2995	2.26486	2.24957	0	0	0	0	0	0	0	0
8096	8	70.6669	71.7931	2.46725	2.43144	0	0	0	0	0	0	0	0
8096	9	67.2188	64.5348	2.28839	2.29603	0	0	0	0	0	0	0	0
8096	10	72.1399	73.7375	2.50822	2.51379	0	0	0	0	0	0	0	0
8096	11	72.8527	79.7864	2.42717	2.51487	0	0	0	0	0	0	0	0
8096	12	64.1416	68.4387	2.53423	2.51334	0	0	0	0	0	0	0	0
8096	13	69.8266	72.7825	2.3696	2.39588	0	0	0	0	0	0	0	0
8096	14	68.4512	65.6458	2.59666	2.58805	0	0	0	0	0	0	0	0
8096	15	66.0946	62.8622	2.29539	2.31245	0	0	0	0	0	0	0	0
8096	16	49.264	50.1926	2.73378	2.75663	0	0	0	0	0	0	0	0
8096	17	55.5495	57.0097	2.60483	2.60024	0	0	0	0	0	0	0	0
8096	18	57.3436	65.2155	2.93115	3.02147	0	0	0	0	0	0	0	0
8096	19	59.6168	57.6497	3.02699	3.02971	0	0	0	0	0	0	0	0
8096	20	52.1581	62.3505	3.27329	3.29379	0	0	0	0	0	0	0	0
8096	21	60.6404	62.6104	2.79991	2.82727	0	0	0	0	0	0	0	0
8096	22	58.7572	54.7093	2.60678	2.61793	0	0	0	0	0	0	0	0
8096	23	51.3364	51.5881	2.66269	2.65704	0	0	0	0	0	0	0	0
8096	24	52.097	50.4025	2.59639	2.62424	0	0	0	0	0	0	0	0
8096	25	58.5948	52.1893	2.59698	2.64341	0	0	0	0	0	0	0	0
8096	26	44.0062	56.8241	2.83349	2.78723	0	0	0	0	0	0	0	0
8096	27	53.434	55.1844	2.68309	2.66164	0	0	0	0	0	0	0	0
8096	28	51.6579	54.5509	2.75711	2.76855	0	0	0	0	0	0	0	0
8096	29	56.5471	48.2612	2.72983	2.74258	0	0	0	0	0	0	0	0
8096	30	52.9365	53.2964	3.18924	3.21097	0	0	0	0	0	0	0	0
8096	31	52.7403	52.4495	3.31275	3.30617	0	0	0	0	0	0	0	0
8096	32	73.0315	75.8406	2.8422	2.83036	0	0	0	0	0	0	0	0
8096	33	74.3004	80.9608	2.76825	2.73819	0	0	0	0	0	0	0	0
8096	34	72.0472	71.7595	2.89834	2.88432	0	0	0	0	0	0	0	0
8096	35	74.2087	78.1526	2.82724	2.77955	0	0	0	0	0	0	0	0
8096	36	76.2058	76.374	2.6627	2.65425	0	0	0	0	0	0	0	0
8096	37	78.1363	80.4507	2.59253	2.60347	0	0	0	0	0	0	0	0
8096	38	70.1549	73.4901	2.6737	2.65716	0	0	0	0	0	0	0	0
8096	39	75.1845	71.39	2.62566	2.63516	0	0	0	0	0	0	0	0
8096	40	73.5127	70.3141	2.73852	2.71204	0	0	0	0	0	0	0	0
8096	41	71.4094	69.6784	2.71246	2.69359	0	0	0	0	0	0	0	0
8096	42	72.8026	73.3345	2.82207	2.77611	0	0	0	0	0	0	0	0
8096	43	73.6363	76.9977	2.51515	2.49016	0	0	0	0	0	0	0	0
8096	44	77.6828	78.9041	2.94302	2.94632	0	0	0	0	0	0	0	0
8096	45	70.4049	70.2488	2.6301	2.63394	0	0	0	0	0	0	0	0
8096	46	72.875	82.1316	2.75005	2.74495	0	0	0	0	0	0	0	0
8096	47	71.8402	73.8849	2.73067	2.71578	0	0	0	0	0	0	0	0
8096	48	73.5995	68.5732	2.78785	2.77176	0	0	0	0	0	0	0	0
8096	49	74.9145	72.9439	2.88649	2.84305	0	0	0	0	0	0	0	0
8096	50	75.9773	68.3814	2.9229	2.9188	0	0	0	0	0	0	0	0
8096	51	77.6512	74.846	2.92413	2.93369	0	0	0	0	0	0	0	0
8096	52	78.7028	71.0666	2.79207	2.81579	0	0	0	0	0	0	0	0
8096	53	71.0921	69.068	2.90556	2.88416	0	0	0	0	0	0	0	0
8096	54	77.1697	75.7504	2.80327	2.79072	0	0	0	0	0	0	0	0
8096	55	76.1418	72.2232	2.87685	2.87899	0	0	0	0	0	0	0	0
8096	56	75.0926	65.8625	2.88567	2.8725	0	0	0	0	0	0	0	0
8096	57	67.3665	69.1112	3.07049	3.05772	0	0	0	0	0	0	0	0
8096	58	76.6831	73.0164	2.87485	2.84966	0	0	0	0	0	0	0	0
8096	59	73.1402	77.6373	3.00893	2.9859	0	0	0	0	0	0	0	0
8096	60	72.1084	67.3274	2.99607	2.98274	0	0	0	0	0	0	0	0
8096	61	74.6845	76.0626	3.05735	3.02042	0	0	0	0	0	0	0	0
8096	62	71.1606	70.9422	3.24791	3.23128	0	0	0	0	0	0	0	0
8096	63	73.7001	73.5191	3.36419	3.36082	0	0	0	0	0	0	0	0
8096	64	65.8224	58.8817	2.4769	2.48934	0	0	0	0	0	0	0	0
8096	65	58.2034	65.3264	2.74006	2.6559	0	0	0	0	0	0	0	0
8096	66	64.0309	66.958	2.71709	2.6662	0	0	0	0	0	0	0	0
8096	67	65.1065	63.2181	2.67892	2.65808	0	0	0	0	0	0	0	0
8096	68	66.2231	68.5091	3.00367	2.99228	0	0	0	0	0	0	0	0
8096	69	64.2393	64.0923	2.65372	2.63225	0	0	0	0	0	0	0	0
8096	70	61.6034	63.9879	2.86923	2.81504	0	0	0	0	0	0	0	0
8096	71	64.8965	66.1644	2.53716	2.51681	0	0	0	0	0	0	0	0
8096	72	62.4309	62.8416	2.6074	2.60469	0	0	0	0	0	0	0	0
8096	73	64.8392	63.0075	2.68182	2.63516	0	0	0	0	0	0	0	0
8096	74	65.6575	63.9477	2.73344	2.70088	0	0	0	0	0	0	0	0
8096	75	65.6119	62.8287	2.62857	2.65369	0	0	0	0	0	0	0	0
8096	76	67.1692	66.4975	2.59923	2.60353	0	0	0	0	0	0	0	0
8096	77	66.6871	62.9573	2.69903	2.69191	0	0	0	0	0	0	0	0
8096	78	62.9211	60.3152	4.26151	4.27305	0	0	0	0	0	0	0	0
8096	79	61.4856	66.03	2.8519	2.77994	0	0	0	0	0	0	0	0
8096	80	74.2613	75.2756	4.08144	4.09082	0	0	0	0	0	0	0	0
8096	81	75.2762	78.0829	3.46125	3.39221	0	0	0	0	0	0	0	0
8096	82	79.6454	75.6888	3.38151	3.40549	0	0	0	0	0	0	0	0
8096	83	74.0846	74.2481	2.99903	3.01557	0	0	0	0	0	0	0	0
8096	84	74.7425	77.0175	2.86134	2.86205	0	0	0	0	0	0	0	0
8096	85	77.6843	72.9495	2.73888	2.7254	0	0	0	0	0	0	0	0
8096	86	75.0444	72.2651	2.79509	2.81744	0	0	0	0	0	0	0	0
8096	87	78.8598	79.063	2.76473	2.77153	0	0	0	0	0	0	0	0
8096	88	75.8204	78.0768	2.72031	2.6787	0	0	0	0	0	0	0	0
8096	89	78.8595	73.7932	2.65264	2.66309	0	0	0	0	0	0	0	0
8096	90	73.0938	75.114	2.85716	2.83585	0	0	0	0	0	0	0	0
8096	91	71.7862	70.737	2.95278	2.96167	0	0	0	0	0	0	0	0
8096	92	68.6977	69.9861	2.77283	2.78111	0	0	0	0	0	0	0	0
8096	93	75.0946	74.9009	3.19329	3.18367	0	0	0	0	0	0	0	0
8096	94	75.2899	72.7376	3.02988	3.04731	0	0	0	0	0	0	0	0
8096	95	67.6755	71.4096	3.04069	3.07908	0	0	0	0	0	0	0	0
8096	96	80.5022	74.1875	2.18239	2.19731	0	0	0	0	0	0	0	0
8096	97	67.9092	68.4448	2.17589	2.17829	0	0	0	0	0	0	0	0
8096	98	71.9595	75.0235	2.20822	2.19434	0	0	0	0	0	0	0	0
8096	99	71.6666	67.7314	2.263	2.28481	0	0	0	0	0	0	0	0
8096	100	74.4678	73.161	2.15313	2.17381	0	0	0	0	0	0	0	0
8096	101	71.067	75.2449	2.18519	2.17692	0	0	0	0	0	0	0	0
8096	102	71.5903	72.195	2.33044	2.33016	0	0	0	0	0	0	0	0
8096	103	74.013	73.6826	2.14709	2.14127	0	0	0	0	0	0	0	0
8096	104	79.0203	78.4574	2.12826	2.15302	0	0	0	0	0	0	0	0
8096	105	77.3402	78.3738	2.15104	2.13354	0	0	0	0	0	0	0	0
8096	106	71.1289	71.1027	2.24573	2.2428	0	0	0	0	0	0	0	0
8096	107	75.3121	72.041	2.22668	2.24858	0	0	0	0	0	0	0	0
8096	108	75.9903	73.9663	2.25731	2.25998	0	0	0	0	0	0	0	0
8096	109	73.2895	73.2085	2.24122	2.2168	0	0	0	0	0	0	0	0
8096	110	73.8184	66.7567	2.23902	2.23571	0	0	0	0	0	0	0	0
8096	111	72.3136	72.8593	2.22887	2.2105	0	0	0	0	0	0	0	0
8096	112	75.9688	78.3869	2.96082	2.93551	0	0	0	0	0	0	0	0
8096	113	77.4213	80.0842	2.72804	2.71412	0	0	0	0	0	0	0	0
8096	114	79.5945	74.6535	2.79023	2.81796	0	0	0	0	0	0	0	0
8096	115	76.604	77.4633	2.74779	2.7422	0	0	0	0	0	0	0	0
8096	116	72.495	75.2077	2.86033	2.83788	0	0	0	0	0	0	0	0
8096	117	73.5802	72.2838	2.72792	2.71211	0	0	0	0	0	0	0	0
8096	118	78.4789	79.1899	2.74417	2.7098	0	0	0	0	0	0	0	0
8096	119	74.5573	74.6786	3.25091	3.26541	0	0	0	0	0	0	0	0
8096	120	76.9361	78.9985	2.78048	2.7987	0	0	0	0	0	0	0	0
8096	121	77.7442	72.2932	2.78574	2.76375	0	0	0	0	0	0	0	0
8096	122	75.404	75.3341	5.84886	5.88154	0	0	0	0	0	0	0	0
8096	123	73.5922	71.9372	2.79374	2.7785	0	0	0	0	0	0	0	0
8096	124	77.7288	77.9098	2.81053	2.81705	0	0	0	0	0	0	0	0
8096	125	76.8696	77.6816	2.85296	2.8476	0	0	0	0	0	0	0	0
8096	126	80.6535	77.6496	2.76742	2.78908	0	0	0	0	0	0	0	0
8096	127	69.0565	71.3989	2.83719	2.85969	0	0	0	0	0	0	0	0
8029	0	62.7272	59.2757	2.55819	2.57217	0	0	0	0	0	0	0	0
8029	1	67.3097	67.1411	2.64516	2.6318	0	0	0	0	0	0	0	0
8029	2	58.8892	63.4713	2.49646	2.48656	0	0	0	0	0	0	0	0
8029	3	59.7417	65.3702	2.9248	2.90668	0	0	0	0	0	0	0	0
8029	4	60.3519	61.2072	2.78055	2.8047	0	0	0	0	0	0	0	0
8029	5	63.4557	66.4059	2.68215	2.65921	0	0	0	0	0	0	0	0
8029	6	63.3135	66.6564	2.70713	2.67885	0	0	0	0	0	0	0	0
8029	7	66.3968	61.4084	2.98698	3.00869	0	0	0	0	0	0	0	0
8029	8	61.5364	63.2124	2.97733	2.98523	0	0	0	0	0	0	0	0
8029	9	59.5423	64.7772	2.89151	2.83889	0	0	0	0	0	0	0	0
8029	10	64.1666	58.9308	2.55576	2.61708	0	0	0	0	0	0	0	0
8029	11	63.757	62.9332	2.82997	2.86059	0	0	0	0	0	0	0	0
8029	12	54.7497	60.9713	3.24272	3.25308	0	0	0	0	0	0	0	0
8029	13	64.02	61.9824	2.6183	2.65603	0	0	0	0	0	0	0	0
8029	14	63.7258	67.2962	2.45895	2.43677	0	0	0	0	0	0	0	0
8029	15	55.3162	61.8494	3.0879	3.09323	0	0	0	0	0	0	0	0
8029	16	62.6027	57.0027	2.27896	2.30314	0	0	0	0	0	0	0	0
8029	17	58.8688	60.3561	2.28054	2.25022	0	0	0	0	0	0	0	0
8029	18	65.1457	63.8252	2.35628	2.3697	0	0	0	0	0	0	0	0
8029	19	65.2837	64.0591	2.47771	2.49846	0	0	0	0	0	0	0	0
8029	20	59.9559	58.7367	2.44296	2.47511	0	0	0	0	0	0	0	0
8029	21	55.8486	61.9074	2.36251	2.34208	0	0	0	0	0	0	0	0
8029	22	65.4998	64.4824	2.1886	2.18937	0	0	0	0	0	0	0	0
8029	23	63.2531	65.9392	2.18046	2.16274	0	0	0	0	0	0	0	0
8029	24	53.8043	54.9039	2.35277	2.35365	0	0	0	0	0	0	0	0
8029	25	64.0512	59.0717	2.40369	2.43672	0	0	0	0	0	0	0	0
8029	26	63.153	61.4229	2.25067	2.27311	0	0	0	0	0	0	0	0
8029	27	59.9536	53.4804	2.39717	2.38603	0	0	0	0	0	0	0	0
8029	28	63.1311	57.67	2.95172	2.9673	0	0	0	0	0	0	0	0
8029	29	60.452	63.2392	2.37536	2.38886	0	0	0	0	0	0	0	0
8029	30	58.5111	62.9449	2.38139	2.36895	0	0	0	0	0	0	0	0
8029	31	58.6628	62.3426	2.31338	2.28644	0	0	0	0	0	0	0	0
8029	32	62.1233	61.5346	2.7797	2.80168	0	0	0	0	0	0	0	0
8029	33	59.1721	62.247	3.59306	3.62044	0	0	0	0	0	0	0	0
8029	34	61.1361	60.2528	2.72534	2.72984	0	0	0	0	0	0	0	0
8029	35	59.3798	60.8187	2.52748	2.54838	0	0	0	0	0	0	0	0
8029	36	59.3989	58.6558	2.68135	2.69071	0	0	0	0	0	0	0	0
8029	37	58.9989	59.4388	2.51112	2.51385	0	0	0	0	0	0	0	0
8029	38	62.7497	63.3397	3.06637	3.08723	0	0	0	0	0	0	0	0
8029	39	62.4399	67.6174	2.51882	2.52413	0	0	0	0	0	0	0	0
8029	40	60.8755	65.5556	2.66769	2.6523	0	0	0	0	0	0	0	0
8029	41	56.1459	60.3231	2.56949	2.5889	0	0	0	0	0	0	0	0
8029	42	62.2668	66.347	2.71288	2.71964	0	0	0	0	0	0	0	0
8029	43	60.1612	61.6854	2.44798	2.49226	0	0	0	0	0	0	0	0
8029	44	58.8606	66.1942	3.16243	3.14248	0	0	0	0	0	0	0	0
8029	45	61.4832	64.5762	2.70862	2.71122	0	0	0	0	0	0	0	0
8029	46	59.0102	69.6879	2.63146	2.62084	0	0	0	0	0	0	0	0
8029	47	58.8296	64.735	2.43556	2.42881	0	0	0	0	0	0	0	0
8029	48	73.4208	68.4823	2.33259	2.35142	0	0	0	0	0	0	0	0
8029	49	65.6687	69.6039	2.4268	2.44665	0	0	0	0	0	0	0	0
8029	50	80.4143	73.7907	2.42808	2.42269	0	0	0	0	0	0	0	0
8029	51	79.0307	77.529	2.77242	2.76447	0	0	0	0	0	0	0	0
8029	52	70.9936	70.3213	2.33458	2.34805	0	0	0	0	0	0	0	0
8029	53	71.0164	71.7234	2.38104	2.39713	0	0	0	0	0	0	0	0
8029	54	72.9894	75.3182	2.31094	2.30281	0	0	0	0	0	0	0	0
8029	55	73.909	74.28	2.386	2.39899	0	0	0	0	0	0	0	0
8029	56	70.2449	76.0458	2.40716	2.37147	0	0	0	0	0	0	0	0
8029	57	68.6899	72.1767	2.59469	2.60381	0	0	0	0	0	0	0	0
8029	58	73.7134	73.0728	2.44056	2.43587	0	0	0	0	0	0	0	0
8029	59	71.4021	71.9603	2.58185	2.5923	0	0	0	0	0	0	0	0
8029	60	68.8817	70.4074	2.73891	2.75907	0	0	0	0	0	0	0	0
8029	61	70.6663	67.7106	2.58249	2.61896	0	0	0	0	0	0	0	0
8029	62	68.3079	69.7768	2.72593	2.72301	0	0	0	0	0	0	0	0
8029	63	71.7008	73.8689	2.73799	2.73793	0	0	0	0	0	0	0	0
8029	64	67.401	69.886	2.4085	2.39266	0	0	0	0	0	0	0	0
8029	65	64.8318	65.1952	2.4149	2.41573	0	0	0	0	0	0	0	0
8029	66	72.7694	62.1094	2.38443	2.43938	0	0	0	0	0	0	0	0
8029	67	64.5988	71.1924	2.65687	2.61399	0	0	0	0	0	0	0	0
8029	68	66.7577	65.4437	2.60831	2.60623	0	0	0	0	0	0	0	0
8029	69	65.4649	66.0955	2.34058	2.34184	0	0	0	0	0	0	0	0
8029	70	66.6239	65.0712	2.50031	2.49561	0	0	0	0	0	0	0	0
8029	71	68.8813	67.6787	2.33482	2.36423	0	0	0	0	0	0	0	0
8029	72	65.2928	63.2337	2.89557	2.9034	0	0	0	0	0	0	0	0
8029	73	66.923	65.875	2.58419	2.60036	0	0	0	0	0	0	0	0
8029	74	64.2915	62.6776	2.4536	2.45399	0	0	0	0	0	0	0	0
8029	75	59.7166	66.1101	3.56008	3.51694	0	0	0	0	0	0	0	0
8029	76	67.9479	67.8146	2.39241	2.41318	0	0	0	0	0	0	0	0
8029	77	67.8234	68.1167	2.60374	2.61586	0	0	0	0	0	0	0	0
8029	78	62.3739	64.4972	2.40012	2.3994	0	0	0	0	0	0	0	0
8029	79	68.3695	62.0086	2.68198	2.71324	0	0	0	0	0	0	0	0
8029	80	54.4543	51.516	4.37827	4.3888	0	0	0	0	0	0	0	0
8029	81	52.421	53.9784	3.88998	3.90324	0	0	0	0	0	0	0	0
8029	82	58.8833	53.8057	4.02884	4.05675	0	0	0	0	0	0	0	0
8029	83	58.2273	54.6108	3.49765	3.546	0	0	0	0	0	0	0	0
8029	84	53.8957	54.6643	3.53569	3.52758	0	0	0	0	0	0	0	0
8029	85	55.5488	58.8603	3.31112	3.32866	0	0	0	0	0	0	0	0
8029	86	57.7465	56.0286	3.28709	3.30615	0	0	0	0	0	0	0	0
8029	87	53.5548	56.2517	3.22741	3.19002	0	0	0	0	0	0	0	0
8029	88	57.0738	57.7494	3.14574	3.12101	0	0	0	0	0	0	0	0
8029	89	49.7234	50.526	3.06311	3.0662	0	0	0	0	0	0	0	0
8029	90	57.9382	56.1348	3.40975	3.40822	0	0	0	0	0	0	0	0
8029	91	50.4899	51.7862	3.07687	3.09449	0	0	0	0	0	0	0	0
8029	92	54.3817	54.1845	3.10039	3.11786	0	0	0	0	0	0	0	0
8029	93	57.087	57.1485	3.10849	3.10739	0	0	0	0	0	0	0	0
8029	94	57.0011	58.137	3.10513	3.10025	0	0	0	0	0	0	0	0
8029	95	56.3898	57.127	3.53539	3.49143	0	0	0	0	0	0	0	0
8029	96	60.6184	61.8928	2.21004	2.1946	0	0	0	0	0	0	0	0
8029	97	64.0973	59.7605	2.1706	2.22227	0	0	0	0	0	0	0	0
8029	98	66.7886	65.6521	2.17797	2.18474	0	0	0	0	0	0	0	0
8029	99	60.4544	64.9737	2.3134	2.30319	0	0	0	0	0	0	0	0
8029	100	63.922	70.0221	2.16628	2.16798	0	0	0	0	0	0	0	0
8029	101	61.8336	67.5441	2.41554	2.3794	0	0	0	0	0	0	0	0
8029	102	67.1503	66.2285	2.17541	2.1913	0	0	0	0	0	0	0	0
8029	103	63.5026	60.8591	2.25136	2.26841	0	0	0	0	0	0	0	0
8029	104	60.6568	65.8218	2.14421	2.13846	0	0	0	0	0	0	0	0
8029	105	67.2333	58.4766	2.16057	2.21474	0	0	0	0	0	0	0	0
8029	106	60.0257	64.1236	2.265	2.24303	0	0	0	0	0	0	0	0
8029	107	64.4804	63.2439	2.19944	2.2193	0	0	0	0	0	0	0	0
8029	108	65.0101	65.018	2.19132	2.19079	0	0	0	0	0	0	0	0
8029	109	63.1356	60.9908	2.18764	2.19962	0	0	0	0	0	0	0	0
8029	110	69.8335	64.357	2.17594	2.19967	0	0	0	0	0	0	0	0
8029	111	61.5248	63.299	2.20974	2.21866	0	0	0	0	0	0	0	0
8029	112	64.5095	66.9281	2.68248	2.67099	0	0	0	0	0	0	0	0
8029	113	65.2646	70.6331	2.64405	2.64288	0	0	0	0	0	0	0	0
8029	114	62.7033	61.6971	2.70165	2.72466	0	0	0	0	0	0	0	0
8029	115	72.0883	62.1748	2.61268	2.63874	0	0	0	0	0	0	0	0
8029	116	66.0791	64.6744	2.6227	2.60898	0	0	0	0	0	0	0	0
8029	117	57.2773	61.0687	2.68355	2.69678	0	0	0	0	0	0	0	0
8029	118	61.2637	68.1391	2.65554	2.62854	0	0	0	0	0	0	0	0
8029	119	62.0119	65.9678	2.61155	2.60626	0	0	0	0	0	0	0	0
8029	120	68.1409	68.7842	2.62806	2.65982	0	0	0	0	0	0	0	0
8029	121	62.8099	65.8893	2.67464	2.63342	0	0	0	0	0	0	0	0
8029	122	67.5846	66.4665	2.62209	2.64134	0	0	0	0	0	0	0	0
8029	123	60.1239	61.8841	2.61174	2.64068	0	0	0	0	0	0	0	0
8029	124	55.7387	60.2455	2.64545	2.66058	0	0	0	0	0	0	0	0
8029	125	58.8587	62.4656	2.80972	2.81598	0	0	0	0	0	0	0	0
8029	126	65.2717	62.1341	2.60224	2.65059	0	0	0	0	0	0	0	0
8029	127	64.6171	63.0019	2.62568	2.6558	0	0	0	0	0	0	0	0
8001	0	70.088	70.056	2.46667	2.46309	0	0	0	0	0	0	0	0
8001	1	77.5378	69.7033	2.32651	2.36436	0	0	0	0	0	0	0	0
8001	2	73.1406	69.8073	2.4462	2.44784	0	0	0	0	0	0	0	0
8001	3	71.5434	67.6642	2.42475	2.40781	0	0	0	0	0	0	0	0
8001	4	68.8317	70.576	2.37202	2.35158	0	0	0	0	0	0	0	0
8001	5	81.9989	75.178	2.447	2.36299	0	0	0	0	0	0	0	0
8001	6	73.8687	76.7135	2.30181	2.29779	0	0	0	0	0	0	0	0
8001	7	67.894	78.3518	2.36406	2.32675	0	0	0	0	0	0	0	0
8001	8	71.6379	70.5758	2.51776	2.50205	0	0	0	0	0	0	0	0
8001	9	68.8323	72.2448	2.41042	2.37281	0	0	0	0	0	0	0	0
8001	10	68.3074	65.9516	2.51084	2.51423	0	0	0	0	0	0	0	0
8001	11	70.8331	71.5559	2.38016	2.36309	0	0	0	0	0	0	0	0
8001	12	70.9193	73.8195	2.60001	2.60886	0	0	0	0	0	0	0	0
8001	13	68.7139	64.4166	2.31813	2.33207	0	0	0	0	0	0	0	0
8001	14	71.6275	72.2577	2.54527	2.546	0	0	0	0	0	0	0	0
8001	15	70.7917	72.5943	3.99466	3.95321	0	0	0	0	0	0	0	0
8001	16	63.8147	62.4984	2.36577	2.3659	0	0	0	0	0	0	0	0
8001	17	70.1139	63.6243	2.73957	2.70091	0	0	0	0	0	0	0	0
8001	18	60.4151	62.1908	2.48106	2.47801	0	0	0	0	0	0	0	0
8001	19	68.73	63.7164	2.45961	2.48777	0	0	0	0	0	0	0	0
8001	20	61.5036	57.8426	2.46015	2.4842	0	0	0	0	0	0	0	0
8001	21	70.06	64.6649	2.45974	2.41187	0	0	0	0	0	0	0	0
8001	22	62.3204	63.4863	2.49238	2.53621	0	0	0	0	0	0	0	0
8001	23	59.5614	67.4378	2.49576	2.46671	0	0	0	0	0	0	0	0
8001	24	66.3999	60.5745	2.44348	2.48984	0	0	0	0	0	0	0	0
8001	25	62.6734	58.5375	2.36149	2.3897	0	0	0	0	0	0	0	0
8001	26	60.595	61.1311	2.70555	2.73661	0	0	0	0	0	0	0	0
8001	27	63.5049	61.0386	2.48542	2.52582	0	0	0	0	0	0	0	0
8001	28	58.0029	61.6253	2.72675	2.75717	0	0	0	0	0	0	0	0
8001	29	53.3111	57.1726	2.50765	2.51513	0	0	0	0	0	0	0	0
8001	30	56.6718	60.5454	2.89375	2.90988	0	0	0	0	0	0	0	0
8001	31	61.889	61.6901	2.52143	2.55029	0	0	0	0	0	0	0	0
8001	32	84.7756	84.3769	2.95876	2.96457	0	0	0	0	0	0	0	0
8001	33	78.5771	89.881	2.86188	2.85008	0	0	0	0	0	0	0	0
8001	34	86.8539	92.201	2.93001	3.01595	0	0	0	0	0	0	0	0
8001	35	88.6054	89.2218	2.87065	2.90739	0	0	0	0	0	0	0	0
8001	36	85.889	86.3556	2.85584	2.84909	0	0	0	0	0	0	0	0
8001	37	85.1338	81.2493	2.74299	2.82799	0	0	0	0	0	0	0	0
8001	38	87.4272	86.7851	2.7278	2.74296	0	0	0	0	0	0	0	0
8001	39	79.871	83.2027	2.81698	2.84997	0	0	0	0	0	0	0	0
8001	40	92.5764	79.9476	2.80457	2.84992	0	0	0	0	0	0	0	0
8001	41	87.612	83.8594	2.66426	2.72082	0	0	0	0	0	0	0	0
8001	42	79.8216	75.9946	2.93415	2.90686	0	0	0	0	0	0	0	0
8001	43	83.4863	86.2276	2.80997	2.81886	0	0	0	0	0	0	0	0
8001	44	82.1548	80.9025	2.95972	2.95424	0	0	0	0	0	0	0	0
8001	45	88.6476	88.4086	2.6508	2.70109	0	0	0	0	0	0	0	0
8001	46	86.9809	88.5064	2.74702	2.7832	0	0	0	0	0	0	0	0
8001	47	84.8209	80.7016	2.66402	2.73812	0	0	0	0	0	0	0	0
8001	48	76.8081	77.3799	2.39298	2.36191	0	0	0	0	0	0	0	0
8001	49	76.1295	72.7094	2.38619	2.35272	0	0	0	0	0	0	0	0
8001	50	74.3545	83.7476	2.39108	2.32652	0	0	0	0	0	0	0	0
8001	51	83.2858	81.5688	2.34733	2.33205	0	0	0	0	0	0	0	0
8001	52	77.4276	82.3676	2.43122	2.34587	0	0	0	0	0	0	0	0
8001	53	77.4668	77.3617	2.70001	2.68787	0	0	0	0	0	0	0	0
8001	54	80.231	78.187	2.28783	2.33104	0	0	0	0	0	0	0	0
8001	55	79.8278	78.9597	2.39837	2.41605	0	0	0	0	0	0	0	0
8001	56	82.6115	76.5379	2.43433	2.49434	0	0	0	0	0	0	0	0
8001	57	82.3292	78.7581	2.4552	2.48032	0	0	0	0	0	0	0	0
8001	58	87.0996	74.5673	2.31557	2.34905	0	0	0	0	0	0	0	0
8001	59	76.5551	80.6488	2.57959	2.56768	0	0	0	0	0	0	0	0
8001	60	78.4663	76.3209	2.72673	2.73884	0	0	0	0	0	0	0	0
8001	61	76.9849	77.8488	2.65665	2.6751	0	0	0	0	0	0	0	0
8001	62	79.5397	84.0787	2.88975	2.81521	0	0	0	0	0	0	0	0
8001	63	73.6845	76.0639	3.08419	3.09153	0	0	0	0	0	0	0	0
8001	64	63.3431	64.1578	3.35732	3.34681	0	0	0	0	0	0	0	0
8001	65	63.8119	61.3847	2.64819	2.68886	0	0	0	0	0	0	0	0
8001	66	59.2642	65.8197	2.83329	2.74322	0	0	0	0	0	0	0	0
8001	67	64.3819	68.6981	2.76979	2.74098	0	0	0	0	0	0	0	0
8001	68	60.3344	63.0435	2.63068	2.60396	0	0	0	0	0	0	0	0
8001	69	61.7195	60.1872	2.52629	2.52937	0	0	0	0	0	0	0	0
8001	70	63.8529	64.3203	2.87522	2.86937	0	0	0	0	0	0	0	0
8001	71	58.5986	64.9875	2.91574	2.8849	0	0	0	0	0	0	0	0
8001	72	65.6936	66.0385	3.08782	3.09494	0	0	0	0	0	0	0	0
8001	73	62.5859	59.2983	3.10666	3.15665	0	0	0	0	0	0	0	0
8001	74	63.0007	64.3549	2.80566	2.77583	0	0	0	0	0	0	0	0
8001	75	59.4671	62.0844	2.95261	2.93613	0	0	0	0	0	0	0	0
8001	76	65.0565	59.9777	2.66403	2.67785	0	0	0	0	0	0	0	0
8001	77	59.8602	61.7819	3.02727	3.0142	0	0	0	0	0	0	0	0
8001	78	66.4615	57.8647	2.64576	2.66611	0	0	0	0	0	0	0	0
8001	79	65.4804	63.1772	2.75265	2.77394	0	0	0	0	0	0	0	0
8001	80	77.8059	79.7045	4.17777	4.19834	0	0	0	0	0	0	0	0
8001	81	84.1237	83.0411	3.23243	3.25579	0	0	0	0	0	0	0	0
8001	82	80.8974	81.5877	3.43081	3.43262	0	0	0	0	0	0	0	0
8001	83	77.8923	82.7266	2.91188	2.89827	0	0	0	0	0	0	0	0
8001	84	83.0702	80.057	2.97048	3.01795	0	0	0	0	0	0	0	0
8001	85	81.8763	82.2011	2.8533	2.87449	0	0	0	0	0	0	0	0
8001	86	79.3761	79.1447	2.81976	2.82888	0	0	0	0	0	0	0	0
8001	87	77.3452	79.8618	3.00117	3.00654	0	0	0	0	0	0	0	0
8001	88	79.3369	81.849	2.77916	2.76027	0	0	0	0	0	0	0	0
8001	89	78.9254	82.2277	2.7248	2.7275	0	0	0	0	0	0	0	0
8001	90	73.8489	77.1894	2.74804	2.72838	0	0	0	0	0	0	0	0
8001	91	76.6149	76.6187	2.77897	2.78736	0	0	0	0	0	0	0	0
8001	92	81.6679	79.4315	2.77887	2.7996	0	0	0	0	0	0	0	0
8001	93	78.8678	80.3518	3.12591	3.10074	0	0	0	0	0	0	0	0
8001	94	80.0467	81.1125	2.81116	2.80337	0	0	0	0	0	0	0	0
8001	95	74.9373	80.2327	2.94905	2.94585	0	0	0	0	0	0	0	0
8001	96	86.9522	80.983	2.11752	2.14937	0	0	0	0	0	0	0	0
8001	97	85.9799	86.8449	2.16769	2.17798	0	0	0	0	0	0	0	0
8001	98	85.5658	91.8084	2.12429	2.13105	0	0	0	0	0	0	0	0
8001	99	88.6882	89.8021	2.13198	2.14522	0	0	0	0	0	0	0	0
8001	100	83.4351	84.3306	2.12818	2.10097	0	0	0	0	0	0	0	0
8001	101	89.1078	89.8988	2.15787	2.16508	0	0	0	0	0	0	0	0
8001	102	84.775	89.424	2.11165	2.1068	0	0	0	0	0	0	0	0
8001	103	95.4062	87.4535	2.15841	2.15373	0	0	0	0	0	0	0	0
8001	104	88.2394	89.4487	2.08239	2.09547	0	0	0	0	0	0	0	0
8001	105	87.4637	87.2004	2.07575	2.08775	0	0	0	0	0	0	0	0
8001	106	88.1673	86.4598	2.09446	2.07386	0	0	0	0	0	0	0	0
8001	107	89.2933	85.1067	2.33939	2.3177	0	0	0	0	0	0	0	0
8001	108	88.287	88.1701	2.13097	2.15467	0	0	0	0	0	0	0	0
8001	109	89.5287	85.2938	2.17815	2.17324	0	0	0	0	0	0	0	0
8001	110	84.5344	89.769	2.12242	2.14411	0	0	0	0	0	0	0	0
8001	111	85.3159	88.623	2.2364	2.26017	0	0	0	0	0	0	0	0
8001	112	69.7961	67.3139	2.15623	2.19202	0	0	0	0	0	0	0	0
8001	113	68.7591	70.1019	2.08648	2.03659	0	0	0	0	0	0	0	0
8001	114	69.1351	68.4485	2.13389	2.1438	0	0	0	0	0	0	0	0
8001	115	66.724	64.9142	2.04674	2.07522	0	0	0	0	0	0	0	0
8001	116	66.3108	65.2565	2.08893	2.11496	0	0	0	0	0	0	0	0
8001	117	69.7523	71.2659	2.05282	2.03939	0	0	0	0	0	0	0	0
8001	118	71.9212	70.0306	2.0568	2.09071	0	0	0	0	0	0	0	0
8001	119	70.881	67.1587	2.04887	2.05731	0	0	0	0	0	0	0	0
8001	120	70.5575	71.3478	2.15034	2.15217	0	0	0	0	0	0	0	0
8001	121	66.939	68.1228	2.11682	2.12133	0	0	0	0	0	0	0	0
8001	122	61.8925	63.6254	2.17456	2.18281	0	0	0	0	0	0	0	0
8001	123	69.3012	68.5893	2.14594	2.15292	0	0	0	0	0	0	0	0
8001	124	66.5846	70.7584	2.19774	2.16989	0	0	0	0	0	0	0	0
8001	125	74.7841	68.5012	2.11558	2.15426	0	0	0	0	0	0	0	0
8001	126	66.2904	71.9285	2.14845	2.11181	0	0	0	0	0	0	0	0
8001	127	73.7648	72.6855	2.12219	2.12451	0	0	0	0	0	0	0	0
8113	0	78.5087	76.595	2.91897	2.93824	0	0	0	0	0	0	0	0
8113	1	73.3445	69.0624	2.85559	2.84183	0	0	0	0	0	0	0	0
8113	2	71.6884	75.6982	2.91481	2.95118	0	0	0	0	0	0	0	0
8113	3	68.9149	67.2271	2.84688	2.80898	0	0	0	0	0	0	0	0
8113	4	70.3202	64.1167	2.83361	2.83649	0	0	0	0	0	0	0	0
8113	5	58.7982	64.7354	2.9147	2.90315	0	0	0	0	0	0	0	0
8113	6	63.5588	60.8002	2.84268	2.82655	0	0	0	0	0	0	0	0
8113	7	76.2696	67.5642	2.93704	2.89722	0	0	0	0	0	0	0	0
8113	8	73.0283	70.6551	2.9963	2.99035	0	0	0	0	0	0	0	0
8113	9	65.7632	61.3966	3.02902	3.03267	0	0	0	0	0	0	0	0
8113	10	67.8316	69.6046	2.942	2.91528	0	0	0	0	0	0	0	0
8113	11	64.7292	61.4846	2.87171	2.87484	0	0	0	0	0	0	0	0
8113	12	70.6865	64.1938	2.86078	2.89891	0	0	0	0	0	0	0	0
8113	13	60.9596	60.6645	3.14811	3.14189	0	0	0	0	0	0	0	0
8113	14	63.0187	66.1534	2.79867	2.77742	0	0	0	0	0	0	0	0
8113	15	65.3804	61.5201	2.79864	2.81085	0	0	0	0	0	0	0	0
8113	16	79.8444	75.8699	2.83317	2.85375	0	0	0	0	0	0	0	0
8113	17	81.4604	67.9227	3.02784	3.02657	0	0	0	0	0	0	0	0
8113	18	73.8652	66.9881	2.76042	2.78015	0	0	0	0	0	0	0	0
8113	19	61.7913	67.3939	2.98658	2.999	0	0	0	0	0	0	0	0
8113	20	70.6184	74.2865	2.79017	2.80447	0	0	0	0	0	0	0	0
8113	21	77.5834	75.3474	3.28978	3.28696	0	0	0	0	0	0	0	0
8113	22	70.2593	83.8409	2.86486	2.88184	0	0	0	0	0	0	0	0
8113	23	66.5668	72.3587	2.88347	2.89002	0	0	0	0	0	0	0	0
8113	24	70.0169	73.8592	2.91571	2.95453	0	0	0	0	0	0	0	0
8113	25	68.4095	65.4072	2.80932	2.83364	0	0	0	0	0	0	0	0
8113	26	76.8086	76.6277	2.92357	2.97147	0	0	0	0	0	0	0	0
8113	27	68.723	65.1872	2.98351	3.01216	0	0	0	0	0	0	0	0
8113	28	68.7317	75.327	2.8591	2.88159	0	0	0	0	0	0	0	0
8113	29	70.8314	70.7232	2.91294	2.93607	0	0	0	0	0	0	0	0
8113	30	70.1536	75.9344	2.90088	2.89854	0	0	0	0	0	0	0	0
8113	31	67.8028	67.0936	2.94234	2.97108	0	0	0	0	0	0	0	0
8113	32	60.2299	62.8663	3.22292	3.20253	0	0	0	0	0	0	0	0
8113	33	66.5586	69.2156	3.03138	3.05247	0	0	0	0	0	0	0	0
8113	34	60.5899	60.5107	3.17058	3.166	0	0	0	0	0	0	0	0
8113	35	59.6663	63.0242	3.19387	3.20467	0	0	0	0	0	0	0	0
8113	36	68.814	69.9582	3.14402	3.1528	0	0	0	0	0	0	0	0
8113	37	62.4111	63.1401	3.29867	3.28323	0	0	0	0	0	0	0	0
8113	38	60.5297	58.3564	3.2069	3.23216	0	0	0	0	0	0	0	0
8113	39	63.2961	71.7933	2.90759	2.92058	0	0	0	0	0	0	0	0
8113	40	62.7647	57.2255	3.07188	3.09647	0	0	0	0	0	0	0	0
8113	41	65.0709	64.7969	3.08026	3.12227	0	0	0	0	0	0	0	0
8113	42	59.1527	62.8794	3.97598	3.89968	0	0	0	0	0	0	0	0
8113	43	63.4216	64.3181	3.12341	3.13053	0	0	0	0	0	0	0	0
8113	44	61.0945	60.8884	3.42311	3.39664	0	0	0	0	0	0	0	0
8113	45	62.6453	59.5138	3.06028	3.07061	0	0	0	0	0	0	0	0
8113	46	60.0941	62.0827	3.10014	3.09123	0	0	0	0	0	0	0	0
8113	47	56.2837	57.1367	2.97916	3.00945	0	0	0	0	0	0	0	0
8113	48	76.9677	77.378	2.70746	2.72359	0	0	0	0	0	0	0	0
8113	49	79.1412	74.4792	2.83145	2.89315	0	0	0	0	0	0	0	0
8113	50	74.1268	79.1141	2.77882	2.77545	0	0	0	0	0	0	0	0
8113	51	75.0116	81.6407	2.83526	2.8299	0	0	0	0	0	0	0	0
8113	52	72.6491	72.4993	2.82229	2.80501	0	0	0	0	0	0	0	0
8113	53	73.154	80.5511	2.89542	2.89241	0	0	0	0	0	0	0	0
8113	54	67.2451	71.8345	2.69686	2.70908	0	0	0	0	0	0	0	0
8113	55	74.7414	78.0609	2.86897	2.87098	0	0	0	0	0	0	0	0
8113	56	73.4016	77.178	2.61341	2.61987	0	0	0	0	0	0	0	0
8113	57	72.5172	73.3062	2.78266	2.82797	0	0	0	0	0	0	0	0
8113	58	70.7354	75.0268	2.85795	2.87964	0	0	0	0	0	0	0	0
8113	59	74.9659	71.8932	2.97942	3.02883	0	0	0	0	0	0	0	0
8113	60	79.2048	70.1389	2.79853	2.8798	0	0	0	0	0	0	0	0
8113	61	68.6552	77.153	3.03356	3.02407	0	0	0	0	0	0	0	0
8113	62	75.8775	73.8826	3.01229	3.04124	0	0	0	0	0	0	0	0
8113	63	71.5183	72.812	3.1444	3.17904	0	0	0	0	0	0	0	0
8113	64	65.9244	60.0923	3.00127	3.04413	0	0	0	0	0	0	0	0
8113	65	65.8986	68.5654	3.13936	3.1179	0	0	0	0	0	0	0	0
8113	66	69.2121	67.1046	3.14773	3.14777	0	0	0	0	0	0	0	0
8113	67	63.3423	67.364	3.11308	3.0575	0	0	0	0	0	0	0	0
8113	68	69.7353	63.2963	3.12041	3.10966	0	0	0	0	0	0	0	0
8113	69	68.753	68.9968	3.2251	3.20374	0	0	0	0	0	0	0	0
8113	70	67.7328	69.4677	3.0771	3.06751	0	0	0	0	0	0	0	0
8113	71	66.6839	71.39	3.96295	3.92504	0	0	0	0	0	0	0	0
8113	72	66.4133	67.7858	3.19601	3.20462	0	0	0	0	0	0	0	0
8113	73	60.3248	70.6721	3.39535	3.35569	0	0	0	0	0	0	0	0
8113	74	72.6451	69.127	3.24293	3.23979	0	0	0	0	0	0	0	0
8113	75	68.4175	68.428	3.39933	3.37769	0	0	0	0	0	0	0	0
8113	76	72.1305	66.1474	3.38758	3.39724	0	0	0	0	0	0	0	0
8113	77	68.9137	68.1425	3.8052	3.80548	0	0	0	0	0	0	0	0
8113	78	64.2562	65.8141	3.53378	3.50424	0	0	0	0	0	0	0	0
8113	79	64.4448	65.4311	3.53131	3.50366	0	0	0	0	0	0	0	0
8113	80	78.845	70.1622	4.20856	4.22167	0	0	0	0	0	0	0	0
8113	81	75.0108	74.4251	3.25239	3.22551	0	0	0	0	0	0	0	0
8113	82	75.167	82.9548	3.58298	3.53744	0	0	0	0	0	0	0	0
8113	83	81.4211	82.4596	2.7589	2.82141	0	0	0	0	0	0	0	0
8113	84	71.8379	75.2165	3.10499	3.09002	0	0	0	0	0	0	0	0
8113	85	79.6246	77.9119	2.826	2.83458	0	0	0	0	0	0	0	0
8113	86	69.8396	79.2597	3.0589	3.02272	0	0	0	0	0	0	0	0
8113	87	75.6129	76.2082	2.88634	2.83711	0	0	0	0	0	0	0	0
8113	88	75.9197	77.7039	3.0277	3.03645	0	0	0	0	0	0	0	0
8113	89	69.8549	71.1079	3.06333	3.04871	0	0	0	0	0	0	0	0
8113	90	75.8406	73.0721	3.26319	3.3112	0	0	0	0	0	0	0	0
8113	91	74.6545	72.3658	3.24233	3.27158	0	0	0	0	0	0	0	0
8113	92	72.293	73.7496	3.33725	3.35962	0	0	0	0	0	0	0	0
8113	93	76.5394	71.4686	3.45955	3.45675	0	0	0	0	0	0	0	0
8113	94	82.1353	78.2542	3.53674	3.53416	0	0	0	0	0	0	0	0
8113	95	70.3505	74.5791	3.73581	3.7565	0	0	0	0	0	0	0	0
8113	96	72.6348	67.978	2.60007	2.62424	0	0	0	0	0	0	0	0
8113	97	71.2361	68.4938	2.60357	2.58076	0	0	0	0	0	0	0	0
8113	98	79.3979	73.3612	2.56464	2.558	0	0	0	0	0	0	0	0
8113	99	71.2947	71.2788	2.71808	2.69753	0	0	0	0	0	0	0	0
8113	100	72.1141	70.3276	2.54672	2.53832	0	0	0	0	0	0	0	0
8113	101	63.7574	70.0595	2.66284	2.65525	0	0	0	0	0	0	0	0
8113	102	71.2063	71.345	2.56401	2.58386	0	0	0	0	0	0	0	0
8113	103	65.0505	68.5338	2.64164	2.6394	0	0	0	0	0	0	0	0
8113	104	72.5608	74.0928	2.62645	2.60254	0	0	0	0	0	0	0	0
8113	105	68.41	66.81	2.87646	2.86422	0	0	0	0	0	0	0	0
8113	106	69.5813	73.4925	2.70973	2.67082	0	0	0	0	0	0	0	0
8113	107	69.7992	70.9989	2.77235	2.78685	0	0	0	0	0	0	0	0
8113	108	73.0279	75.5393	3.13734	3.10909	0	0	0	0	0	0	0	0
8113	109	70.9871	70.2432	2.74792	2.76111	0	0	0	0	0	0	0	0
8113	110	72.6652	74.49	2.69864	2.65917	0	0	0	0	0	0	0	0
8113	111	63.7391	73.1798	2.79075	2.75927	0	0	0	0	0	0	0	0
8113	112	83.9966	83.1569	2.52981	2.54921	0	0	0	0	0	0	0	0
8113	113	86.6766	87.3784	2.41703	2.41728	0	0	0	0	0	0	0	0
8113	114	84.1854	81.7762	2.58741	2.63566	0	0	0	0	0	0	0	0
8113	115	80.4754	81.1423	2.43307	2.45737	0	0	0	0	0	0	0	0
8113	116	79.8146	83.7707	2.73638	2.7276	0	0	0	0	0	0	0	0
8113	117	80.2795	82.6959	2.6743	2.68647	0	0	0	0	0	0	0	0
8113	118	77.5005	83.296	2.59678	2.59527	0	0	0	0	0	0	0	0
8113	119	88.3426	83.1086	2.61916	2.62626	0	0	0	0	0	0	0	0
8113	120	86.3751	86.326	2.74619	2.73097	0	0	0	0	0	0	0	0
8113	121	87.3841	82.328	2.64219	2.70217	0	0	0	0	0	0	0	0
8113	122	84.2817	85.3911	2.83542	2.84664	0	0	0	0	0	0	0	0
8113	123	77.5	82.89	2.66901	2.694	0	0	0	0	0	0	0	0
8113	124	78.9967	85.3403	2.81187	2.78938	0	0	0	0	0	0	0	0
8113	125	84.0526	83.5743	2.6629	2.69309	0	0	0	0	0	0	0	0
8113	126	85.3261	86.2198	2.70574	2.71628	0	0	0	0	0	0	0	0
8113	127	86.427	89.0815	2.70316	2.70943	0	0	0	0	0	0	0	0
8077	0	76.2775	72.0985	2.32888	2.30216	0	0	0	0	0	0	0	0
8077	1	66.0192	70.8781	2.27012	2.25823	0	0	0	0	0	0	0	0
8077	2	66.7425	73.7266	2.34825	2.30925	0	0	0	0	0	0	0	0
8077	3	76.4025	71.1875	2.37455	2.37923	0	0	0	0	0	0	0	0
8077	4	78.022	67.623	2.33556	2.29906	0	0	0	0	0	0	0	0
8077	5	79.5148	79.3078	2.24605	2.19601	0	0	0	0	0	0	0	0
8077	6	67.7823	73.2871	2.29803	2.28047	0	0	0	0	0	0	0	0
8077	7	80.737	71.9097	2.37907	2.3632	0	0	0	0	0	0	0	0
8077	8	75.9831	71.2286	2.50711	2.49519	0	0	0	0	0	0	0	0
8077	9	72.9933	70.3801	2.20662	2.22775	0	0	0	0	0	0	0	0
8077	10	75.9619	73.2141	2.39934	2.40766	0	0	0	0	0	0	0	0
8077	11	79.5863	69.1109	2.36736	2.36295	0	0	0	0	0	0	0	0
8077	12	73.6254	71.2686	2.49596	2.48267	0	0	0	0	0	0	0	0
8077	13	68.1454	68.4971	2.27989	2.27322	0	0	0	0	0	0	0	0
8077	14	74.5969	69.6554	2.33442	2.32622	0	0	0	0	0	0	0	0
8077	15	73.3415	71.0593	2.32464	2.31894	0	0	0	0	0	0	0	0
8077	16	67.9843	70.3318	3.11579	3.12583	0	0	0	0	0	0	0	0
8077	17	66.085	61.0429	2.78422	2.79867	0	0	0	0	0	0	0	0
8077	18	80.0985	70.0161	2.35677	2.31761	0	0	0	0	0	0	0	0
8077	19	69.9291	71.9078	2.51965	2.51768	0	0	0	0	0	0	0	0
8077	20	67.9082	66.6234	2.86516	2.87817	0	0	0	0	0	0	0	0
8077	21	72.976	69.6138	2.38479	2.3789	0	0	0	0	0	0	0	0
8077	22	69.4797	70.3599	2.25164	2.25202	0	0	0	0	0	0	0	0
8077	23	74.6724	73.8842	2.32908	2.29984	0	0	0	0	0	0	0	0
8077	24	64.0008	62.7332	2.41205	2.40626	0	0	0	0	0	0	0	0
8077	25	64.0346	68.6414	2.32737	2.30682	0	0	0	0	0	0	0	0
8077	26	66.0341	66.702	2.28836	2.29624	0	0	0	0	0	0	0	0
8077	27	61.4734	75.1178	2.8158	2.77032	0	0	0	0	0	0	0	0
8077	28	58.2591	62.8499	2.59295	2.61166	0	0	0	0	0	0	0	0
8077	29	64.7255	66.9445	3.21578	3.19385	0	0	0	0	0	0	0	0
8077	30	68.2086	73.2316	2.25549	2.23195	0	0	0	0	0	0	0	0
8077	31	60.4394	63.1333	2.21686	2.21262	0	0	0	0	0	0	0	0
8077	32	62.8234	63.3687	2.91774	2.95182	0	0	0	0	0	0	0	0
8077	33	58.4132	64.9881	2.78558	2.79656	0	0	0	0	0	0	0	0
8077	34	64.9968	61.904	2.87698	2.92607	0	0	0	0	0	0	0	0
8077	35	64.7481	65.9533	2.72953	2.74366	0	0	0	0	0	0	0	0
8077	36	70.9691	64.4979	2.93895	2.97765	0	0	0	0	0	0	0	0
8077	37	64.1534	62.4475	3.08211	3.13752	0	0	0	0	0	0	0	0
8077	38	64.7512	71.7647	2.64988	2.69192	0	0	0	0	0	0	0	0
8077	39	59.5523	57.1867	2.60635	2.59965	0	0	0	0	0	0	0	0
8077	40	61.0266	62.419	3.03566	3.01347	0	0	0	0	0	0	0	0
8077	41	59.182	64.1064	2.67975	2.65441	0	0	0	0	0	0	0	0
8077	42	60.9099	59.8977	2.91075	2.92502	0	0	0	0	0	0	0	0
8077	43	61.2581	62.3514	2.69584	2.72778	0	0	0	0	0	0	0	0
8077	44	62.0727	61.7279	3.04569	3.065	0	0	0	0	0	0	0	0
8077	45	64.0634	64.4812	2.57767	2.59467	0	0	0	0	0	0	0	0
8077	46	62.4947	67.1396	2.74252	2.72669	0	0	0	0	0	0	0	0
8077	47	60.6263	66.1472	2.70781	2.6906	0	0	0	0	0	0	0	0
8077	48	76.6978	73.5655	2.65751	2.66271	0	0	0	0	0	0	0	0
8077	49	71.0207	76.3925	2.35882	2.3442	0	0	0	0	0	0	0	0
8077	50	68.2004	70.2717	2.30186	2.31555	0	0	0	0	0	0	0	0
8077	51	73.1942	70.2283	2.55853	2.57077	0	0	0	0	0	0	0	0
8077	52	68.1717	71.2691	2.37104	2.37615	0	0	0	0	0	0	0	0
8077	53	71.5038	74.257	2.42347	2.41695	0	0	0	0	0	0	0	0
8077	54	66.0305	64.0258	2.28908	2.27199	0	0	0	0	0	0	0	0
8077	55	75.5648	72.7838	2.4154	2.41903	0	0	0	0	0	0	0	0
8077	56	69.3546	68.2749	2.33815	2.33984	0	0	0	0	0	0	0	0
8077	57	72.9211	73.9777	2.61648	2.61117	0	0	0	0	0	0	0	0
8077	58	66.1967	67.1179	2.39733	2.40773	0	0	0	0	0	0	0	0
8077	59	74.3893	68.8456	2.59199	2.59259	0	0	0	0	0	0	0	0
8077	60	67.4089	68.8288	2.48351	2.46226	0	0	0	0	0	0	0	0
8077	61	74.6887	73.1119	2.56553	2.54378	0	0	0	0	0	0	0	0
8077	62	77.1439	73.6691	2.62931	2.61397	0	0	0	0	0	0	0	0
8077	63	73.7943	77.4462	2.67271	2.68438	0	0	0	0	0	0	0	0
8077	64	66.9552	68.5948	2.2419	2.24735	0	0	0	0	0	0	0	0
8077	65	73.4746	74.9331	2.43922	2.45097	0	0	0	0	0	0	0	0
8077	66	72.1524	72.7444	2.51311	2.50659	0	0	0	0	0	0	0	0
8077	67	70.8848	69.8469	2.72205	2.72719	0	0	0	0	0	0	0	0
8077	68	69.2891	71.6872	2.32801	2.3442	0	0	0	0	0	0	0	0
8077	69	70.4213	71.8811	2.61993	2.61947	0	0	0	0	0	0	0	0
8077	70	72.282	72.9503	4.23513	4.18362	0	0	0	0	0	0	0	0
8077	71	73.4489	74.1309	2.3228	2.34618	0	0	0	0	0	0	0	0
8077	72	74.1867	75.4008	2.83405	2.8306	0	0	0	0	0	0	0	0
8077	73	68.4742	63.6514	2.91562	2.90305	0	0	0	0	0	0	0	0
8077	74	74.7083	76.4647	2.28108	2.28254	0	0	0	0	0	0	0	0
8077	75	74.8602	70.6866	2.33367	2.36417	0	0	0	0	0	0	0	0
8077	76	74.9174	74.1212	2.31116	2.38077	0	0	0	0	0	0	0	0
8077	77	69.0708	71.5238	2.90484	2.92173	0	0	0	0	0	0	0	0
8077	78	74.1181	71.9766	2.8139	2.8333	0	0	0	0	0	0	0	0
8077	79	70.3696	74.959	2.54729	2.54358	0	0	0	0	0	0	0	0
8077	80	75.1771	69.9726	3.9148	3.93387	0	0	0	0	0	0	0	0
8077	81	74.1799	74.9187	3.29558	3.2778	0	0	0	0	0	0	0	0
8077	82	79.8172	75.5793	3.09511	3.13166	0	0	0	0	0	0	0	0
8077	83	74.8441	76.178	3.31233	3.33043	0	0	0	0	0	0	0	0
8077	84	77.3624	74.7588	3.49877	3.53455	0	0	0	0	0	0	0	0
8077	85	82.1581	73.9269	2.46081	2.50141	0	0	0	0	0	0	0	0
8077	86	74.2535	77.2127	2.80393	2.79172	0	0	0	0	0	0	0	0
8077	87	76.5475	83.0279	2.36464	2.33472	0	0	0	0	0	0	0	0
8077	88	73.6549	78.1979	2.62503	2.5887	0	0	0	0	0	0	0	0
8077	89	76.328	79.8815	2.48665	2.46621	0	0	0	0	0	0	0	0
8077	90	70.8625	70.525	3.02078	3.02565	0	0	0	0	0	0	0	0
8077	91	75.5291	72.4559	2.74197	2.74922	0	0	0	0	0	0	0	0
8077	92	76.8352	76.0611	2.53482	2.51696	0	0	0	0	0	0	0	0
8077	93	77.4197	76.9738	2.59534	2.61777	0	0	0	0	0	0	0	0
8077	94	81.597	80.256	2.75194	2.76338	0	0	0	0	0	0	0	0
8077	95	75.6349	77.3167	2.68528	2.68898	0	0	0	0	0	0	0	0
8077	96	76.354	78.4562	2.22971	2.23798	0	0	0	0	0	0	0	0
8077	97	76.5662	63.9607	2.19546	2.20205	0	0	0	0	0	0	0	0
8077	98	77.7862	75.989	2.21839	2.22265	0	0	0	0	0	0	0	0
8077	99	73.645	74.0749	2.24545	2.25604	0	0	0	0	0	0	0	0
8077	100	72.085	74.214	2.36386	2.33621	0	0	0	0	0	0	0	0
8077	101	75.7434	72.9317	2.18738	2.21414	0	0	0	0	0	0	0	0
8077	102	74.8956	73.254	2.26955	2.32981	0	0	0	0	0	0	0	0
8077	103	71.034	74.0794	2.29862	2.31079	0	0	0	0	0	0	0	0
8077	104	70.547	69.9687	2.25685	2.25769	0	0	0	0	0	0	0	0
8077	105	67.5932	70.0575	2.31941	2.30429	0	0	0	0	0	0	0	0
8077	106	79.6157	77.3451	2.40025	2.41651	0	0	0	0	0	0	0	0
8077	107	76.9994	77.536	2.44661	2.42883	0	0	0	0	0	0	0	0
8077	108	74.4392	77.8494	2.28532	2.27715	0	0	0	0	0	0	0	0
8077	109	74.9589	75.2383	2.30125	2.3163	0	0	0	0	0	0	0	0
8077	110	74.9787	78.6423	2.31366	2.31091	0	0	0	0	0	0	0	0
8077	111	78.1897	77.3936	2.22806	2.26633	0	0	0	0	0	0	0	0
8077	112	71.9284	79.7096	2.45542	2.46009	0	0	0	0	0	0	0	0
8077	113	85.1488	79.2299	2.35003	2.44024	0	0	0	0	0	0	0	0
8077	114	81.7614	82.3128	2.3741	2.36544	0	0	0	0	0	0	0	0
8077	115	79.5922	81.9115	2.34615	2.32212	0	0	0	0	0	0	0	0
8077	116	79.4057	78.6788	2.41837	2.41691	0	0	0	0	0	0	0	0
8077	117	78.5488	77.7817	2.39802	2.42643	0	0	0	0	0	0	0	0
8077	118	83.0356	80.6433	2.34849	2.39755	0	0	0	0	0	0	0	0
8077	119	77.6899	76.2326	2.31911	2.32066	0	0	0	0	0	0	0	0
8077	120	77.9397	82.1404	2.40664	2.38889	0	0	0	0	0	0	0	0
8077	121	79.7224	79.723	2.43141	2.43408	0	0	0	0	0	0	0	0
8077	122	77.919	76.4342	2.3957	2.38786	0	0	0	0	0	0	0	0
8077	123	79.5097	73.3466	2.34633	2.34582	0	0	0	0	0	0	0	0
8077	124	80.4134	80.3155	2.35693	2.35113	0	0	0	0	0	0	0	0
8077	125	75.678	77.4614	2.41613	2.42891	0	0	0	0	0	0	0	0
8077	126	76.8859	77.9539	2.36138	2.35147	0	0	0	0	0	0	0	0
8077	127	77.1328	80.5037	2.38876	2.35814	0	0	0	0	0	0	0	0
8076	0	79.7009	78.7067	2.93535	2.92265	0	0	0	0	0	0	0	0
8076	1	75.5395	75.8794	2.82645	2.85796	0	0	0	0	0	0	0	0
8076	2	75.8544	77.9359	2.48628	2.4662	0	0	0	0	0	0	0	0
8076	3	83.6341	74.8974	2.80898	2.8704	0	0	0	0	0	0	0	0
8076	4	81.2255	84.5487	2.83303	2.78264	0	0	0	0	0	0	0	0
8076	5	73.6173	75.591	2.88993	2.90699	0	0	0	0	0	0	0	0
8076	6	80.0152	77.1203	2.42238	2.44995	0	0	0	0	0	0	0	0
8076	7	73.1111	75.636	3.8946	3.9469	0	0	0	0	0	0	0	0
8076	8	77.2742	78.8677	3.00691	2.98305	0	0	0	0	0	0	0	0
8076	9	71.8644	78.2324	2.54876	2.58126	0	0	0	0	0	0	0	0
8076	10	82.7793	77.2335	2.66366	2.69444	0	0	0	0	0	0	0	0
8076	11	77.3559	78.5595	2.88675	2.87865	0	0	0	0	0	0	0	0
8076	12	75.7615	77.2647	2.51428	2.54189	0	0	0	0	0	0	0	0
8076	13	82.0603	83.3624	2.73304	2.71267	0	0	0	0	0	0	0	0
8076	14	78.4831	80.4976	2.36452	2.33688	0	0	0	0	0	0	0	0
8076	15	70.5056	72.2842	2.58853	2.61594	0	0	0	0	0	0	0	0
8076	16	80.2389	69.1746	2.53707	2.52198	0	0	0	0	0	0	0	0
8076	17	70.9306	65.7665	3.01006	3.05135	0	0	0	0	0	0	0	0
8076	18	68.6882	74.3846	2.43946	2.41608	0	0	0	0	0	0	0	0
8076	19	73.5727	66.1221	2.7235	2.73146	0	0	0	0	0	0	0	0
8076	20	75.4777	78.2925	2.77236	2.81342	0	0	0	0	0	0	0	0
8076	21	72.6129	70.8295	2.38527	2.40068	0	0	0	0	0	0	0	0
8076	22	69.8157	70.9939	2.70798	2.69323	0	0	0	0	0	0	0	0
8076	23	67.9936	62.7463	2.31855	2.3362	0	0	0	0	0	0	0	0
8076	24	62.3013	68.1579	2.08954	2.0795	0	0	0	0	0	0	0	0
8076	25	63.6997	69.567	2.56869	2.58103	0	0	0	0	0	0	0	0
8076	26	67.2176	69.1166	2.21558	2.21721	0	0	0	0	0	0	0	0
8076	27	66.2614	68.7784	2.5332	2.54372	0	0	0	0	0	0	0	0
8076	28	69.7685	67.3805	2.54683	2.55496	0	0	0	0	0	0	0	0
8076	29	70.0867	71.4391	2.85002	2.85718	0	0	0	0	0	0	0	0
8076	30	70.8633	72.2543	2.49499	2.50215	0	0	0	0	0	0	0	0
8076	31	70.1186	62.3475	3.11363	3.15172	0	0	0	0	0	0	0	0
8076	32	53.3293	63.4039	3.05158	3.02616	0	0	0	0	0	0	0	0
8076	33	59.9287	58.7345	2.95153	2.93773	0	0	0	0	0	0	0	0
8076	34	63.5638	64.2137	3.15519	3.15694	0	0	0	0	0	0	0	0
8076	35	60.6551	66.9105	3.02645	3.04857	0	0	0	0	0	0	0	0
8076	36	61.8874	55.5075	2.91229	2.90019	0	0	0	0	0	0	0	0
8076	37	60.7892	61.3508	2.78078	2.79544	0	0	0	0	0	0	0	0
8076	38	53.8014	56.7544	2.88432	2.86705	0	0	0	0	0	0	0	0
8076	39	60.4771	55.2358	2.77996	2.79612	0	0	0	0	0	0	0	0
8076	40	56.5745	52.3805	2.95091	2.9722	0	0	0	0	0	0	0	0
8076	41	51.3797	52.8361	2.9184	2.93036	0	0	0	0	0	0	0	0
8076	42	52.2561	57.7206	2.95544	2.92174	0	0	0	0	0	0	0	0
8076	43	57.8432	57.2616	3.17437	3.14491	0	0	0	0	0	0	0	0
8076	44	59.5463	56.315	2.98025	2.99411	0	0	0	0	0	0	0	0
8076	45	56.9339	53.4033	2.90493	2.93864	0	0	0	0	0	0	0	0
8076	46	56.7231	62.1785	2.83298	2.83125	0	0	0	0	0	0	0	0
8076	47	62.3961	57.9437	2.79943	2.78351	0	0	0	0	0	0	0	0
8076	48	79.0177	85.5714	2.8377	2.76381	0	0	0	0	0	0	0	0
8076	49	81.3878	83.0757	2.96671	2.91164	0	0	0	0	0	0	0	0
8076	50	79.9436	79.9335	2.61762	2.59885	0	0	0	0	0	0	0	0
8076	51	75.7213	73.242	2.82003	2.80334	0	0	0	0	0	0	0	0
8076	52	80.2815	78.2273	2.7451	2.74229	0	0	0	0	0	0	0	0
8076	53	80.9996	81.9995	2.77092	2.76054	0	0	0	0	0	0	0	0
8076	54	84.7106	80.8343	2.84312	2.8442	0	0	0	0	0	0	0	0
8076	55	79.6756	79.6972	4.51126	4.47201	0	0	0	0	0	0	0	0
8076	56	76.5112	80.1975	2.77246	2.76219	0	0	0	0	0	0	0	0
8076	57	86.271	80.4413	2.62709	2.65587	0	0	0	0	0	0	0	0
8076	58	80.7462	77.1788	2.64953	2.63278	0	0	0	0	0	0	0	0
8076	59	77.3155	81.2134	2.92287	2.8892	0	0	0	0	0	0	0	0
8076	60	79.6667	75.6715	2.83502	2.8397	0	0	0	0	0	0	0	0
8076	61	73.8059	75.3206	3.0105	3.01417	0	0	0	0	0	0	0	0
8076	62	78.3074	73.6154	3.27817	3.32112	0	0	0	0	0	0	0	0
8076	63	71.3433	74.2535	3.08841	3.12472	0	0	0	0	0	0	0	0
8076	64	68.9714	68.092	2.95343	2.95014	0	0	0	0	0	0	0	0
8076	65	66.8942	69.6681	2.71327	2.72964	0	0	0	0	0	0	0	0
8076	66	73.3104	70.2006	2.37035	2.38566	0	0	0	0	0	0	0	0
8076	67	67.8366	62.5228	2.52024	2.56827	0	0	0	0	0	0	0	0
8076	68	62.7198	67.2	2.43771	2.42027	0	0	0	0	0	0	0	0
8076	69	70.5299	72.1285	2.59795	2.65009	0	0	0	0	0	0	0	0
8076	70	68.2708	68.481	2.40008	2.45548	0	0	0	0	0	0	0	0
8076	71	65.8294	68.7791	2.79628	2.79697	0	0	0	0	0	0	0	0
8076	72	63.1695	66.1307	2.64487	2.67529	0	0	0	0	0	0	0	0
8076	73	71.8802	69.4656	2.67111	2.69631	0	0	0	0	0	0	0	0
8076	74	66.2136	68.6581	2.41495	2.42273	0	0	0	0	0	0	0	0
8076	75	69.5055	71.5857	2.61537	2.62495	0	0	0	0	0	0	0	0
8076	76	64.7742	64.2818	3.16368	3.16106	0	0	0	0	0	0	0	0
8076	77	67.5414	67.2304	2.58271	2.58846	0	0	0	0	0	0	0	0
8076	78	65.8411	63.5381	2.49726	2.53632	0	0	0	0	0	0	0	0
8076	79	63.0036	65.7783	2.98417	3.00324	0	0	0	0	0	0	0	0
8076	80	65.9295	67.5404	4.20602	4.18444	0	0	0	0	0	0	0	0
8076	81	70.1399	68.239	3.34819	3.3356	0	0	0	0	0	0	0	0
8076	82	69.1735	64.2472	3.43894	3.505	0	0	0	0	0	0	0	0
8076	83	67.7111	66.9397	3.00751	3.01438	0	0	0	0	0	0	0	0
8076	84	67.468	67.0252	3.03627	3.04726	0	0	0	0	0	0	0	0
8076	85	65.2957	65.0294	2.86657	2.87434	0	0	0	0	0	0	0	0
8076	86	63.7816	70.6167	2.81074	2.8063	0	0	0	0	0	0	0	0
8076	87	64.2497	62.9815	2.83129	2.81857	0	0	0	0	0	0	0	0
8076	88	64.9299	65.6366	2.9649	2.94888	0	0	0	0	0	0	0	0
8076	89	66.3994	66.2808	3.22	3.22946	0	0	0	0	0	0	0	0
8076	90	68.1443	67.1353	2.9713	2.95093	0	0	0	0	0	0	0	0
8076	91	62.6589	61.6408	2.92065	2.92429	0	0	0	0	0	0	0	0
8076	92	67.3964	65.7996	2.83778	2.8206	0	0	0	0	0	0	0	0
8076	93	67.6281	64.6385	3.03389	3.01694	0	0	0	0	0	0	0	0
8076	94	65.4663	63.4009	2.86151	2.88926	0	0	0	0	0	0	0	0
8076	95	65.8325	64.4726	3.08921	3.06696	0	0	0	0	0	0	0	0
8076	96	71.569	71.4483	2.41693	2.43108	0	0	0	0	0	0	0	0
8076	97	75.5833	72.8766	2.43681	2.45567	0	0	0	0	0	0	0	0
8076	98	75.5453	74.9919	2.44332	2.44816	0	0	0	0	0	0	0	0
8076	99	77.3217	71.8728	2.50746	2.54217	0	0	0	0	0	0	0	0
8076	100	78.3137	73.115	2.40169	2.46318	0	0	0	0	0	0	0	0
8076	101	74.7822	75.8889	2.50159	2.50129	0	0	0	0	0	0	0	0
8076	102	79.9059	75.6551	2.39248	2.42649	0	0	0	0	0	0	0	0
8076	103	75.5944	81.0508	2.44869	2.4218	0	0	0	0	0	0	0	0
8076	104	75.5065	73.4797	2.45935	2.47819	0	0	0	0	0	0	0	0
8076	105	75.8794	76.6987	2.51525	2.50037	0	0	0	0	0	0	0	0
8076	106	74.9042	77.4335	2.48271	2.4652	0	0	0	0	0	0	0	0
8076	107	79.4497	77.254	2.48013	2.52342	0	0	0	0	0	0	0	0
8076	108	75.3626	70.5041	2.64486	2.67372	0	0	0	0	0	0	0	0
8076	109	72.8804	77.6534	2.49272	2.49423	0	0	0	0	0	0	0	0
8076	110	74.3458	75.5349	2.62443	2.62276	0	0	0	0	0	0	0	0
8076	111	72.5838	73.0536	2.54185	2.56267	0	0	0	0	0	0	0	0
8076	112	68.1461	73.7969	2.85352	2.88392	0	0	0	0	0	0	0	0
8076	113	72.2608	77.3147	2.91096	2.90259	0	0	0	0	0	0	0	0
8076	114	72.2714	75.8729	2.85652	2.85081	0	0	0	0	0	0	0	0
8076	115	74.482	68.6288	2.82614	2.82447	0	0	0	0	0	0	0	0
8076	116	73.8634	66.7922	2.88383	2.92432	0	0	0	0	0	0	0	0
8076	117	75.4578	72.4661	2.82169	2.84542	0	0	0	0	0	0	0	0
8076	118	74.828	80.034	2.83222	2.83191	0	0	0	0	0	0	0	0
8076	119	76.3476	78.5353	2.82931	2.82353	0	0	0	0	0	0	0	0
8076	120	71.8019	75.0551	2.8664	2.87772	0	0	0	0	0	0	0	0
8076	121	78.4599	81.971	2.87634	2.90658	0	0	0	0	0	0	0	0
8076	122	75.9837	73.6028	2.94594	2.95346	0	0	0	0	0	0	0	0
8076	123	74.2082	73.6911	2.8819	2.88352	0	0	0	0	0	0	0	0
8076	124	78.1496	77.8693	2.83304	2.84205	0	0	0	0	0	0	0	0
8076	125	74.4558	71.6418	2.93808	2.95024	0	0	0	0	0	0	0	0
8076	126	77.0932	77.6719	2.8485	2.85314	0	0	0	0	0	0	0	0
8076	127	72.6605	73.1094	2.93363	2.9151	0	0	0	0	0	0	0	0
8100	0	78.5133	78.1677	2.2664	2.28898	0	0	0	0	0	0	0	0
8100	1	79.6793	87.7683	2.36149	2.37147	0	0	0	0	0	0	0	0
8100	2	79.6404	74.7816	2.29107	2.33355	0	0	0	0	0	0	0	0
8100	3	76.1675	77.116	2.32756	2.33858	0	0	0	0	0	0	0	0
8100	4	75.9941	83.3751	2.35779	2.31528	0	0	0	0	0	0	0	0
8100	5	77.097	75.2498	2.39426	2.40599	0	0	0	0	0	0	0	0
8100	6	72.7245	75.4101	2.35827	2.37483	0	0	0	0	0	0	0	0
8100	7	81.0887	74.398	2.30855	2.35122	0	0	0	0	0	0	0	0
8100	8	83.0339	78.9541	2.36717	2.38979	0	0	0	0	0	0	0	0
8100	9	76.4232	81.8872	2.5986	2.56254	0	0	0	0	0	0	0	0
8100	10	78.2771	74.6057	2.3704	2.38156	0	0	0	0	0	0	0	0
8100	11	71.6645	76.9332	2.31117	2.3106	0	0	0	0	0	0	0	0
8100	12	80.5578	74.0581	2.32818	2.35342	0	0	0	0	0	0	0	0
8100	13	77.6497	76.4423	2.36234	2.35834	0	0	0	0	0	0	0	0
8100	14	85.3866	80.9745	2.34698	2.39151	0	0	0	0	0	0	0	0
8100	15	76.2777	74.8472	2.30678	2.32286	0	0	0	0	0	0	0	0
8100	16	78.9194	76.0082	2.95968	2.94947	0	0	0	0	0	0	0	0
8100	17	72.9541	73.8147	2.93688	2.96057	0	0	0	0	0	0	0	0
8100	18	76.0969	75.7399	3.0289	3.04397	0	0	0	0	0	0	0	0
8100	19	78.7147	67.584	2.97642	3.00759	0	0	0	0	0	0	0	0
8100	20	81.3998	77.832	3.03105	3.03767	0	0	0	0	0	0	0	0
8100	21	75.2282	67.5348	3.10633	3.1703	0	0	0	0	0	0	0	0
8100	22	75.6996	71.9909	3.09156	3.11468	0	0	0	0	0	0	0	0
8100	23	63.78	62.3972	3.0195	3.05289	0	0	0	0	0	0	0	0
8100	24	70.3375	72.4323	2.89726	2.90271	0	0	0	0	0	0	0	0
8100	25	70.4373	72.3451	2.90762	2.93902	0	0	0	0	0	0	0	0
8100	26	65.9671	73.6847	2.86161	2.83842	0	0	0	0	0	0	0	0
8100	27	72.1209	72.5199	3.11801	3.14191	0	0	0	0	0	0	0	0
8100	28	71.7169	76.5784	2.98567	2.98526	0	0	0	0	0	0	0	0
8100	29	64.3675	70.1311	3.01326	3.0212	0	0	0	0	0	0	0	0
8100	30	78.6917	71.3718	2.8661	2.87347	0	0	0	0	0	0	0	0
8100	31	63.321	64.1292	2.98248	2.95811	0	0	0	0	0	0	0	0
8100	32	84.8003	90.374	2.98619	2.99109	0	0	0	0	0	0	0	0
8100	33	96.6218	92.2455	2.80933	2.80824	0	0	0	0	0	0	0	0
8100	34	89.1029	92.2897	2.75371	2.74988	0	0	0	0	0	0	0	0
8100	35	90.1733	91.9421	2.59261	2.58322	0	0	0	0	0	0	0	0
8100	36	90.4669	95.0568	2.97789	2.99139	0	0	0	0	0	0	0	0
8100	37	86.6539	85.2856	2.5933	2.62247	0	0	0	0	0	0	0	0
8100	38	86.7737	89.7247	2.71062	2.74005	0	0	0	0	0	0	0	0
8100	39	82.3032	81.907	2.52878	2.53698	0	0	0	0	0	0	0	0
8100	40	87.1829	84.8402	2.50687	2.53904	0	0	0	0	0	0	0	0
8100	41	91.1921	87.5299	2.67438	2.65404	0	0	0	0	0	0	0	0
8100	42	88.0896	85.8116	2.65842	2.67081	0	0	0	0	0	0	0	0
8100	43	85.9963	85.0086	2.37322	2.37813	0	0	0	0	0	0	0	0
8100	44	79.1563	83.4553	2.91507	2.9147	0	0	0	0	0	0	0	0
8100	45	88.4712	90.1668	2.4271	2.46887	0	0	0	0	0	0	0	0
8100	46	81.8255	83.7653	2.56118	2.55582	0	0	0	0	0	0	0	0
8100	47	81.8391	86.622	2.43517	2.38292	0	0	0	0	0	0	0	0
8100	48	72.6746	78.8991	2.56809	2.57673	0	0	0	0	0	0	0	0
8100	49	76.6455	75.9023	2.59941	2.61938	0	0	0	0	0	0	0	0
8100	50	81.4338	78.6102	2.57538	2.5648	0	0	0	0	0	0	0	0
8100	51	81.4879	77.3559	2.56926	2.58717	0	0	0	0	0	0	0	0
8100	52	76.4928	83.4916	2.41041	2.4414	0	0	0	0	0	0	0	0
8100	53	74.397	81.0864	2.70492	2.70994	0	0	0	0	0	0	0	0
8100	54	77.5078	72.7145	2.48942	2.53438	0	0	0	0	0	0	0	0
8100	55	70.3856	70.6008	2.5318	2.54752	0	0	0	0	0	0	0	0
8100	56	75.0944	72.981	2.50636	2.53627	0	0	0	0	0	0	0	0
8100	57	77.6835	71.8058	2.54214	2.58182	0	0	0	0	0	0	0	0
8100	58	81.3709	86.7109	2.44194	2.47441	0	0	0	0	0	0	0	0
8100	59	70.5606	72.3155	2.75269	2.78473	0	0	0	0	0	0	0	0
8100	60	74.2845	74.1226	2.68982	2.72709	0	0	0	0	0	0	0	0
8100	61	74.5096	71.6645	2.73939	2.75993	0	0	0	0	0	0	0	0
8100	62	68.7603	73.9821	2.76409	2.79907	0	0	0	0	0	0	0	0
8100	63	69.3723	76.0221	2.91854	2.94884	0	0	0	0	0	0	0	0
8100	64	72.9363	73.0905	2.30125	2.28035	0	0	0	0	0	0	0	0
8100	65	73.8577	80.3773	2.25541	2.18289	0	0	0	0	0	0	0	0
8100	66	74.467	73.0612	2.25068	2.23495	0	0	0	0	0	0	0	0
8100	67	76.9768	76.7581	2.2088	2.20252	0	0	0	0	0	0	0	0
8100	68	79.6291	75.1314	2.23118	2.26616	0	0	0	0	0	0	0	0
8100	69	74.7239	76.7693	2.2632	2.23053	0	0	0	0	0	0	0	0
8100	70	75.2554	77.7285	2.24057	2.18043	0	0	0	0	0	0	0	0
8100	71	74.889	75.0455	2.23872	2.20574	0	0	0	0	0	0	0	0
8100	72	76.0213	75.1508	2.31248	2.29426	0	0	0	0	0	0	0	0
8100	73	78.5128	74.3531	2.26018	2.29649	0	0	0	0	0	0	0	0
8100	74	74.8297	77.0304	2.26677	2.20766	0	0	0	0	0	0	0	0
8100	75	77.3678	76.1337	2.32722	2.34097	0	0	0	0	0	0	0	0
8100	76	75.1513	79.7799	2.37306	2.28436	0	0	0	0	0	0	0	0
8100	77	78.8648	73.4567	2.29694	2.32208	0	0	0	0	0	0	0	0
8100	78	75.1133	74.5875	2.39719	2.37621	0	0	0	0	0	0	0	0
8100	79	73.341	78.0909	2.44233	2.37692	0	0	0	0	0	0	0	0
8100	80	72.2798	80.4728	4.16115	4.13688	0	0	0	0	0	0	0	0
8100	81	76.0338	81.0799	3.56155	3.52107	0	0	0	0	0	0	0	0
8100	82	78.627	85.4071	3.45076	3.38971	0	0	0	0	0	0	0	0
8100	83	77.7354	76.4884	2.99588	3.01322	0	0	0	0	0	0	0	0
8100	84	82.5395	83.6349	3.0694	3.07427	0	0	0	0	0	0	0	0
8100	85	77.5695	80.8893	2.76964	2.75015	0	0	0	0	0	0	0	0
8100	86	79.5671	82.5939	2.88765	2.846	0	0	0	0	0	0	0	0
8100	87	73.5014	76.7348	2.74729	2.74911	0	0	0	0	0	0	0	0
8100	88	76.3973	80.5642	2.76531	2.77604	0	0	0	0	0	0	0	0
8100	89	80.1434	79.5568	2.78603	2.80948	0	0	0	0	0	0	0	0
8100	90	74.6553	76.6112	2.78053	2.78142	0	0	0	0	0	0	0	0
8100	91	75.3967	79.5916	2.81895	2.78307	0	0	0	0	0	0	0	0
8100	92	80.2605	76.2087	2.96316	2.99155	0	0	0	0	0	0	0	0
8100	93	80.907	79.1345	2.89625	2.93029	0	0	0	0	0	0	0	0
8100	94	77.7217	82.068	3.68851	3.64157	0	0	0	0	0	0	0	0
8100	95	78.0259	76.9216	2.94868	2.98158	0	0	0	0	0	0	0	0
8100	96	71.4243	76.517	2.8417	2.81245	0	0	0	0	0	0	0	0
8100	97	76.1561	82.34	2.63572	2.65218	0	0	0	0	0	0	0	0
8100	98	75.7049	77.6673	2.61965	2.63039	0	0	0	0	0	0	0	0
8100	99	71.6058	72.8605	2.68571	2.67306	0	0	0	0	0	0	0	0
8100	100	79.5786	79.1923	2.693	2.67854	0	0	0	0	0	0	0	0
8100	101	72.5873	75.336	2.75763	2.75789	0	0	0	0	0	0	0	0
8100	102	76.4575	75.2813	2.70221	2.72491	0	0	0	0	0	0	0	0
8100	103	76.9293	76.1873	2.61709	2.6489	0	0	0	0	0	0	0	0
8100	104	72.6053	70.8973	2.64369	2.65904	0	0	0	0	0	0	0	0
8100	105	72.8825	72.9968	2.64677	2.67258	0	0	0	0	0	0	0	0
8100	106	71.7682	75.3982	2.66533	2.66683	0	0	0	0	0	0	0	0
8100	107	68.5795	70.2455	2.7644	2.75958	0	0	0	0	0	0	0	0
8100	108	69.5099	72.4187	2.72634	2.755	0	0	0	0	0	0	0	0
8100	109	68.2519	76.0821	2.79007	2.75717	0	0	0	0	0	0	0	0
8100	110	69.5672	68.6563	2.67232	2.69973	0	0	0	0	0	0	0	0
8100	111	71.7843	74.0114	2.70797	2.73764	0	0	0	0	0	0	0	0
8100	112	72.3082	73.4894	2.67844	2.71003	0	0	0	0	0	0	0	0
8100	113	70.5859	76.0061	2.49875	2.48146	0	0	0	0	0	0	0	0
8100	114	73.5196	72.3151	2.53075	2.5475	0	0	0	0	0	0	0	0
8100	115	73.1824	72.6529	2.54049	2.57025	0	0	0	0	0	0	0	0
8100	116	71.7841	73.3344	2.64326	2.64278	0	0	0	0	0	0	0	0
8100	117	77.7483	73.6256	2.51046	2.53929	0	0	0	0	0	0	0	0
8100	118	75.3029	73.8587	2.49074	2.4958	0	0	0	0	0	0	0	0
8100	119	73.3885	72.2034	2.53435	2.55293	0	0	0	0	0	0	0	0
8100	120	70.9501	76.2349	2.64109	2.62396	0	0	0	0	0	0	0	0
8100	121	77.6397	72.2285	2.45087	2.47945	0	0	0	0	0	0	0	0
8100	122	68.295	72.7462	2.61379	2.61888	0	0	0	0	0	0	0	0
8100	123	73.4639	71.294	2.55426	2.58756	0	0	0	0	0	0	0	0
8100	124	75.5562	68.7669	2.57162	2.62332	0	0	0	0	0	0	0	0
8100	125	69.905	69.8153	2.50105	2.51743	0	0	0	0	0	0	0	0
8100	126	75.0057	71.006	3.05009	3.07195	0	0	0	0	0	0	0	0
8100	127	72.5113	68.0208	2.52869	2.5729	0	0	0	0	0	0	0	0
8011	0	70.3058	75.5605	2.83744	2.83041	0	0	0	0	0	0	0	0
8011	1	67.9543	71.9796	2.62966	2.63911	0	0	0	0	0	0	0	0
8011	2	70.9723	66.6395	3.00429	3.05043	0	0	0	0	0	0	0	0
8011	3	74.718	75.0038	2.59411	2.62077	0	0	0	0	0	0	0	0
8011	4	70.0042	67.2901	2.72668	2.72987	0	0	0	0	0	0	0	0
8011	5	69.4593	72.4866	2.65736	2.69214	0	0	0	0	0	0	0	0
8011	6	79.8183	72.5332	2.45299	2.47236	0	0	0	0	0	0	0	0
8011	7	75.4055	71.8762	2.6822	2.70078	0	0	0	0	0	0	0	0
8011	8	72.534	73.9616	2.93829	2.989	0	0	0	0	0	0	0	0
8011	9	74.0956	73.7383	2.70338	2.73005	0	0	0	0	0	0	0	0
8011	10	71.0576	71.979	2.71642	2.75159	0	0	0	0	0	0	0	0
8011	11	71.5455	70.9947	2.68288	2.68987	0	0	0	0	0	0	0	0
8011	12	71.7978	72.4908	2.75228	2.8012	0	0	0	0	0	0	0	0
8011	13	63.133	65.6422	3.28586	3.30796	0	0	0	0	0	0	0	0
8011	14	70.3318	70.0944	2.55241	2.58138	0	0	0	0	0	0	0	0
8011	15	67.1371	74.1208	2.93854	2.88625	0	0	0	0	0	0	0	0
8011	16	67.5473	70.3371	2.79699	2.79336	0	0	0	0	0	0	0	0
8011	17	74.0019	75.0136	2.6213	2.61875	0	0	0	0	0	0	0	0
8011	18	74.2392	80.0837	2.9532	2.97852	0	0	0	0	0	0	0	0
8011	19	77.6476	70.8501	2.64362	2.67293	0	0	0	0	0	0	0	0
8011	20	76.1336	77.1621	3.08396	3.05096	0	0	0	0	0	0	0	0
8011	21	67.8616	67.0361	3.11968	3.16434	0	0	0	0	0	0	0	0
8011	22	73.7635	70.8966	2.71506	2.69808	0	0	0	0	0	0	0	0
8011	23	72.8288	70.7503	2.83842	2.86481	0	0	0	0	0	0	0	0
8011	24	78.2106	73.2225	2.65904	2.65509	0	0	0	0	0	0	0	0
8011	25	66.8321	69.965	2.71526	2.72608	0	0	0	0	0	0	0	0
8011	26	75.2053	61.7352	2.94317	2.96093	0	0	0	0	0	0	0	0
8011	27	71.6365	71.3631	2.81064	2.82316	0	0	0	0	0	0	0	0
8011	28	72.9908	70.3896	2.66236	2.66832	0	0	0	0	0	0	0	0
8011	29	67.3986	67.4675	3.03897	3.02766	0	0	0	0	0	0	0	0
8011	30	65.502	75.0774	2.96971	2.93305	0	0	0	0	0	0	0	0
8011	31	72.2316	69.268	2.61117	2.6278	0	0	0	0	0	0	0	0
8011	32	68.9554	73.5415	2.85024	2.82453	0	0	0	0	0	0	0	0
8011	33	72.8759	66.9018	2.64376	2.66305	0	0	0	0	0	0	0	0
8011	34	61.2793	66.6943	2.78843	2.77413	0	0	0	0	0	0	0	0
8011	35	74.3606	67.643	2.72533	2.7384	0	0	0	0	0	0	0	0
8011	36	67.4007	64.2167	2.74883	2.72303	0	0	0	0	0	0	0	0
8011	37	69.6043	64.0644	2.59632	2.59151	0	0	0	0	0	0	0	0
8011	38	70.3634	65.4279	2.75943	2.75536	0	0	0	0	0	0	0	0
8011	39	62.5289	59.568	2.47112	2.47478	0	0	0	0	0	0	0	0
8011	40	63.0014	63.0152	2.73945	2.72352	0	0	0	0	0	0	0	0
8011	41	65.5212	72.3788	2.54534	2.53083	0	0	0	0	0	0	0	0
8011	42	64.7359	67.3528	2.76763	2.75773	0	0	0	0	0	0	0	0
8011	43	67.0491	65.369	2.52455	2.55544	0	0	0	0	0	0	0	0
8011	44	66.1701	65.8501	3.10423	3.09711	0	0	0	0	0	0	0	0
8011	45	59.0391	60.7917	2.50219	2.49051	0	0	0	0	0	0	0	0
8011	46	64.9115	65.9498	2.6016	2.58346	0	0	0	0	0	0	0	0
8011	47	59.5226	68.2199	2.50098	2.45634	0	0	0	0	0	0	0	0
8011	48	81.957	80.9032	3.12719	3.11782	0	0	0	0	0	0	0	0
8011	49	80.783	74.6273	3.27573	3.30093	0	0	0	0	0	0	0	0
8011	50	81.7009	75.2383	3.19607	3.18346	0	0	0	0	0	0	0	0
8011	51	83.1265	83.4139	3.18258	3.17599	0	0	0	0	0	0	0	0
8011	52	78.2141	83.2107	3.24979	3.23097	0	0	0	0	0	0	0	0
8011	53	82.6916	85.2345	3.10777	3.10084	0	0	0	0	0	0	0	0
8011	54	73.6551	77.7037	3.10255	3.08628	0	0	0	0	0	0	0	0
8011	55	83.794	73.6329	3.16144	3.19124	0	0	0	0	0	0	0	0
8011	56	78.7356	75.9383	3.12867	3.12486	0	0	0	0	0	0	0	0
8011	57	78.7103	83.7667	3.32703	3.2442	0	0	0	0	0	0	0	0
8011	58	78.8206	84.8858	3.04062	3.00971	0	0	0	0	0	0	0	0
8011	59	76.6705	77.8423	3.18867	3.16535	0	0	0	0	0	0	0	0
8011	60	75.7925	79.2901	3.18614	3.16019	0	0	0	0	0	0	0	0
8011	61	73.5952	72.732	3.2447	3.22939	0	0	0	0	0	0	0	0
8011	62	73.6962	76.2037	3.35641	3.36563	0	0	0	0	0	0	0	0
8011	63	73.5507	75.3844	3.39079	3.40433	0	0	0	0	0	0	0	0
8011	64	73.9152	82.3279	2.48841	2.47767	0	0	0	0	0	0	0	0
8011	65	81.8633	81.7155	2.81706	2.81476	0	0	0	0	0	0	0	0
8011	66	72.6367	77.6482	2.51719	2.50724	0	0	0	0	0	0	0	0
8011	67	81.5855	79.9021	2.57285	2.55605	0	0	0	0	0	0	0	0
8011	68	76.0195	76.5245	2.72681	2.75801	0	0	0	0	0	0	0	0
8011	69	81.2734	82.7553	2.4372	2.45384	0	0	0	0	0	0	0	0
8011	70	82.6272	82.9893	2.77506	2.77956	0	0	0	0	0	0	0	0
8011	71	85.2544	82.7428	2.53535	2.58777	0	0	0	0	0	0	0	0
8011	72	80.9218	84.2798	2.6295	2.62741	0	0	0	0	0	0	0	0
8011	73	79.9572	84.7149	2.78114	2.76222	0	0	0	0	0	0	0	0
8011	74	79.9421	75.0792	2.56794	2.60166	0	0	0	0	0	0	0	0
8011	75	81.8002	82.6111	2.72331	2.7455	0	0	0	0	0	0	0	0
8011	76	85.0922	78.7596	2.69356	2.77204	0	0	0	0	0	0	0	0
8011	77	78.8434	76.9175	2.7973	2.82005	0	0	0	0	0	0	0	0
8011	78	79.7933	86.4156	2.68815	2.64748	0	0	0	0	0	0	0	0
8011	79	83.1886	79.5153	2.81622	2.84909	0	0	0	0	0	0	0	0
8011	80	83.9899	86.2227	4.06467	4.04824	0	0	0	0	0	0	0	0
8011	81	86.3923	88.5153	3.48678	3.52294	0	0	0	0	0	0	0	0
8011	82	84.0374	79.2672	3.46219	3.52303	0	0	0	0	0	0	0	0
8011	83	81.5036	86.6576	2.97446	2.95352	0	0	0	0	0	0	0	0
8011	84	87.8581	81.098	2.95404	3.01504	0	0	0	0	0	0	0	0
8011	85	81.9241	81.1627	2.88451	2.91685	0	0	0	0	0	0	0	0
8011	86	83.7683	86.5912	2.82386	2.83766	0	0	0	0	0	0	0	0
8011	87	79.7877	87.3061	2.94411	2.92587	0	0	0	0	0	0	0	0
8011	88	80.5635	83.1566	2.86732	2.84988	0	0	0	0	0	0	0	0
8011	89	80.042	76.8285	2.86106	2.86215	0	0	0	0	0	0	0	0
8011	90	79.2741	84.9717	2.81118	2.75206	0	0	0	0	0	0	0	0
8011	91	82.9034	86.5193	2.99496	2.97541	0	0	0	0	0	0	0	0
8011	92	89.2782	85.5908	3.16629	3.15566	0	0	0	0	0	0	0	0
8011	93	78.9261	77.6354	3.55417	3.56675	0	0	0	0	0	0	0	0
8011	94	80.6936	82.7578	3.06277	3.01234	0	0	0	0	0	0	0	0
8011	95	86.3297	80.702	3.63387	3.65388	0	0	0	0	0	0	0	0
8011	96	62.4361	66.7014	2.17574	2.17529	0	0	0	0	0	0	0	0
8011	97	66.9635	67.5519	2.14231	2.14384	0	0	0	0	0	0	0	0
8011	98	72.0414	67.3323	2.19495	2.2451	0	0	0	0	0	0	0	0
8011	99	68.6014	68.9553	2.17122	2.17686	0	0	0	0	0	0	0	0
8011	100	70.8129	73.332	2.15437	2.13532	0	0	0	0	0	0	0	0
8011	101	70.1211	70.8885	2.19341	2.17994	0	0	0	0	0	0	0	0
8011	102	66.8017	67.3618	2.14556	2.15385	0	0	0	0	0	0	0	0
8011	103	70.8673	67.3424	2.17872	2.21819	0	0	0	0	0	0	0	0
8011	104	68.9965	73.5487	2.18109	2.17488	0	0	0	0	0	0	0	0
8011	105	66.432	73.9245	2.21119	2.18421	0	0	0	0	0	0	0	0
8011	106	69.4051	70.2376	2.18611	2.15934	0	0	0	0	0	0	0	0
8011	107	64.4131	66.0605	2.26345	2.26129	0	0	0	0	0	0	0	0
8011	108	60.2458	66.1603	2.25392	2.24256	0	0	0	0	0	0	0	0
8011	109	68.9473	74.4089	2.26229	2.22021	0	0	0	0	0	0	0	0
8011	110	67.3934	65.4359	2.22118	2.22742	0	0	0	0	0	0	0	0
8011	111	65.2523	69.9464	2.23817	2.23068	0	0	0	0	0	0	0	0
8011	112	77.7197	68.5571	2.44874	2.50216	0	0	0	0	0	0	0	0
8011	113	75.2667	78.2917	2.41401	2.41438	0	0	0	0	0	0	0	0
8011	114	75.7049	75.1444	2.4948	2.49763	0	0	0	0	0	0	0	0
8011	115	74.8483	74.0637	2.38655	2.38296	0	0	0	0	0	0	0	0
8011	116	77.0475	74.8952	2.44059	2.45847	0	0	0	0	0	0	0	0
8011	117	75.6982	75.7733	2.40798	2.423	0	0	0	0	0	0	0	0
8011	118	76.2534	73.4586	2.42702	2.44307	0	0	0	0	0	0	0	0
8011	119	75.6228	77.1819	2.43502	2.42951	0	0	0	0	0	0	0	0
8011	120	73.3673	75.5912	2.51779	2.50878	0	0	0	0	0	0	0	0
8011	121	72.076	71.7464	2.45049	2.49868	0	0	0	0	0	0	0	0
8011	122	67.7986	72.1974	2.54705	2.57959	0	0	0	0	0	0	0	0
8011	123	74.2397	72.5715	2.46638	2.45624	0	0	0	0	0	0	0	0
8011	124	76.8983	79.2956	2.52926	2.50335	0	0	0	0	0	0	0	0
8011	125	68.2883	75.0049	2.50433	2.52086	0	0	0	0	0	0	0	0
8011	126	76.5934	81.2816	2.47702	2.48958	0	0	0	0	0	0	0	0
8011	127	72.1659	69.8819	2.52717	2.51394	0	0	0	0	0	0	0	0
8109	0	63.7725	72.2027	2.4366	2.42607	0	0	0	0	0	0	0	0
8109	1	61.5816	59.4775	2.27046	2.27504	0	0	0	0	0	0	0	0
8109	2	66.5974	70.665	2.28624	2.3215	0	0	0	0	0	0	0	0
8109	3	67.8393	64.1599	2.23533	2.2755	0	0	0	0	0	0	0	0
8109	4	65.1561	68.9692	2.25881	2.26084	0	0	0	0	0	0	0	0
8109	5	70.1533	66.9121	2.27405	2.31983	0	0	0	0	0	0	0	0
8109	6	63.4195	68.4538	2.16061	2.1646	0	0	0	0	0	0	0	0
8109	7	68.3857	69.61	2.18939	2.20297	0	0	0	0	0	0	0	0
8109	8	66.2039	63.5092	2.26025	2.29268	0	0	0	0	0	0	0	0
8109	9	71.4247	67.317	2.13835	2.17205	0	0	0	0	0	0	0	0
8109	10	63.6462	67.128	2.27396	2.28521	0	0	0	0	0	0	0	0
8109	11	66.6852	67.1968	2.28348	2.30765	0	0	0	0	0	0	0	0
8109	12	64.1307	67.7332	2.39303	2.40768	0	0	0	0	0	0	0	0
8109	13	66.8325	63.9124	2.31129	2.34296	0	0	0	0	0	0	0	0
8109	14	62.7376	68.8974	2.15308	2.1339	0	0	0	0	0	0	0	0
8109	15	61.5691	69.1545	2.19297	2.16353	0	0	0	0	0	0	0	0
8109	16	70.7491	71.2583	2.34142	2.32597	0	0	0	0	0	0	0	0
8109	17	73.4549	73.0518	2.35652	2.36026	0	0	0	0	0	0	0	0
8109	18	70.9442	70.4555	2.53958	2.57402	0	0	0	0	0	0	0	0
8109	19	75.6042	73.8553	2.4711	2.5265	0	0	0	0	0	0	0	0
8109	20	75.4728	75.4125	2.45178	2.42026	0	0	0	0	0	0	0	0
8109	21	75.6925	74.5326	2.35981	2.36417	0	0	0	0	0	0	0	0
8109	22	74.1886	78.7303	2.43435	2.45482	0	0	0	0	0	0	0	0
8109	23	74.9598	78.9649	2.27021	2.2747	0	0	0	0	0	0	0	0
8109	24	72.083	76.4934	2.66642	2.62516	0	0	0	0	0	0	0	0
8109	25	77.9663	73.457	2.24238	2.26676	0	0	0	0	0	0	0	0
8109	26	74.5469	67.1233	2.26626	2.28478	0	0	0	0	0	0	0	0
8109	27	73.7223	70.9751	2.40516	2.44868	0	0	0	0	0	0	0	0
8109	28	69.0381	71.1572	2.30245	2.28575	0	0	0	0	0	0	0	0
8109	29	71.6804	67.3853	2.37412	2.38326	0	0	0	0	0	0	0	0
8109	30	66.8956	68.5584	2.7731	2.76495	0	0	0	0	0	0	0	0
8109	31	71.2033	73.0801	2.42248	2.41109	0	0	0	0	0	0	0	0
8109	32	61.79	60.9548	2.63363	2.66357	0	0	0	0	0	0	0	0
8109	33	68.3695	65.6335	2.54234	2.59805	0	0	0	0	0	0	0	0
8109	34	61.1375	65.542	2.81542	2.83724	0	0	0	0	0	0	0	0
8109	35	60.6195	64.925	2.59463	2.61496	0	0	0	0	0	0	0	0
8109	36	58.9116	69.4116	2.69443	2.67824	0	0	0	0	0	0	0	0
8109	37	66.3071	66.8464	2.41089	2.47204	0	0	0	0	0	0	0	0
8109	38	57.0829	59.6562	2.44611	2.46123	0	0	0	0	0	0	0	0
8109	39	67.8861	69.9968	2.4139	2.44773	0	0	0	0	0	0	0	0
8109	40	64.5432	65.7444	2.60938	2.60691	0	0	0	0	0	0	0	0
8109	41	63.7752	67.0923	2.4785	2.50179	0	0	0	0	0	0	0	0
8109	42	61.291	70.5787	2.62678	2.60224	0	0	0	0	0	0	0	0
8109	43	60.8201	63.331	2.38479	2.40637	0	0	0	0	0	0	0	0
8109	44	66.0345	60.2406	2.79984	2.85466	0	0	0	0	0	0	0	0
8109	45	62.7756	63.3149	2.39945	2.40507	0	0	0	0	0	0	0	0
8109	46	60.9298	61.6522	3.04726	3.03719	0	0	0	0	0	0	0	0
8109	47	60.8869	62.2758	2.68969	2.69366	0	0	0	0	0	0	0	0
8109	48	78.2518	74.491	2.30683	2.28437	0	0	0	0	0	0	0	0
8109	49	88.1739	85.1455	2.31671	2.29891	0	0	0	0	0	0	0	0
8109	50	82.3087	81.1572	2.43166	2.45295	0	0	0	0	0	0	0	0
8109	51	81.3369	85.6922	2.43252	2.38763	0	0	0	0	0	0	0	0
8109	52	82.0285	87.5511	2.23548	2.1819	0	0	0	0	0	0	0	0
8109	53	79.433	83.8781	2.33535	2.29385	0	0	0	0	0	0	0	0
8109	54	87.4588	78.7716	2.24322	2.31927	0	0	0	0	0	0	0	0
8109	55	74.2656	85.5789	2.30561	2.26415	0	0	0	0	0	0	0	0
8109	56	87.5003	81.1184	2.18933	2.2527	0	0	0	0	0	0	0	0
8109	57	83.453	79.7091	2.27119	2.29646	0	0	0	0	0	0	0	0
8109	58	80.8284	81.6813	2.2525	2.26287	0	0	0	0	0	0	0	0
8109	59	83.2775	86.8562	2.5068	2.45719	0	0	0	0	0	0	0	0
8109	60	76.2962	75.4422	2.59794	2.60872	0	0	0	0	0	0	0	0
8109	61	80.146	83.4462	2.64151	2.59595	0	0	0	0	0	0	0	0
8109	62	82.6222	82.8568	2.56631	2.56657	0	0	0	0	0	0	0	0
8109	63	78.5975	79.5679	2.64176	2.62584	0	0	0	0	0	0	0	0
8109	64	67.7107	72.6425	2.20092	2.18523	0	0	0	0	0	0	0	0
8109	65	73.17	72.8337	2.45367	2.44923	0	0	0	0	0	0	0	0
8109	66	75.7244	68.7568	2.82679	2.85943	0	0	0	0	0	0	0	0
8109	67	76.7653	71.8691	2.45116	2.44375	0	0	0	0	0	0	0	0
8109	68	76.1096	76.3642	2.35376	2.33666	0	0	0	0	0	0	0	0
8109	69	75.318	73.2288	3.03246	3.07473	0	0	0	0	0	0	0	0
8109	70	71.457	75.8127	2.15659	2.13086	0	0	0	0	0	0	0	0
8109	71	68.1164	68.6299	2.29953	2.29852	0	0	0	0	0	0	0	0
8109	72	73.8263	73.7396	3.34707	3.32681	0	0	0	0	0	0	0	0
8109	73	73.2488	72.0475	2.22634	2.23395	0	0	0	0	0	0	0	0
8109	74	68.7557	75.3375	2.93034	2.92543	0	0	0	0	0	0	0	0
8109	75	69.8717	69.2834	2.44036	2.44326	0	0	0	0	0	0	0	0
8109	76	69.4107	69.9956	3.57548	3.57411	0	0	0	0	0	0	0	0
8109	77	67.4232	67.888	2.34911	2.39765	0	0	0	0	0	0	0	0
8109	78	74.9356	72.1007	3.17206	3.2156	0	0	0	0	0	0	0	0
8109	79	81.5558	68.3982	2.5582	2.56443	0	0	0	0	0	0	0	0
8109	80	66.6708	71.5068	3.90695	3.86658	0	0	0	0	0	0	0	0
8109	81	62.6955	66.7846	3.23392	3.22244	0	0	0	0	0	0	0	0
8109	82	69.9105	66.607	3.2404	3.25544	0	0	0	0	0	0	0	0
8109	83	70.3396	68.2492	2.92335	3.00229	0	0	0	0	0	0	0	0
8109	84	70.4728	67.6086	2.86781	2.88226	0	0	0	0	0	0	0	0
8109	85	66.7449	65.4668	2.61358	2.62562	0	0	0	0	0	0	0	0
8109	86	67.2085	67.3224	2.71082	2.71243	0	0	0	0	0	0	0	0
8109	87	67.4285	66.5079	2.61046	2.60788	0	0	0	0	0	0	0	0
8109	88	64.4955	64.3942	2.62448	2.62848	0	0	0	0	0	0	0	0
8109	89	63.3757	64.7914	2.58559	2.59703	0	0	0	0	0	0	0	0
8109	90	67.9116	68.4167	2.8625	2.84794	0	0	0	0	0	0	0	0
8109	91	66.982	71.2635	2.68917	2.63952	0	0	0	0	0	0	0	0
8109	92	62.7102	64.3399	2.55393	2.57272	0	0	0	0	0	0	0	0
8109	93	65.6904	63.5208	2.71945	2.72716	0	0	0	0	0	0	0	0
8109	94	64.5911	68.4543	2.83459	2.78161	0	0	0	0	0	0	0	0
8109	95	60.6121	65.2921	2.62989	2.62298	0	0	0	0	0	0	0	0
8109	96	83.2088	76.2338	2.37445	2.38231	0	0	0	0	0	0	0	0
8109	97	74.184	76.1076	2.87255	2.85123	0	0	0	0	0	0	0	0
8109	98	84.4667	80.0386	2.35348	2.3269	0	0	0	0	0	0	0	0
8109	99	77.5191	74.2207	2.37792	2.37435	0	0	0	0	0	0	0	0
8109	100	74.1791	74.0341	2.70481	2.69733	0	0	0	0	0	0	0	0
8109	101	71.0029	74.9359	2.49357	2.46301	0	0	0	0	0	0	0	0
8109	102	79.6319	83.623	2.66392	2.64893	0	0	0	0	0	0	0	0
8109	103	78.2756	77.9496	2.46873	2.4537	0	0	0	0	0	0	0	0
8109	104	74.209	74.8558	2.56301	2.56848	0	0	0	0	0	0	0	0
8109	105	75.644	70.2736	2.44832	2.42581	0	0	0	0	0	0	0	0
8109	106	77.2693	76.8327	2.45207	2.44313	0	0	0	0	0	0	0	0
8109	107	77.551	72.8009	2.45751	2.45886	0	0	0	0	0	0	0	0
8109	108	71.0198	74.5498	2.60883	2.58344	0	0	0	0	0	0	0	0
8109	109	71.7997	70.0359	3.08186	3.02259	0	0	0	0	0	0	0	0
8109	110	75.0903	77.7747	2.4188	2.39187	0	0	0	0	0	0	0	0
8109	111	72.0166	77.3879	2.38976	2.36939	0	0	0	0	0	0	0	0
8109	112	63.4544	70.5595	2.43609	2.35715	0	0	0	0	0	0	0	0
8109	113	68.6229	68.8529	2.53833	2.54979	0	0	0	0	0	0	0	0
8109	114	67.6091	64.6279	2.1332	2.15649	0	0	0	0	0	0	0	0
8109	115	68.299	66.1014	2.29259	2.3565	0	0	0	0	0	0	0	0
8109	116	72.792	69.7631	2.09559	2.11589	0	0	0	0	0	0	0	0
8109	117	65.2686	72.315	2.60361	2.53912	0	0	0	0	0	0	0	0
8109	118	65.2936	63.3919	2.18317	2.15675	0	0	0	0	0	0	0	0
8109	119	67.1467	64.6961	2.18103	2.21351	0	0	0	0	0	0	0	0
8109	120	64.6434	67.6781	2.29859	2.26943	0	0	0	0	0	0	0	0
8109	121	62.7658	67.9748	2.4112	2.39875	0	0	0	0	0	0	0	0
8109	122	69.0089	63.9471	2.21055	2.23893	0	0	0	0	0	0	0	0
8109	123	66.5542	68.2688	2.12999	2.16393	0	0	0	0	0	0	0	0
8109	124	72.2773	69.4096	2.14447	2.1936	0	0	0	0	0	0	0	0
8109	125	68.2799	65.535	2.1819	2.22039	0	0	0	0	0	0	0	0
8109	126	68.2412	64.5611	2.26446	2.27483	0	0	0	0	0	0	0	0
8109	127	66.4733	67.8225	2.16777	2.15601	0	0	0	0	0	0	0	0
8026	0	66.9424	64.512	2.88284	2.91857	0	0	0	0	0	0	0	0
8026	1	71.9653	68.2917	2.80018	2.79556	0	0	0	0	0	0	0	0
8026	2	70.2994	67.5627	2.74509	2.75667	0	0	0	0	0	0	0	0
8026	3	72.0907	71.4691	3.5936	3.57775	0	0	0	0	0	0	0	0
8026	4	66.1235	67.3792	3.1971	3.20206	0	0	0	0	0	0	0	0
8026	5	71.4713	65.5986	2.83764	2.86639	0	0	0	0	0	0	0	0
8026	6	64.9305	66.8009	3.60721	3.62046	0	0	0	0	0	0	0	0
8026	7	69.1812	66.3207	3.44964	3.48735	0	0	0	0	0	0	0	0
8026	8	70.3321	68.4699	3.21302	3.22566	0	0	0	0	0	0	0	0
8026	9	69.5341	69.9346	2.81203	2.80465	0	0	0	0	0	0	0	0
8026	10	68.6964	61.9836	2.58955	2.62051	0	0	0	0	0	0	0	0
8026	11	62.5949	66.1733	3.49128	3.5244	0	0	0	0	0	0	0	0
8026	12	64.6971	70.0251	3.84725	3.79391	0	0	0	0	0	0	0	0
8026	13	66.0982	65.5231	3.04005	3.09604	0	0	0	0	0	0	0	0
8026	14	69.7151	68.6787	2.54779	2.52946	0	0	0	0	0	0	0	0
8026	15	66.9978	67.7874	4.29538	4.28994	0	0	0	0	0	0	0	0
8026	16	68.1682	68.8764	2.29658	2.30195	0	0	0	0	0	0	0	0
8026	17	69.331	70.5628	2.55346	2.56233	0	0	0	0	0	0	0	0
8026	18	70.662	76.8246	2.29355	2.28648	0	0	0	0	0	0	0	0
8026	19	66.3288	68.714	2.50727	2.50595	0	0	0	0	0	0	0	0
8026	20	65.6917	71.213	2.34498	2.32538	0	0	0	0	0	0	0	0
8026	21	70.7353	70.6946	2.43016	2.45245	0	0	0	0	0	0	0	0
8026	22	66.3381	70.6229	2.31865	2.30728	0	0	0	0	0	0	0	0
8026	23	66.6852	76.5379	2.6232	2.58433	0	0	0	0	0	0	0	0
8026	24	65.9068	67.4458	2.2758	2.28163	0	0	0	0	0	0	0	0
8026	25	66.8008	74.6023	2.29938	2.25923	0	0	0	0	0	0	0	0
8026	26	67.3408	67.8975	2.17799	2.19182	0	0	0	0	0	0	0	0
8026	27	64.3622	63.5757	2.64463	2.64635	0	0	0	0	0	0	0	0
8026	28	67.4584	67.7186	2.43316	2.4546	0	0	0	0	0	0	0	0
8026	29	69.8555	65.6181	2.48988	2.54801	0	0	0	0	0	0	0	0
8026	30	73.2447	67.1944	2.28596	2.34163	0	0	0	0	0	0	0	0
8026	31	68.0543	68.8377	2.46075	2.43812	0	0	0	0	0	0	0	0
8026	32	58.0317	56.349	2.6394	2.64253	0	0	0	0	0	0	0	0
8026	33	57.5178	57.7504	2.60966	2.60243	0	0	0	0	0	0	0	0
8026	34	57.7147	59.3615	3.38047	3.35628	0	0	0	0	0	0	0	0
8026	35	57.1594	52.5857	2.4995	2.54577	0	0	0	0	0	0	0	0
8026	36	59.3821	56.9145	2.67459	2.6917	0	0	0	0	0	0	0	0
8026	37	61.8786	62.11	2.61174	2.63338	0	0	0	0	0	0	0	0
8026	38	63.0095	64.8399	2.37254	2.35286	0	0	0	0	0	0	0	0
8026	39	63.0028	60.0104	2.33811	2.36903	0	0	0	0	0	0	0	0
8026	40	58.2092	61.4811	2.47265	2.44846	0	0	0	0	0	0	0	0
8026	41	58.1142	59.4004	2.42261	2.4122	0	0	0	0	0	0	0	0
8026	42	61.6608	51.4518	2.59434	2.62223	0	0	0	0	0	0	0	0
8026	43	60.2982	57.3422	2.38452	2.40216	0	0	0	0	0	0	0	0
8026	44	54.1867	54.1697	2.55768	2.57665	0	0	0	0	0	0	0	0
8026	45	63.0211	62.2488	2.34579	2.36778	0	0	0	0	0	0	0	0
8026	46	58.4999	60.1301	3.20609	3.17307	0	0	0	0	0	0	0	0
8026	47	60.6473	58.7884	2.37092	2.39013	0	0	0	0	0	0	0	0
8026	48	67.0698	65.5203	2.4009	2.43873	0	0	0	0	0	0	0	0
8026	49	72.5996	68.6108	2.22334	2.21548	0	0	0	0	0	0	0	0
8026	50	67.8527	67.3818	2.14905	2.14239	0	0	0	0	0	0	0	0
8026	51	70.6288	66.3912	2.2278	2.25408	0	0	0	0	0	0	0	0
8026	52	66.547	63.412	2.34454	2.335	0	0	0	0	0	0	0	0
8026	53	63.0523	66.0886	2.2461	2.25622	0	0	0	0	0	0	0	0
8026	54	72.3525	67.5988	2.14617	2.14191	0	0	0	0	0	0	0	0
8026	55	71.6369	71.3507	2.17906	2.18752	0	0	0	0	0	0	0	0
8026	56	67.7655	70.8187	2.5831	2.58623	0	0	0	0	0	0	0	0
8026	57	65.9028	68.0129	2.71217	2.68146	0	0	0	0	0	0	0	0
8026	58	69.1914	63.0331	2.3854	2.40991	0	0	0	0	0	0	0	0
8026	59	67.5133	62.0761	2.67423	2.6956	0	0	0	0	0	0	0	0
8026	60	63.3051	64.7014	2.6311	2.59696	0	0	0	0	0	0	0	0
8026	61	69.9676	63.9398	2.61794	2.65597	0	0	0	0	0	0	0	0
8026	62	63.9544	73.2575	2.54734	2.51945	0	0	0	0	0	0	0	0
8026	63	63.7814	63.5553	2.68323	2.65859	0	0	0	0	0	0	0	0
8026	64	77.7147	75.7864	2.31156	2.30072	0	0	0	0	0	0	0	0
8026	65	78.717	78.4647	2.33366	2.32721	0	0	0	0	0	0	0	0
8026	66	78.1406	81.4757	2.27541	2.24176	0	0	0	0	0	0	0	0
8026	67	83.9615	85.0928	2.36117	2.35325	0	0	0	0	0	0	0	0
8026	68	82.7898	81.5293	2.27038	2.2643	0	0	0	0	0	0	0	0
8026	69	79.2059	87.0124	2.35991	2.29318	0	0	0	0	0	0	0	0
8026	70	80.7007	80.4029	2.84849	2.87712	0	0	0	0	0	0	0	0
8026	71	80.9524	76.7434	2.32697	2.35421	0	0	0	0	0	0	0	0
8026	72	80.1501	76.3174	2.35725	2.38555	0	0	0	0	0	0	0	0
8026	73	75.5704	76.0899	2.39948	2.39397	0	0	0	0	0	0	0	0
8026	74	77.0374	74.9486	2.34489	2.35956	0	0	0	0	0	0	0	0
8026	75	79.2449	78.5839	3.34648	3.33234	0	0	0	0	0	0	0	0
8026	76	76.8837	75.6023	2.52838	2.52967	0	0	0	0	0	0	0	0
8026	77	71.9378	78.5371	2.44204	2.4431	0	0	0	0	0	0	0	0
8026	78	76.3287	77.815	2.46674	2.46263	0	0	0	0	0	0	0	0
8026	79	80.3483	77.9604	2.44111	2.45958	0	0	0	0	0	0	0	0
8026	80	54.3721	58.652	3.85208	3.80692	0	0	0	0	0	0	0	0
8026	81	59.9346	62.1721	2.7508	2.76178	0	0	0	0	0	0	0	0
8026	82	60.8426	60.5512	3.00274	3.01132	0	0	0	0	0	0	0	0
8026	83	56.9471	58.8223	2.44227	2.42443	0	0	0	0	0	0	0	0
8026	84	61.1736	57.8552	2.51997	2.56128	0	0	0	0	0	0	0	0
8026	85	59.2606	64.0745	2.22223	2.18391	0	0	0	0	0	0	0	0
8026	86	61.0205	60.5459	2.31763	2.32105	0	0	0	0	0	0	0	0
8026	87	62.6867	58.1266	2.2042	2.22998	0	0	0	0	0	0	0	0
8026	88	57.4443	57.5718	2.23724	2.22894	0	0	0	0	0	0	0	0
8026	89	56.3309	59.739	2.25459	2.25752	0	0	0	0	0	0	0	0
8026	90	59.8731	59.2008	2.33954	2.37772	0	0	0	0	0	0	0	0
8026	91	54.1986	53.8073	2.35133	2.37944	0	0	0	0	0	0	0	0
8026	92	56.9221	56.0051	2.32648	2.32576	0	0	0	0	0	0	0	0
8026	93	60.1282	60.5132	2.45298	2.44644	0	0	0	0	0	0	0	0
8026	94	55.7096	59.2332	2.44343	2.40033	0	0	0	0	0	0	0	0
8026	95	58.7863	59.1264	2.62218	2.63792	0	0	0	0	0	0	0	0
8026	96	70.7398	69.8354	2.37476	2.36026	0	0	0	0	0	0	0	0
8026	97	71.6511	71.8424	2.31889	2.32736	0	0	0	0	0	0	0	0
8026	98	72.393	71.4186	2.31648	2.31674	0	0	0	0	0	0	0	0
8026	99	73.6217	71.8339	2.41654	2.43312	0	0	0	0	0	0	0	0
8026	100	72.0368	71.0059	2.3368	2.35678	0	0	0	0	0	0	0	0
8026	101	72.1578	67.1109	2.4009	2.42946	0	0	0	0	0	0	0	0
8026	102	73.324	74.6897	2.34193	2.32868	0	0	0	0	0	0	0	0
8026	103	68.1338	73.7102	2.37643	2.32769	0	0	0	0	0	0	0	0
8026	104	71.7587	71.1619	2.38998	2.36413	0	0	0	0	0	0	0	0
8026	105	67.9084	67.3575	2.52306	2.51342	0	0	0	0	0	0	0	0
8026	106	64.6633	68.7108	2.63531	2.65526	0	0	0	0	0	0	0	0
8026	107	74.7383	75.8711	2.29119	2.26535	0	0	0	0	0	0	0	0
8026	108	69.9976	68.2078	2.38384	2.40202	0	0	0	0	0	0	0	0
8026	109	71.155	76.0529	2.39286	2.36576	0	0	0	0	0	0	0	0
8026	110	70.5601	72.6748	2.37858	2.39328	0	0	0	0	0	0	0	0
8026	111	69.4494	71.0242	2.43926	2.42829	0	0	0	0	0	0	0	0
8026	112	67.168	66.0935	2.61966	2.61381	0	0	0	0	0	0	0	0
8026	113	71.5732	69.4047	2.66392	2.71336	0	0	0	0	0	0	0	0
8026	114	65.448	67.4438	2.65712	2.61181	0	0	0	0	0	0	0	0
8026	115	65.1769	66.5926	2.57577	2.55514	0	0	0	0	0	0	0	0
8026	116	68.5128	65.5879	2.65486	2.6521	0	0	0	0	0	0	0	0
8026	117	66.4215	71.261	2.63542	2.6006	0	0	0	0	0	0	0	0
8026	118	69.4225	70.5452	2.54783	2.52578	0	0	0	0	0	0	0	0
8026	119	67.7669	72.7353	2.63776	2.60255	0	0	0	0	0	0	0	0
8026	120	68.8802	71.2976	2.6408	2.59675	0	0	0	0	0	0	0	0
8026	121	66.9447	72.7753	2.63282	2.57053	0	0	0	0	0	0	0	0
8026	122	67.0646	66.5119	2.62959	2.6248	0	0	0	0	0	0	0	0
8026	123	67.8107	70.1988	2.71734	2.68022	0	0	0	0	0	0	0	0
8026	124	66.5406	63.4294	2.69603	2.68946	0	0	0	0	0	0	0	0
8026	125	67.9273	64.4178	2.74295	2.72103	0	0	0	0	0	0	0	0
8026	126	68.5879	73.228	2.59262	2.55199	0	0	0	0	0	0	0	0
8026	127	69.7098	68.0364	2.65693	2.66173	0	0	0	0	0	0	0	0
8101	0	81.9136	81.7594	2.69244	2.70758	0	0	0	0	0	0	0	0
8101	1	77.5829	78.8265	2.80295	2.83231	0	0	0	0	0	0	0	0
8101	2	80.8222	77.468	3.15917	3.25668	0	0	0	0	0	0	0	0
8101	3	78.8065	75.5484	2.77562	2.80354	0	0	0	0	0	0	0	0
8101	4	78.7023	75.1737	2.69892	2.72691	0	0	0	0	0	0	0	0
8101	5	74.1962	78.8458	2.69762	2.72347	0	0	0	0	0	0	0	0
8101	6	71.7572	76.8985	3.13147	3.12222	0	0	0	0	0	0	0	0
8101	7	77.546	77.9446	2.65979	2.67299	0	0	0	0	0	0	0	0
8101	8	76.9071	78.9064	2.77375	2.79317	0	0	0	0	0	0	0	0
8101	9	77.1204	78.3566	3.88348	3.85641	0	0	0	0	0	0	0	0
8101	10	77.3326	77.9469	2.78051	2.79385	0	0	0	0	0	0	0	0
8101	11	83.8797	78.9105	2.60435	2.67357	0	0	0	0	0	0	0	0
8101	12	75.277	76.815	2.73595	2.75595	0	0	0	0	0	0	0	0
8101	13	77.0686	72.2042	3.79761	3.82824	0	0	0	0	0	0	0	0
8101	14	82.1481	83.2388	2.76385	2.75036	0	0	0	0	0	0	0	0
8101	15	74.9234	75.8266	2.70141	2.71985	0	0	0	0	0	0	0	0
8101	16	59.9129	65.4097	2.24686	2.21826	0	0	0	0	0	0	0	0
8101	17	63.9766	64.1288	2.48245	2.5052	0	0	0	0	0	0	0	0
8101	18	62.5656	66.8556	3.08627	2.99542	0	0	0	0	0	0	0	0
8101	19	59.9209	58.2918	2.29654	2.31965	0	0	0	0	0	0	0	0
8101	20	61.2373	65.4446	2.36639	2.35511	0	0	0	0	0	0	0	0
8101	21	57.2818	60.5478	2.24315	2.26302	0	0	0	0	0	0	0	0
8101	22	60.1491	64.7578	3.76277	3.7457	0	0	0	0	0	0	0	0
8101	23	63.2226	60.3706	2.28406	2.31447	0	0	0	0	0	0	0	0
8101	24	67.0932	72.4032	2.19028	2.21581	0	0	0	0	0	0	0	0
8101	25	69.3297	65.3121	2.17341	2.181	0	0	0	0	0	0	0	0
8101	26	62.9278	61.117	2.29962	2.29341	0	0	0	0	0	0	0	0
8101	27	60.4028	61.7903	2.47416	2.48119	0	0	0	0	0	0	0	0
8101	28	64.278	59.6294	2.25928	2.27757	0	0	0	0	0	0	0	0
8101	29	61.8562	62.535	2.28673	2.30206	0	0	0	0	0	0	0	0
8101	30	64.3147	63.415	2.8308	2.87513	0	0	0	0	0	0	0	0
8101	31	63.0335	61.544	2.23859	2.2393	0	0	0	0	0	0	0	0
8101	32	72.4768	73.5373	2.68659	2.67506	0	0	0	0	0	0	0	0
8101	33	68.0872	72.6272	2.59859	2.55992	0	0	0	0	0	0	0	0
8101	34	68.8879	73.7313	2.76261	2.72789	0	0	0	0	0	0	0	0
8101	35	65.5846	70.9412	2.66188	2.61505	0	0	0	0	0	0	0	0
8101	36	70.1922	72.9959	2.67511	2.63584	0	0	0	0	0	0	0	0
8101	37	67.17	66.2464	2.57853	2.58202	0	0	0	0	0	0	0	0
8101	38	73.7089	69.4232	2.57189	2.62906	0	0	0	0	0	0	0	0
8101	39	66.3099	66.5295	2.58824	2.56065	0	0	0	0	0	0	0	0
8101	40	70.6826	66.0062	2.62897	2.65516	0	0	0	0	0	0	0	0
8101	41	66.926	69.971	2.6057	2.58188	0	0	0	0	0	0	0	0
8101	42	68.1751	70.016	2.6541	2.61365	0	0	0	0	0	0	0	0
8101	43	69.7331	69.7045	2.66631	2.64441	0	0	0	0	0	0	0	0
8101	44	66.3229	64.892	2.6953	2.69671	0	0	0	0	0	0	0	0
8101	45	64.363	69.8844	2.51058	2.47879	0	0	0	0	0	0	0	0
8101	46	70.1361	71.58	2.51184	2.49279	0	0	0	0	0	0	0	0
8101	47	69.234	66.9438	2.46696	2.45663	0	0	0	0	0	0	0	0
8101	48	68.4551	69.938	2.93202	2.92451	0	0	0	0	0	0	0	0
8101	49	68.1892	66.5042	2.81774	2.83267	0	0	0	0	0	0	0	0
8101	50	66.4362	66.1438	2.74423	2.78903	0	0	0	0	0	0	0	0
8101	51	73.2414	63.7788	2.96827	2.9175	0	0	0	0	0	0	0	0
8101	52	77.815	70.0901	2.87196	2.86352	0	0	0	0	0	0	0	0
8101	53	73.4291	74.1476	2.90723	2.8833	0	0	0	0	0	0	0	0
8101	54	63.813	65.9911	2.7558	2.74939	0	0	0	0	0	0	0	0
8101	55	63.068	69.4431	2.85254	2.83505	0	0	0	0	0	0	0	0
8101	56	72.8591	77.9892	2.82093	2.7995	0	0	0	0	0	0	0	0
8101	57	71.4297	72.3838	2.78388	2.77256	0	0	0	0	0	0	0	0
8101	58	71.2065	72.0554	2.76275	2.76284	0	0	0	0	0	0	0	0
8101	59	70.7591	67.1121	3.1001	3.10084	0	0	0	0	0	0	0	0
8101	60	67.0375	69.2315	2.99521	2.99242	0	0	0	0	0	0	0	0
8101	61	69.1746	73.3108	3.25153	3.19305	0	0	0	0	0	0	0	0
8101	62	68.9821	70.9649	3.14527	3.11505	0	0	0	0	0	0	0	0
8101	63	70.1098	66.277	3.3237	3.31313	0	0	0	0	0	0	0	0
8101	64	75.3228	83.2555	2.24554	2.18397	0	0	0	0	0	0	0	0
8101	65	75.1362	74.7033	2.25185	2.2581	0	0	0	0	0	0	0	0
8101	66	81.0629	80.3553	2.22817	2.22618	0	0	0	0	0	0	0	0
8101	67	75.738	80.3319	2.28165	2.25694	0	0	0	0	0	0	0	0
8101	68	82.0971	78.7509	2.21573	2.22358	0	0	0	0	0	0	0	0
8101	69	76.3848	77.6712	2.26657	2.25943	0	0	0	0	0	0	0	0
8101	70	82.8535	85.2635	2.22643	2.19265	0	0	0	0	0	0	0	0
8101	71	79.8651	82.9779	2.31771	2.28977	0	0	0	0	0	0	0	0
8101	72	78.9285	75.1058	2.2686	2.26532	0	0	0	0	0	0	0	0
8101	73	79.2324	78.7428	2.27716	2.26371	0	0	0	0	0	0	0	0
8101	74	84.8738	79.8426	2.23571	2.27484	0	0	0	0	0	0	0	0
8101	75	77.892	82.3612	2.37648	2.33934	0	0	0	0	0	0	0	0
8101	76	74.6107	74.0984	2.46183	2.47136	0	0	0	0	0	0	0	0
8101	77	77.6359	77.8656	2.32573	2.3168	0	0	0	0	0	0	0	0
8101	78	77.8189	77.9111	2.36176	2.33441	0	0	0	0	0	0	0	0
8101	79	78.0278	77.5385	2.47476	2.44469	0	0	0	0	0	0	0	0
8101	80	56.8176	51.9316	3.69872	3.73115	0	0	0	0	0	0	0	0
8101	81	54.8891	53.5422	2.81408	2.82994	0	0	0	0	0	0	0	0
8101	82	57.558	53.1904	2.96758	3.00448	0	0	0	0	0	0	0	0
8101	83	54.37	56.0067	2.36573	2.33038	0	0	0	0	0	0	0	0
8101	84	57.022	53.8233	2.47706	2.4923	0	0	0	0	0	0	0	0
8101	85	51.0731	55.9318	2.25072	2.17538	0	0	0	0	0	0	0	0
8101	86	49.5917	52.2596	2.29788	2.2688	0	0	0	0	0	0	0	0
8101	87	59.9488	60.5773	2.18076	2.17679	0	0	0	0	0	0	0	0
8101	88	54.5787	51.3003	2.24143	2.2672	0	0	0	0	0	0	0	0
8101	89	53.4329	52.8621	2.2243	2.2537	0	0	0	0	0	0	0	0
8101	90	53.2541	54.2103	2.26002	2.22105	0	0	0	0	0	0	0	0
8101	91	51.4611	54.8849	2.31114	2.30077	0	0	0	0	0	0	0	0
8101	92	58.1006	53.036	2.27811	2.31821	0	0	0	0	0	0	0	0
8101	93	52.468	52.2577	2.29292	2.32311	0	0	0	0	0	0	0	0
8101	94	46.2988	51.1003	2.35261	2.35343	0	0	0	0	0	0	0	0
8101	95	50.7426	51.5349	2.4195	2.43923	0	0	0	0	0	0	0	0
8101	96	64.7632	62.1357	2.33509	2.34477	0	0	0	0	0	0	0	0
8101	97	66.2312	63.4477	2.39721	2.37802	0	0	0	0	0	0	0	0
8101	98	65.7608	62.8002	2.35075	2.33853	0	0	0	0	0	0	0	0
8101	99	68.162	67.3233	2.33144	2.33155	0	0	0	0	0	0	0	0
8101	100	65.1409	69.6043	2.32706	2.29742	0	0	0	0	0	0	0	0
8101	101	64.4059	64.3835	2.34845	2.3099	0	0	0	0	0	0	0	0
8101	102	63.8726	61.6344	2.34847	2.35233	0	0	0	0	0	0	0	0
8101	103	65.2947	65.4848	2.36211	2.32436	0	0	0	0	0	0	0	0
8101	104	64.8439	69.6824	2.29714	2.25768	0	0	0	0	0	0	0	0
8101	105	66.3928	65.4584	2.34386	2.32294	0	0	0	0	0	0	0	0
8101	106	57.305	64.7067	2.28446	2.26727	0	0	0	0	0	0	0	0
8101	107	62.1082	65.4351	2.32995	2.3052	0	0	0	0	0	0	0	0
8101	108	67.1579	56.7425	2.38074	2.40798	0	0	0	0	0	0	0	0
8101	109	66.1789	60.0002	2.36651	2.38855	0	0	0	0	0	0	0	0
8101	110	68.6204	64.985	2.33415	2.35227	0	0	0	0	0	0	0	0
8101	111	63.5237	62.3876	2.32455	2.32421	0	0	0	0	0	0	0	0
8101	112	68.3504	68.2032	2.81473	2.83094	0	0	0	0	0	0	0	0
8101	113	64.8331	67.9612	2.8166	2.82848	0	0	0	0	0	0	0	0
8101	114	68.4604	65.83	2.81955	2.85426	0	0	0	0	0	0	0	0
8101	115	68.3251	68.8509	2.76856	2.79376	0	0	0	0	0	0	0	0
8101	116	69.1298	66.7473	2.68579	2.68144	0	0	0	0	0	0	0	0
8101	117	70.1821	72.7139	2.81845	2.79573	0	0	0	0	0	0	0	0
8101	118	69.9341	65.9976	2.77834	2.8211	0	0	0	0	0	0	0	0
8101	119	71.231	66.6743	2.75607	2.80639	0	0	0	0	0	0	0	0
8101	120	68.6215	67.7082	2.83043	2.83735	0	0	0	0	0	0	0	0
8101	121	64.2513	70.8575	2.79965	2.77265	0	0	0	0	0	0	0	0
8101	122	67.73	70.5541	2.73149	2.71937	0	0	0	0	0	0	0	0
8101	123	64.7656	68.6724	2.76467	2.73987	0	0	0	0	0	0	0	0
8101	124	66.3948	72.7783	2.75084	2.74385	0	0	0	0	0	0	0	0
8101	125	61.7479	67.5692	2.84733	2.85073	0	0	0	0	0	0	0	0
8101	126	70.8194	68.7167	2.73276	2.75422	0	0	0	0	0	0	0	0
8101	127	70.7073	66.5126	2.71922	2.73958	0	0	0	0	0	0	0	0
8033	0	66.8636	57.2346	2.7776	2.8569	0	0	0	0	0	0	0	0
8033	1	65.6965	55.0354	2.73419	2.78885	0	0	0	0	0	0	0	0
8033	2	60.6486	60.4539	2.67111	2.66506	0	0	0	0	0	0	0	0
8033	3	67.6615	65.5217	3.01005	3.04584	0	0	0	0	0	0	0	0
8033	4	65.9934	64.5002	2.80239	2.84345	0	0	0	0	0	0	0	0
8033	5	60.4888	59.2264	3.17552	3.16048	0	0	0	0	0	0	0	0
8033	6	61.2663	56.7291	3.0256	3.0255	0	0	0	0	0	0	0	0
8033	7	62.6878	60.5144	2.70874	2.67499	0	0	0	0	0	0	0	0
8033	8	66.6811	65.4265	2.82421	2.82643	0	0	0	0	0	0	0	0
8033	9	62.4658	65.1055	2.8691	2.87632	0	0	0	0	0	0	0	0
8033	10	65.8026	63.5849	2.73369	2.78379	0	0	0	0	0	0	0	0
8033	11	62.4306	66.8982	2.70584	2.68969	0	0	0	0	0	0	0	0
8033	12	60.6557	61.7896	2.79286	2.76186	0	0	0	0	0	0	0	0
8033	13	60.2798	56.6207	2.84904	2.80222	0	0	0	0	0	0	0	0
8033	14	62.196	63.3969	2.69201	2.69541	0	0	0	0	0	0	0	0
8033	15	63.9184	64.333	2.59756	2.60234	0	0	0	0	0	0	0	0
8033	16	68.1756	66.202	2.40482	2.42159	0	0	0	0	0	0	0	0
8033	17	61.7759	62.4519	2.36008	2.3825	0	0	0	0	0	0	0	0
8033	18	69.8438	68.2372	2.49582	2.45805	0	0	0	0	0	0	0	0
8033	19	64.8812	71.209	2.48228	2.47599	0	0	0	0	0	0	0	0
8033	20	59.3557	65.2476	2.66244	2.6058	0	0	0	0	0	0	0	0
8033	21	64.3176	55.1625	2.51902	2.53329	0	0	0	0	0	0	0	0
8033	22	65.4022	60.2422	2.34236	2.35073	0	0	0	0	0	0	0	0
8033	23	61.4352	67.6069	2.97427	2.91619	0	0	0	0	0	0	0	0
8033	24	61.7374	61.0376	2.32866	2.37272	0	0	0	0	0	0	0	0
8033	25	66.9193	55.0435	2.31501	2.35152	0	0	0	0	0	0	0	0
8033	26	62.1651	56.4159	2.27421	2.3203	0	0	0	0	0	0	0	0
8033	27	67.7095	57.8232	2.63972	2.72473	0	0	0	0	0	0	0	0
8033	28	63.9394	59.8201	2.33808	2.31259	0	0	0	0	0	0	0	0
8033	29	56.583	53.5539	2.44265	2.46254	0	0	0	0	0	0	0	0
8033	30	51.8856	52.6865	2.49335	2.51471	0	0	0	0	0	0	0	0
8033	31	57.483	61.1134	2.57505	2.5798	0	0	0	0	0	0	0	0
8033	32	60.4536	64.3944	2.75893	2.79083	0	0	0	0	0	0	0	0
8033	33	66.4316	65.7458	2.73638	2.77401	0	0	0	0	0	0	0	0
8033	34	62.8103	58.249	2.84534	2.83388	0	0	0	0	0	0	0	0
8033	35	63.0784	67.3141	2.70684	2.64251	0	0	0	0	0	0	0	0
8033	36	70.0567	64.2493	2.85034	2.8987	0	0	0	0	0	0	0	0
8033	37	66.7456	61.6258	2.7376	2.74395	0	0	0	0	0	0	0	0
8033	38	60.7307	64.0914	2.75439	2.75792	0	0	0	0	0	0	0	0
8033	39	62.1955	60.206	2.63309	2.6496	0	0	0	0	0	0	0	0
8033	40	63.0689	58.7955	2.6125	2.71373	0	0	0	0	0	0	0	0
8033	41	59.6685	65.4972	2.48318	2.57354	0	0	0	0	0	0	0	0
8033	42	62.6152	67.327	3.06899	3.1035	0	0	0	0	0	0	0	0
8033	43	63.2479	67.9056	2.67803	2.6362	0	0	0	0	0	0	0	0
8033	44	62.5121	64.3538	2.91495	2.90943	0	0	0	0	0	0	0	0
8033	45	63.4219	67.5547	2.54204	2.55405	0	0	0	0	0	0	0	0
8033	46	59.6486	62.021	2.72431	2.71386	0	0	0	0	0	0	0	0
8033	47	54.7673	62.7037	2.54377	2.51976	0	0	0	0	0	0	0	0
8033	48	69.338	65.3015	2.39235	2.4284	0	0	0	0	0	0	0	0
8033	49	66.031	66.7921	2.27348	2.24162	0	0	0	0	0	0	0	0
8033	50	72.3407	68.0742	2.21507	2.27345	0	0	0	0	0	0	0	0
8033	51	63.9906	69.2152	2.43721	2.43346	0	0	0	0	0	0	0	0
8033	52	69.9911	75.5166	2.32296	2.35127	0	0	0	0	0	0	0	0
8033	53	67.8749	69.2334	2.30441	2.35871	0	0	0	0	0	0	0	0
8033	54	69.2788	69.9157	2.30878	2.33754	0	0	0	0	0	0	0	0
8033	55	71.1569	70.1821	2.25642	2.27377	0	0	0	0	0	0	0	0
8033	56	60.1509	70.5845	2.27111	2.24519	0	0	0	0	0	0	0	0
8033	57	64.2225	65.6305	2.43382	2.38105	0	0	0	0	0	0	0	0
8033	58	71.1906	68.3337	2.2256	2.18737	0	0	0	0	0	0	0	0
8033	59	70.285	64.405	2.50657	2.54868	0	0	0	0	0	0	0	0
8033	60	70.4112	71.517	2.44411	2.43634	0	0	0	0	0	0	0	0
8033	61	62.9572	67.3773	2.68588	2.66726	0	0	0	0	0	0	0	0
8033	62	64.1191	69.2714	2.55357	2.5652	0	0	0	0	0	0	0	0
8033	63	65.8702	63.1765	2.53446	2.51528	0	0	0	0	0	0	0	0
8033	64	82.1536	77.5953	2.34455	2.33294	0	0	0	0	0	0	0	0
8033	65	81.4234	77.6171	2.36562	2.41429	0	0	0	0	0	0	0	0
8033	66	82.2435	78.9492	2.81182	2.85617	0	0	0	0	0	0	0	0
8033	67	85.3652	81.3111	2.31971	2.34888	0	0	0	0	0	0	0	0
8033	68	79.5108	77.2271	2.36002	2.38894	0	0	0	0	0	0	0	0
8033	69	78.2829	80.7379	2.80626	2.78855	0	0	0	0	0	0	0	0
8033	70	78.1179	82.7711	4.37555	4.31404	0	0	0	0	0	0	0	0
8033	71	82.353	77.5551	2.77203	2.79269	0	0	0	0	0	0	0	0
8033	72	77.7002	85.0727	2.35297	2.28364	0	0	0	0	0	0	0	0
8033	73	71.9792	74.6171	2.39149	2.38529	0	0	0	0	0	0	0	0
8033	74	84.4664	78.5517	4.45617	4.48216	0	0	0	0	0	0	0	0
8033	75	79.7345	80.8057	2.47692	2.5038	0	0	0	0	0	0	0	0
8033	76	78.4749	77.9358	2.47535	2.44001	0	0	0	0	0	0	0	0
8033	77	77.02	83.7747	2.4702	2.42256	0	0	0	0	0	0	0	0
8033	78	78.8729	82.0706	4.48549	4.48346	0	0	0	0	0	0	0	0
8033	79	85.1048	82.1804	2.53036	2.57249	0	0	0	0	0	0	0	0
8033	80	72.3449	75.5373	4.00139	4.05686	0	0	0	0	0	0	0	0
8033	81	73.5178	73.2281	3.01759	3.05237	0	0	0	0	0	0	0	0
8033	82	73.7699	74.593	3.29571	3.24742	0	0	0	0	0	0	0	0
8033	83	74.4052	77.5631	2.62007	2.58029	0	0	0	0	0	0	0	0
8033	84	69.8394	73.6554	2.936	2.85069	0	0	0	0	0	0	0	0
8033	85	75.3965	73.6482	2.43249	2.46937	0	0	0	0	0	0	0	0
8033	86	76.3353	74.7463	2.52261	2.56175	0	0	0	0	0	0	0	0
8033	87	71.1999	74.5891	4.50239	4.45888	0	0	0	0	0	0	0	0
8033	88	75.2271	76.3181	2.46446	2.49659	0	0	0	0	0	0	0	0
8033	89	77.0838	75.5963	2.35261	2.37439	0	0	0	0	0	0	0	0
8033	90	75.1718	76.4904	5.42448	5.4419	0	0	0	0	0	0	0	0
8033	91	73.2816	73.3381	2.4966	2.51947	0	0	0	0	0	0	0	0
8033	92	68.0186	69.5891	2.46732	2.47097	0	0	0	0	0	0	0	0
8033	93	75.93	69.618	2.50417	2.56657	0	0	0	0	0	0	0	0
8033	94	70.7852	72.0285	2.52926	2.55134	0	0	0	0	0	0	0	0
8033	95	71.3563	69.6074	2.67573	2.69371	0	0	0	0	0	0	0	0
8033	96	65.9711	66.5251	2.2228	2.24723	0	0	0	0	0	0	0	0
8033	97	64.8714	59.0509	2.20999	2.23903	0	0	0	0	0	0	0	0
8033	98	65.9266	67.1255	2.30024	2.27646	0	0	0	0	0	0	0	0
8033	99	58.9937	62.4804	2.3046	2.27864	0	0	0	0	0	0	0	0
8033	100	68.525	62.9124	2.17845	2.21957	0	0	0	0	0	0	0	0
8033	101	65.5873	64.3252	2.23971	2.23931	0	0	0	0	0	0	0	0
8033	102	63.7568	63.3005	2.23552	2.26646	0	0	0	0	0	0	0	0
8033	103	66.895	64.0318	2.23666	2.27177	0	0	0	0	0	0	0	0
8033	104	63.9391	67.6972	2.21854	2.20714	0	0	0	0	0	0	0	0
8033	105	62.1469	62.1165	2.29471	2.30229	0	0	0	0	0	0	0	0
8033	106	65.7218	62.0244	2.34511	2.37618	0	0	0	0	0	0	0	0
8033	107	63.6902	65.7049	2.28722	2.27424	0	0	0	0	0	0	0	0
8033	108	57.761	62.962	2.2741	2.25093	0	0	0	0	0	0	0	0
8033	109	64.3635	61.6895	2.27573	2.29816	0	0	0	0	0	0	0	0
8033	110	63.1992	63.1293	2.25253	2.28179	0	0	0	0	0	0	0	0
8033	111	59.2931	61.6384	2.24524	2.25646	0	0	0	0	0	0	0	0
8033	112	79.3613	74.3482	2.26175	2.22603	0	0	0	0	0	0	0	0
8033	113	79.0074	81.615	2.22749	2.15617	0	0	0	0	0	0	0	0
8033	114	78.8703	80.0306	2.22615	2.25273	0	0	0	0	0	0	0	0
8033	115	76.4798	78.5474	2.18835	2.18723	0	0	0	0	0	0	0	0
8033	116	77.9963	73.3667	2.27009	2.25645	0	0	0	0	0	0	0	0
8033	117	83.3083	78.867	2.15802	2.24192	0	0	0	0	0	0	0	0
8033	118	79.7838	77.9971	2.14314	2.18872	0	0	0	0	0	0	0	0
8033	119	80.7521	84.713	2.1577	2.08501	0	0	0	0	0	0	0	0
8033	120	79.912	77.6334	2.29254	2.297	0	0	0	0	0	0	0	0
8033	121	80.1499	77.3591	2.17068	2.17761	0	0	0	0	0	0	0	0
8033	122	82.9062	81.1394	2.17648	2.20614	0	0	0	0	0	0	0	0
8033	123	76.7126	81.7731	2.18017	2.18338	0	0	0	0	0	0	0	0
8033	124	80.7671	78.5211	2.32124	2.32768	0	0	0	0	0	0	0	0
8033	125	80.0532	83.8126	2.35755	2.30179	0	0	0	0	0	0	0	0
8033	126	76.9139	78.4915	2.22618	2.20421	0	0	0	0	0	0	0	0
8033	127	80.1787	78.7038	2.17124	2.18603	0	0	0	0	0	0	0	0
8102	0	68.5407	72.7728	3.39207	3.39245	0	0	0	0	0	0	0	0
8102	1	68.5796	72.1776	3.54022	3.53598	0	0	0	0	0	0	0	0
8102	2	76.4234	73.0148	3.31688	3.29668	0	0	0	0	0	0	0	0
8102	3	70.8948	72.1779	3.39002	3.37104	0	0	0	0	0	0	0	0
8102	4	72.4261	78.6635	3.31341	3.29782	0	0	0	0	0	0	0	0
8102	5	76.7936	73.6376	3.62106	3.61089	0	0	0	0	0	0	0	0
8102	6	70.4841	74.1389	3.31937	3.33248	0	0	0	0	0	0	0	0
8102	7	75.1304	70.7479	3.35523	3.28663	0	0	0	0	0	0	0	0
8102	8	66.4656	66.6167	3.3511	3.34716	0	0	0	0	0	0	0	0
8102	9	73.3982	78.0254	3.42696	3.44686	0	0	0	0	0	0	0	0
8102	10	74.7667	75.0759	3.56626	3.55754	0	0	0	0	0	0	0	0
8102	11	71.5058	68.946	3.34501	3.3263	0	0	0	0	0	0	0	0
8102	12	79.721	73.6202	3.80224	3.799	0	0	0	0	0	0	0	0
8102	13	74.8642	65.7068	3.33519	3.3833	0	0	0	0	0	0	0	0
8102	14	78.9902	73.2385	3.29906	3.26834	0	0	0	0	0	0	0	0
8102	15	67.6018	71.4928	3.31098	3.28286	0	0	0	0	0	0	0	0
8102	16	61.8663	61.6185	2.53646	2.52561	0	0	0	0	0	0	0	0
8102	17	59.2684	62.8808	2.66548	2.62894	0	0	0	0	0	0	0	0
8102	18	55.5647	58.8081	2.59856	2.59636	0	0	0	0	0	0	0	0
8102	19	55.2779	59.3293	2.72806	2.73812	0	0	0	0	0	0	0	0
8102	20	59.4536	60.971	2.64383	2.64142	0	0	0	0	0	0	0	0
8102	21	54.2507	60.8072	2.76948	2.71647	0	0	0	0	0	0	0	0
8102	22	61.3626	60.4542	2.61426	2.6223	0	0	0	0	0	0	0	0
8102	23	59.3965	55.4216	2.62182	2.62264	0	0	0	0	0	0	0	0
8102	24	56.6077	64.9244	2.65127	2.62637	0	0	0	0	0	0	0	0
8102	25	58.0386	66.8081	2.66384	2.61784	0	0	0	0	0	0	0	0
8102	26	55.8139	56.6915	2.73441	2.74672	0	0	0	0	0	0	0	0
8102	27	59.7147	56.3346	2.70752	2.71301	0	0	0	0	0	0	0	0
8102	28	60.0715	57.6175	2.64715	2.63647	0	0	0	0	0	0	0	0
8102	29	58.9924	60.8625	2.68389	2.67535	0	0	0	0	0	0	0	0
8102	30	57.7446	58.5463	2.65504	2.63832	0	0	0	0	0	0	0	0
8102	31	64.5418	60.8622	2.97721	2.98502	0	0	0	0	0	0	0	0
8102	32	63.6724	68.3846	2.79251	2.77323	0	0	0	0	0	0	0	0
8102	33	70.7908	65.7056	2.60666	2.65262	0	0	0	0	0	0	0	0
8102	34	68.67	63.0407	3.88827	3.87522	0	0	0	0	0	0	0	0
8102	35	67.1627	72.0606	2.6268	2.63834	0	0	0	0	0	0	0	0
8102	36	63.4052	63.8895	2.78701	2.75272	0	0	0	0	0	0	0	0
8102	37	64.5795	66.4006	2.68467	2.66884	0	0	0	0	0	0	0	0
8102	38	69.7902	61.138	2.74744	2.76227	0	0	0	0	0	0	0	0
8102	39	68.4815	68.4907	2.54158	2.53191	0	0	0	0	0	0	0	0
8102	40	65.6678	68.5201	2.94268	2.92083	0	0	0	0	0	0	0	0
8102	41	64.217	62.0391	2.65249	2.64785	0	0	0	0	0	0	0	0
8102	42	71.3678	70.0557	2.81063	2.81844	0	0	0	0	0	0	0	0
8102	43	66.3202	65.2515	2.61135	2.61322	0	0	0	0	0	0	0	0
8102	44	67.8493	67.6247	2.87768	2.86501	0	0	0	0	0	0	0	0
8102	45	63.858	70.8439	2.64767	2.63304	0	0	0	0	0	0	0	0
8102	46	69.5437	69.0429	2.72138	2.71018	0	0	0	0	0	0	0	0
8102	47	64.2088	66.4066	2.63299	2.61614	0	0	0	0	0	0	0	0
8102	48	60.6781	62.2711	2.82946	2.8308	0	0	0	0	0	0	0	0
8102	49	68.4634	65.5895	2.90916	2.91625	0	0	0	0	0	0	0	0
8102	50	68.3248	65.226	2.89584	2.90662	0	0	0	0	0	0	0	0
8102	51	64.2773	63.5816	3.00879	3.00683	0	0	0	0	0	0	0	0
8102	52	66.9118	67.3522	2.81398	2.80213	0	0	0	0	0	0	0	0
8102	53	64.8069	63.6844	2.96032	2.91685	0	0	0	0	0	0	0	0
8102	54	63.4595	66.5753	2.82436	2.78402	0	0	0	0	0	0	0	0
8102	55	69.9163	70.6497	2.77871	2.72123	0	0	0	0	0	0	0	0
8102	56	66.9304	65.9308	2.83455	2.8381	0	0	0	0	0	0	0	0
8102	57	60.0464	66.9849	2.8427	2.81466	0	0	0	0	0	0	0	0
8102	58	61.2907	60.6221	3.0293	3.03818	0	0	0	0	0	0	0	0
8102	59	62.5119	66.89	3.18246	3.10833	0	0	0	0	0	0	0	0
8102	60	66.4716	64.2691	3.06411	3.07753	0	0	0	0	0	0	0	0
8102	61	62.4994	63.5109	3.19293	3.16831	0	0	0	0	0	0	0	0
8102	62	61.4845	63.4332	3.08393	3.09007	0	0	0	0	0	0	0	0
8102	63	67.1286	65.3325	3.18975	3.20166	0	0	0	0	0	0	0	0
8102	64	67.4414	68.957	2.21761	2.24052	0	0	0	0	0	0	0	0
8102	65	70.0645	67.8605	2.2412	2.24042	0	0	0	0	0	0	0	0
8102	66	71.216	73.8084	2.25105	2.24741	0	0	0	0	0	0	0	0
8102	67	70.8738	64.6645	2.52981	2.56809	0	0	0	0	0	0	0	0
8102	68	64.325	67.7594	2.30571	2.28876	0	0	0	0	0	0	0	0
8102	69	67.5303	66.7664	2.2697	2.27747	0	0	0	0	0	0	0	0
8102	70	63.6938	70.5941	2.28954	2.24661	0	0	0	0	0	0	0	0
8102	71	72.2403	69.013	2.22794	2.25515	0	0	0	0	0	0	0	0
8102	72	66.6378	64.2986	2.30006	2.30723	0	0	0	0	0	0	0	0
8102	73	67.0357	66.6256	2.34659	2.33234	0	0	0	0	0	0	0	0
8102	74	71.1105	72.7978	2.26885	2.22518	0	0	0	0	0	0	0	0
8102	75	70.0381	67.8856	2.35351	2.37252	0	0	0	0	0	0	0	0
8102	76	69.2631	67.4157	2.29301	2.29338	0	0	0	0	0	0	0	0
8102	77	70.3467	67.8195	2.35781	2.40199	0	0	0	0	0	0	0	0
8102	78	68.5281	66.74	2.27828	2.29364	0	0	0	0	0	0	0	0
8102	79	70.1798	68.0019	2.49476	2.51968	0	0	0	0	0	0	0	0
8102	80	64.3426	65.7784	4.06425	4.06534	0	0	0	0	0	0	0	0
8102	81	65.8239	66.4219	3.53152	3.51919	0	0	0	0	0	0	0	0
8102	82	63.1047	64.7102	3.68128	3.70078	0	0	0	0	0	0	0	0
8102	83	63.2499	62.3237	2.86148	2.84464	0	0	0	0	0	0	0	0
8102	84	61.2618	62.1227	3.19979	3.19569	0	0	0	0	0	0	0	0
8102	85	63.8361	66.4349	2.85226	2.80592	0	0	0	0	0	0	0	0
8102	86	68.6667	63.8747	2.87162	2.91521	0	0	0	0	0	0	0	0
8102	87	60.1066	60.9992	2.67393	2.65901	0	0	0	0	0	0	0	0
8102	88	65.6074	68.9884	2.7726	2.78896	0	0	0	0	0	0	0	0
8102	89	61.3591	63.0288	2.81965	2.81731	0	0	0	0	0	0	0	0
8102	90	66.2427	63.5729	3.37895	3.40413	0	0	0	0	0	0	0	0
8102	91	62.6342	62.9136	2.69092	2.69336	0	0	0	0	0	0	0	0
8102	92	65.7075	60.2575	2.80768	2.81978	0	0	0	0	0	0	0	0
8102	93	61.6966	68.331	2.81868	2.78717	0	0	0	0	0	0	0	0
8102	94	63.9083	62.0465	3.38798	3.40658	0	0	0	0	0	0	0	0
8102	95	66.7075	72.0636	2.93091	2.95573	0	0	0	0	0	0	0	0
8102	96	77.0256	75.3488	2.07864	2.08965	0	0	0	0	0	0	0	0
8102	97	72.4197	70.5492	2.07756	2.10653	0	0	0	0	0	0	0	0
8102	98	73.5199	72.1033	2.06747	2.11125	0	0	0	0	0	0	0	0
8102	99	70.4684	71.1338	2.3178	2.32778	0	0	0	0	0	0	0	0
8102	100	69.7893	71.7169	2.10273	2.11275	0	0	0	0	0	0	0	0
8102	101	67.7602	74.9413	2.12528	2.09707	0	0	0	0	0	0	0	0
8102	102	67.0193	70.3308	2.15141	2.18067	0	0	0	0	0	0	0	0
8102	103	71.3493	71.0019	2.12546	2.17594	0	0	0	0	0	0	0	0
8102	104	70.4883	73.722	2.09846	2.093	0	0	0	0	0	0	0	0
8102	105	70.7142	67.3117	2.08696	2.11879	0	0	0	0	0	0	0	0
8102	106	76.6775	76.6596	2.03212	2.04421	0	0	0	0	0	0	0	0
8102	107	70.4814	75.7897	2.15003	2.16307	0	0	0	0	0	0	0	0
8102	108	72.5435	72.028	2.18099	2.21299	0	0	0	0	0	0	0	0
8102	109	73.8817	70.0238	2.11384	2.15797	0	0	0	0	0	0	0	0
8102	110	70.537	74.95	2.07787	2.05452	0	0	0	0	0	0	0	0
8102	111	65.5545	71.5607	2.36114	2.38651	0	0	0	0	0	0	0	0
8102	112	76.4115	76.626	2.45378	2.45858	0	0	0	0	0	0	0	0
8102	113	73.0144	73.674	2.27183	2.29332	0	0	0	0	0	0	0	0
8102	114	78.2739	77.967	2.34474	2.37716	0	0	0	0	0	0	0	0
8102	115	78.1244	73.8773	2.27883	2.30379	0	0	0	0	0	0	0	0
8102	116	76.2982	71.7983	2.32284	2.34573	0	0	0	0	0	0	0	0
8102	117	71.7036	69.5966	2.39739	2.40311	0	0	0	0	0	0	0	0
8102	118	70.4594	69.881	2.25742	2.266	0	0	0	0	0	0	0	0
8102	119	72.0013	73.0965	2.23688	2.2498	0	0	0	0	0	0	0	0
8102	120	76.1882	79.8871	2.28319	2.29675	0	0	0	0	0	0	0	0
8102	121	71.7995	72.9339	2.27131	2.25646	0	0	0	0	0	0	0	0
8102	122	72.5078	73.4717	2.31105	2.30801	0	0	0	0	0	0	0	0
8102	123	71.7229	71.3273	2.36283	2.35744	0	0	0	0	0	0	0	0
8102	124	70.2833	70.6035	2.45822	2.45061	0	0	0	0	0	0	0	0
8102	125	73.3563	75.5198	2.29812	2.28528	0	0	0	0	0	0	0	0
8102	126	77.346	77.3911	2.25155	2.26288	0	0	0	0	0	0	0	0
8102	127	75.1666	72.8114	2.293	2.30769	0	0	0	0	0	0	0	0
8115	0	69.7013	77.2362	2.50883	2.5383	0	0	0	0	0	0	0	0
8115	1	78.5443	72.7872	2.39431	2.41642	0	0	0	0	0	0	0	0
8115	2	78.7794	76.4972	2.64537	2.68071	0	0	0	0	0	0	0	0
8115	3	74.1717	81.3918	2.4183	2.41604	0	0	0	0	0	0	0	0
8115	4	76.1454	80.0052	2.89397	2.89901	0	0	0	0	0	0	0	0
8115	5	72.6378	69.2484	2.35484	2.36372	0	0	0	0	0	0	0	0
8115	6	80.846	83.1271	2.3031	2.27425	0	0	0	0	0	0	0	0
8115	7	73.3333	75.9573	12.8247	12.8312	0	0	0	0	0	0	0	0
8115	8	78.1955	84.932	2.46319	2.39674	0	0	0	0	0	0	0	0
8115	9	75.2965	75.1234	2.37401	2.37686	0	0	0	0	0	0	0	0
8115	10	69.503	76.4274	2.5427	2.53258	0	0	0	0	0	0	0	0
8115	11	74.9383	76.082	2.68005	2.68097	0	0	0	0	0	0	0	0
8115	12	75.5132	82.9121	2.67495	2.62662	0	0	0	0	0	0	0	0
8115	13	81.7257	72.6149	2.29084	2.33658	0	0	0	0	0	0	0	0
8115	14	78.377	85.0333	2.25706	2.22175	0	0	0	0	0	0	0	0
8115	15	75.6564	80.0974	2.23256	2.25003	0	0	0	0	0	0	0	0
8115	16	74.2948	67.7573	2.76723	2.77437	0	0	0	0	0	0	0	0
8115	17	70.2591	73.9718	3.20492	3.17656	0	0	0	0	0	0	0	0
8115	18	76.078	69.6835	3.0171	3.01201	0	0	0	0	0	0	0	0
8115	19	64.7496	73.325	2.76416	2.76011	0	0	0	0	0	0	0	0
8115	20	72.2093	76.038	2.64354	2.63383	0	0	0	0	0	0	0	0
8115	21	75.5867	72.3644	2.73027	2.73138	0	0	0	0	0	0	0	0
8115	22	78.4501	68.7047	2.97407	2.94433	0	0	0	0	0	0	0	0
8115	23	73.8786	78.4773	2.91851	2.91322	0	0	0	0	0	0	0	0
8115	24	73.3686	73.3235	3.10416	3.10291	0	0	0	0	0	0	0	0
8115	25	70.1667	72.4677	2.88008	2.89965	0	0	0	0	0	0	0	0
8115	26	63.111	68.6211	2.69076	2.69342	0	0	0	0	0	0	0	0
8115	27	71.7557	69.8426	2.81021	2.82448	0	0	0	0	0	0	0	0
8115	28	68.6317	71.0214	2.78604	2.77944	0	0	0	0	0	0	0	0
8115	29	66.774	70.0121	2.73082	2.72956	0	0	0	0	0	0	0	0
8115	30	68.9888	67.22	3.03771	3.0348	0	0	0	0	0	0	0	0
8115	31	61.5023	75.6904	2.80063	2.75897	0	0	0	0	0	0	0	0
8115	32	63.1999	65.5043	2.66475	2.68713	0	0	0	0	0	0	0	0
8115	33	59.6275	64.3701	2.533	2.52317	0	0	0	0	0	0	0	0
8115	34	64.3395	62.3996	2.73417	2.75441	0	0	0	0	0	0	0	0
8115	35	58.9629	58.8298	2.50804	2.51916	0	0	0	0	0	0	0	0
8115	36	63.0218	63.4779	2.76023	2.77535	0	0	0	0	0	0	0	0
8115	37	64.71	64.7834	2.43165	2.46146	0	0	0	0	0	0	0	0
8115	38	60.1946	60.1978	2.70376	2.71965	0	0	0	0	0	0	0	0
8115	39	62.9243	65.3439	2.63987	2.67485	0	0	0	0	0	0	0	0
8115	40	61.2468	60.8942	2.58282	2.59454	0	0	0	0	0	0	0	0
8115	41	59.2222	53.8347	2.59228	2.61721	0	0	0	0	0	0	0	0
8115	42	60.0743	57.4575	2.78102	2.77322	0	0	0	0	0	0	0	0
8115	43	63.4677	60.9654	2.57419	2.60751	0	0	0	0	0	0	0	0
8115	44	58.0691	63.919	2.73066	2.74299	0	0	0	0	0	0	0	0
8115	45	62.5129	68.5572	2.42302	2.4144	0	0	0	0	0	0	0	0
8115	46	58.6715	57.0112	2.55868	2.54745	0	0	0	0	0	0	0	0
8115	47	54.7523	59.8589	2.40302	2.42828	0	0	0	0	0	0	0	0
8115	48	74.1067	74.8029	2.36292	2.39146	0	0	0	0	0	0	0	0
8115	49	80.0557	78.7255	2.39411	2.38256	0	0	0	0	0	0	0	0
8115	50	78.5735	80.3264	2.50393	2.50883	0	0	0	0	0	0	0	0
8115	51	82.3862	85.8527	2.4902	2.472	0	0	0	0	0	0	0	0
8115	52	76.7884	79.3454	2.51599	2.46566	0	0	0	0	0	0	0	0
8115	53	83.5244	80.3024	2.42009	2.43408	0	0	0	0	0	0	0	0
8115	54	81.6823	80.4273	2.49918	2.50198	0	0	0	0	0	0	0	0
8115	55	80.4319	71.9039	2.54581	2.56098	0	0	0	0	0	0	0	0
8115	56	77.1738	74.9665	2.25652	2.27075	0	0	0	0	0	0	0	0
8115	57	74.1387	70.2904	2.3761	2.37168	0	0	0	0	0	0	0	0
8115	58	80.2232	77.6712	2.40212	2.39444	0	0	0	0	0	0	0	0
8115	59	68.2205	70.3865	2.50637	2.51255	0	0	0	0	0	0	0	0
8115	60	83.3965	86.0736	2.52584	2.4965	0	0	0	0	0	0	0	0
8115	61	73.6544	78.5617	2.77468	2.74711	0	0	0	0	0	0	0	0
8115	62	73.3272	73.0494	2.83433	2.81239	0	0	0	0	0	0	0	0
8115	63	69.8566	75.099	2.67075	2.66378	0	0	0	0	0	0	0	0
8115	64	64.6844	62.2467	2.39971	2.42288	0	0	0	0	0	0	0	0
8115	65	69.8121	70.9821	2.24078	2.2389	0	0	0	0	0	0	0	0
8115	66	67.0078	65.9559	2.24291	2.22902	0	0	0	0	0	0	0	0
8115	67	62.713	67.1157	2.26413	2.23279	0	0	0	0	0	0	0	0
8115	68	66.0129	67.1318	2.36738	2.35533	0	0	0	0	0	0	0	0
8115	69	65.2475	61.1902	2.23992	2.2623	0	0	0	0	0	0	0	0
8115	70	68.5019	62.6677	2.125	2.15626	0	0	0	0	0	0	0	0
8115	71	70.9283	65.9852	2.205	2.24298	0	0	0	0	0	0	0	0
8115	72	65.72	65.2852	2.1869	2.18054	0	0	0	0	0	0	0	0
8115	73	69.3916	68.6361	2.32721	2.31769	0	0	0	0	0	0	0	0
8115	74	63.0148	62.2578	2.31124	2.32711	0	0	0	0	0	0	0	0
8115	75	73.9283	69.2788	2.28649	2.2983	0	0	0	0	0	0	0	0
8115	76	65.9406	63.0815	2.53968	2.54461	0	0	0	0	0	0	0	0
8115	77	65.7844	67.3285	2.32069	2.26139	0	0	0	0	0	0	0	0
8115	78	66.7205	71.5601	2.27129	2.23902	0	0	0	0	0	0	0	0
8115	79	65.2758	64.541	2.36974	2.38848	0	0	0	0	0	0	0	0
8115	80	76.8339	78.4941	4.39395	4.36817	0	0	0	0	0	0	0	0
8115	81	74.6825	81.565	3.51898	3.46205	0	0	0	0	0	0	0	0
8115	82	85.6921	76.5277	3.64031	3.69692	0	0	0	0	0	0	0	0
8115	83	79.2747	78.1887	3.11971	3.08703	0	0	0	0	0	0	0	0
8115	84	84.5296	81.2389	3.10187	3.15047	0	0	0	0	0	0	0	0
8115	85	80.5748	74.9293	2.92453	2.94811	0	0	0	0	0	0	0	0
8115	86	73.844	79.757	2.91544	2.91094	0	0	0	0	0	0	0	0
8115	87	81.682	81.0897	2.837	2.81286	0	0	0	0	0	0	0	0
8115	88	78.5093	79.3674	2.85824	2.83231	0	0	0	0	0	0	0	0
8115	89	84.9953	76.2516	2.74297	2.77218	0	0	0	0	0	0	0	0
8115	90	77.384	76.7456	2.84466	2.8696	0	0	0	0	0	0	0	0
8115	91	75.1771	77.987	3.10032	3.10958	0	0	0	0	0	0	0	0
8115	92	78.4952	79.6264	2.78208	2.78509	0	0	0	0	0	0	0	0
8115	93	82.7458	77.8581	2.83632	2.90592	0	0	0	0	0	0	0	0
8115	94	78.9934	76.9163	2.96636	2.95618	0	0	0	0	0	0	0	0
8115	95	79.116	83.1908	3.01299	2.98	0	0	0	0	0	0	0	0
8115	96	66.8255	64.2659	2.6715	2.69531	0	0	0	0	0	0	0	0
8115	97	70.8375	66.9204	2.62338	2.63882	0	0	0	0	0	0	0	0
8115	98	71.3341	68.4036	2.57896	2.59713	0	0	0	0	0	0	0	0
8115	99	62.6712	66.1766	2.69737	2.71211	0	0	0	0	0	0	0	0
8115	100	65.3982	72.1058	2.60783	2.57802	0	0	0	0	0	0	0	0
8115	101	64.9779	64.9791	2.53871	2.56617	0	0	0	0	0	0	0	0
8115	102	64.2814	63.8667	2.58221	2.56808	0	0	0	0	0	0	0	0
8115	103	64.7654	61.9871	2.57203	2.59992	0	0	0	0	0	0	0	0
8115	104	64.4507	69.7509	2.57936	2.56717	0	0	0	0	0	0	0	0
8115	105	61.8574	66.6298	2.62558	2.60384	0	0	0	0	0	0	0	0
8115	106	64.372	69.5467	2.60668	2.57374	0	0	0	0	0	0	0	0
8115	107	76.2393	71.1644	2.62341	2.60219	0	0	0	0	0	0	0	0
8115	108	67.6838	67.7823	2.54983	2.56677	0	0	0	0	0	0	0	0
8115	109	67.1663	63.2392	2.61169	2.6771	0	0	0	0	0	0	0	0
8115	110	67.8271	65.5639	2.55832	2.59325	0	0	0	0	0	0	0	0
8115	111	63.7429	63.315	2.82081	2.82564	0	0	0	0	0	0	0	0
8115	112	70.1268	69.4972	2.56633	2.58608	0	0	0	0	0	0	0	0
8115	113	66.4893	72.2812	2.50305	2.47782	0	0	0	0	0	0	0	0
8115	114	72.4981	72.4154	2.56773	2.57099	0	0	0	0	0	0	0	0
8115	115	71.313	71.5692	2.50093	2.47765	0	0	0	0	0	0	0	0
8115	116	67.2598	68.5705	2.63897	2.60888	0	0	0	0	0	0	0	0
8115	117	70.2353	71.4569	2.61248	2.61027	0	0	0	0	0	0	0	0
8115	118	70.5965	69.2501	2.52412	2.54064	0	0	0	0	0	0	0	0
8115	119	67.9961	73.9763	2.49135	2.47004	0	0	0	0	0	0	0	0
8115	120	71.2333	71.0341	2.51713	2.52712	0	0	0	0	0	0	0	0
8115	121	69.1984	69.4211	2.4717	2.4678	0	0	0	0	0	0	0	0
8115	122	65.6674	69.7258	2.62085	2.58996	0	0	0	0	0	0	0	0
8115	123	72.2441	66.5128	2.45911	2.48825	0	0	0	0	0	0	0	0
8115	124	73.4381	73.7635	2.68521	2.67768	0	0	0	0	0	0	0	0
8115	125	72.8678	71.3569	2.56714	2.55651	0	0	0	0	0	0	0	0
8115	126	72.7978	67.45	2.56731	2.59116	0	0	0	0	0	0	0	0
8115	127	74.3677	68.1057	2.525	2.54221	0	0	0	0	0	0	0	0
8070	0	68.4772	70.4081	2.39352	2.40438	0	0	0	0	0	0	0	0
8070	1	70.0782	71.9967	3.5906	3.58234	0	0	0	0	0	0	0	0
8070	2	67.8935	69.7376	3.10005	3.1035	0	0	0	0	0	0	0	0
8070	3	61.7513	64.1211	3.02062	3.03458	0	0	0	0	0	0	0	0
8070	4	69.509	72.1751	2.83904	2.83884	0	0	0	0	0	0	0	0
8070	5	61.5307	63.4573	3.5563	3.53678	0	0	0	0	0	0	0	0
8070	6	67.0067	60.7116	2.81626	2.81881	0	0	0	0	0	0	0	0
8070	7	68.224	70.1273	2.72711	2.72946	0	0	0	0	0	0	0	0
8070	8	67.3644	67.1772	2.9332	2.91937	0	0	0	0	0	0	0	0
8070	9	67.3821	71.5768	3.43009	3.40469	0	0	0	0	0	0	0	0
8070	10	68.4089	67.6192	3.64848	3.68381	0	0	0	0	0	0	0	0
8070	11	62.1429	65.4011	2.55431	2.53595	0	0	0	0	0	0	0	0
8070	12	67.4963	65.5675	3.21076	3.26938	0	0	0	0	0	0	0	0
8070	13	64.8744	67.6098	2.74436	2.69954	0	0	0	0	0	0	0	0
8070	14	65.4777	68.9882	4.37914	4.37923	0	0	0	0	0	0	0	0
8070	15	67.1771	68.3975	2.59716	2.60046	0	0	0	0	0	0	0	0
8070	16	56.8146	48.3258	2.57442	2.67755	0	0	0	0	0	0	0	0
8070	17	51.0872	50.1092	2.71239	2.78213	0	0	0	0	0	0	0	0
8070	18	49.0748	51.0034	3.74702	3.7241	0	0	0	0	0	0	0	0
8070	19	52.54	57.3571	2.70818	2.7006	0	0	0	0	0	0	0	0
8070	20	47.8023	49.6916	2.62289	2.63821	0	0	0	0	0	0	0	0
8070	21	46.0639	48.8253	2.72972	2.74545	0	0	0	0	0	0	0	0
8070	22	54.9936	50.8546	3.1503	3.22089	0	0	0	0	0	0	0	0
8070	23	53.0545	53.7402	2.59052	2.61748	0	0	0	0	0	0	0	0
8070	24	49.7607	51.32	2.69442	2.72033	0	0	0	0	0	0	0	0
8070	25	48.1378	53.5931	2.55611	2.54363	0	0	0	0	0	0	0	0
8070	26	50.0729	52.7748	3.04143	3.05404	0	0	0	0	0	0	0	0
8070	27	50.2943	51.0338	2.61289	2.64102	0	0	0	0	0	0	0	0
8070	28	51.7508	49.9401	2.65271	2.69733	0	0	0	0	0	0	0	0
8070	29	50.0446	51.2889	3.40752	3.43473	0	0	0	0	0	0	0	0
8070	30	45.323	44.5394	2.71061	2.75327	0	0	0	0	0	0	0	0
8070	31	44.78	52.5024	2.64116	2.59697	0	0	0	0	0	0	0	0
8070	32	55.1751	50.7359	3.22998	3.32876	0	0	0	0	0	0	0	0
8070	33	53.7855	56.0167	3.10977	3.11509	0	0	0	0	0	0	0	0
8070	34	58.4065	58.1244	3.21751	3.24892	0	0	0	0	0	0	0	0
8070	35	51.9539	55.1453	3.05372	3.01378	0	0	0	0	0	0	0	0
8070	36	60.1489	60.1749	3.02194	3.04274	0	0	0	0	0	0	0	0
8070	37	50.8552	51.73	2.95015	2.96693	0	0	0	0	0	0	0	0
8070	38	61.77	59.4746	3.28104	3.32468	0	0	0	0	0	0	0	0
8070	39	58.2531	55.7131	2.868	2.88617	0	0	0	0	0	0	0	0
8070	40	59.7893	61.8595	3.01122	3.01468	0	0	0	0	0	0	0	0
8070	41	53.1749	55.07	2.91831	2.90137	0	0	0	0	0	0	0	0
8070	42	56.8744	57.0167	3.09227	3.10627	0	0	0	0	0	0	0	0
8070	43	56.5143	56.1715	2.88868	2.8488	0	0	0	0	0	0	0	0
8070	44	51.5106	53.5057	3.32987	3.32964	0	0	0	0	0	0	0	0
8070	45	58.8603	56.4803	2.93751	2.97273	0	0	0	0	0	0	0	0
8070	46	60.6725	60.3391	3.02358	3.00574	0	0	0	0	0	0	0	0
8070	47	58.9478	61.5223	2.89891	2.86261	0	0	0	0	0	0	0	0
8070	48	76.9801	80.5572	2.60081	2.62036	0	0	0	0	0	0	0	0
8070	49	73.4517	72.1635	2.60555	2.62037	0	0	0	0	0	0	0	0
8070	50	81.077	74.1516	2.51833	2.56482	0	0	0	0	0	0	0	0
8070	51	79.3882	70.6276	2.76116	2.77038	0	0	0	0	0	0	0	0
8070	52	83.9634	73.0829	2.4116	2.46725	0	0	0	0	0	0	0	0
8070	53	83.2559	78.6926	2.67039	2.68883	0	0	0	0	0	0	0	0
8070	54	82.1926	80.7369	2.61597	2.64563	0	0	0	0	0	0	0	0
8070	55	80.0002	76.5719	2.75094	2.78512	0	0	0	0	0	0	0	0
8070	56	76.8797	84.7501	2.5534	2.55145	0	0	0	0	0	0	0	0
8070	57	78.2667	78.3381	2.60289	2.60212	0	0	0	0	0	0	0	0
8070	58	81.7861	80.7382	2.72319	2.74047	0	0	0	0	0	0	0	0
8070	59	72.4484	80.4079	2.7215	2.72609	0	0	0	0	0	0	0	0
8070	60	68.8473	65.6672	2.74459	2.72977	0	0	0	0	0	0	0	0
8070	61	69.6924	80.4679	2.85787	2.84674	0	0	0	0	0	0	0	0
8070	62	72.5743	70.392	2.78821	2.83256	0	0	0	0	0	0	0	0
8070	63	77.9973	71.8724	2.9104	2.92805	0	0	0	0	0	0	0	0
8070	64	87.2832	89.6611	3.89116	3.88185	0	0	0	0	0	0	0	0
8070	65	91.7402	90.0179	4.14048	4.11946	0	0	0	0	0	0	0	0
8070	66	88.5448	88.1885	5.03522	5.1202	0	0	0	0	0	0	0	0
8070	67	88.4688	83.1874	3.03809	2.99591	0	0	0	0	0	0	0	0
8070	68	88.4826	89.2672	3.66264	3.70699	0	0	0	0	0	0	0	0
8070	69	87.5343	87.0905	4.45646	4.52794	0	0	0	0	0	0	0	0
8070	70	89.7768	90.3756	3.2983	3.31185	0	0	0	0	0	0	0	0
8070	71	86.6839	86.5455	3.72291	3.70628	0	0	0	0	0	0	0	0
8070	72	83.3708	84.9858	3.39707	3.43879	0	0	0	0	0	0	0	0
8070	73	84.5883	88.9316	3.19641	3.16886	0	0	0	0	0	0	0	0
8070	74	85.525	87.6882	2.87905	2.90307	0	0	0	0	0	0	0	0
8070	75	86.747	90.2276	5.40193	5.36892	0	0	0	0	0	0	0	0
8070	76	86.7276	90.6949	3.72189	3.73255	0	0	0	0	0	0	0	0
8070	77	85.0142	86.247	3.05841	3.03446	0	0	0	0	0	0	0	0
8070	78	92.9689	88.9795	3.4065	3.38798	0	0	0	0	0	0	0	0
8070	79	89.9285	89.4447	4.31285	4.32409	0	0	0	0	0	0	0	0
8070	80	66.0327	66.5039	4.06441	4.05278	0	0	0	0	0	0	0	0
8070	81	68.8632	67.5195	3.26186	3.29229	0	0	0	0	0	0	0	0
8070	82	68.4772	71.6178	3.36361	3.30967	0	0	0	0	0	0	0	0
8070	83	73.2315	69.0094	2.87827	2.85985	0	0	0	0	0	0	0	0
8070	84	69.266	74.0354	2.97577	2.93359	0	0	0	0	0	0	0	0
8070	85	65.1724	66.4344	2.63297	2.61958	0	0	0	0	0	0	0	0
8070	86	68.4021	69.0299	2.85345	2.83075	0	0	0	0	0	0	0	0
8070	87	63.9367	67.1513	2.60041	2.58641	0	0	0	0	0	0	0	0
8070	88	64.7175	64.9704	2.59679	2.57985	0	0	0	0	0	0	0	0
8070	89	62.3952	67.4668	2.5911	2.56526	0	0	0	0	0	0	0	0
8070	90	69.9635	69.2847	2.69723	2.6784	0	0	0	0	0	0	0	0
8070	91	61.7645	65.5829	2.60845	2.59728	0	0	0	0	0	0	0	0
8070	92	70.2539	68.2265	2.63098	2.63447	0	0	0	0	0	0	0	0
8070	93	65.5803	63.1141	2.65324	2.64527	0	0	0	0	0	0	0	0
8070	94	60.5881	65.7547	2.66629	2.66855	0	0	0	0	0	0	0	0
8070	95	62.8585	63.7451	2.7144	2.68606	0	0	0	0	0	0	0	0
8070	96	85.0134	84.2753	2.60558	2.61254	0	0	0	0	0	0	0	0
8070	97	78.9341	78.5495	2.418	2.43596	0	0	0	0	0	0	0	0
8070	98	80.3736	78.3392	2.41437	2.39623	0	0	0	0	0	0	0	0
8070	99	80.9284	77.3645	2.38144	2.39562	0	0	0	0	0	0	0	0
8070	100	76.8785	76.4876	2.38911	2.38416	0	0	0	0	0	0	0	0
8070	101	80.9324	81.1532	2.38943	2.38328	0	0	0	0	0	0	0	0
8070	102	81.6917	82.5489	2.38532	2.36392	0	0	0	0	0	0	0	0
8070	103	80.7403	81.3213	2.46971	2.42912	0	0	0	0	0	0	0	0
8070	104	79.1745	81.5009	2.3989	2.38045	0	0	0	0	0	0	0	0
8070	105	79.8778	77.9478	2.38714	2.40649	0	0	0	0	0	0	0	0
8070	106	81.1936	83.0541	2.36865	2.33474	0	0	0	0	0	0	0	0
8070	107	82.0159	80.5284	2.55093	2.56903	0	0	0	0	0	0	0	0
8070	108	77.9232	77.7768	2.44263	2.46804	0	0	0	0	0	0	0	0
8070	109	81.1769	77.336	2.4189	2.46365	0	0	0	0	0	0	0	0
8070	110	73.7198	75.871	2.43967	2.41282	0	0	0	0	0	0	0	0
8070	111	77.6854	74.8722	2.3906	2.4148	0	0	0	0	0	0	0	0
8070	112	69.8538	67.6843	2.47339	2.47119	0	0	0	0	0	0	0	0
8070	113	72.1629	72.7054	2.39075	2.40071	0	0	0	0	0	0	0	0
8070	114	71.9854	66.1676	2.47008	2.49459	0	0	0	0	0	0	0	0
8070	115	73.6505	73.6792	2.42001	2.42905	0	0	0	0	0	0	0	0
8070	116	67.0728	64.1459	2.61129	2.634	0	0	0	0	0	0	0	0
8070	117	73.8302	72.8407	2.48527	2.49094	0	0	0	0	0	0	0	0
8070	118	65.3449	68.9096	2.4778	2.44213	0	0	0	0	0	0	0	0
8070	119	68.771	70.2805	2.41709	2.41435	0	0	0	0	0	0	0	0
8070	120	69.8385	68.387	2.46526	2.45085	0	0	0	0	0	0	0	0
8070	121	71.4666	72.0989	2.41225	2.42428	0	0	0	0	0	0	0	0
8070	122	71.3728	72.8072	2.47203	2.47004	0	0	0	0	0	0	0	0
8070	123	71.2908	71.2511	2.49618	2.50061	0	0	0	0	0	0	0	0
8070	124	72.3298	76.2779	2.43471	2.42625	0	0	0	0	0	0	0	0
8070	125	73.6826	70.4857	2.42815	2.4215	0	0	0	0	0	0	0	0
8070	126	70.2324	66.5255	2.39227	2.41458	0	0	0	0	0	0	0	0
8070	127	66.3887	69.2978	2.4369	2.47022	0	0	0	0	0	0	0	0
8107	0	71.2904	79.0271	2.42519	2.43669	0	0	0	0	0	0	0	0
8107	1	59.6915	70.2207	2.3962	2.42515	0	0	0	0	0	0	0	0
8107	2	66.8091	68.0034	2.40961	2.43194	0	0	0	0	0	0	0	0
8107	3	71.4883	68.8551	2.43182	2.47159	0	0	0	0	0	0	0	0
8107	4	79.0201	72.8468	2.9528	2.92769	0	0	0	0	0	0	0	0
8107	5	78.3591	71.1687	2.4468	2.4455	0	0	0	0	0	0	0	0
8107	6	73.8779	72.5657	2.35424	2.37369	0	0	0	0	0	0	0	0
8107	7	69.4563	72.2698	2.35904	2.3647	0	0	0	0	0	0	0	0
8107	8	75.1556	70.9891	2.42652	2.4442	0	0	0	0	0	0	0	0
8107	9	67.1343	69.1772	3.05936	3.10403	0	0	0	0	0	0	0	0
8107	10	63.2735	62.4784	2.39576	2.38904	0	0	0	0	0	0	0	0
8107	11	67.102	69.3876	2.42237	2.42631	0	0	0	0	0	0	0	0
8107	12	67.2711	68.7282	2.434	2.44458	0	0	0	0	0	0	0	0
8107	13	70.6103	69.7904	2.42154	2.43478	0	0	0	0	0	0	0	0
8107	14	68.4015	70.0666	2.3456	2.36612	0	0	0	0	0	0	0	0
8107	15	71.184	66.2208	2.3901	2.40762	0	0	0	0	0	0	0	0
8107	16	73.6794	84.0576	2.50548	2.4735	0	0	0	0	0	0	0	0
8107	17	66.4536	73.8241	2.66773	2.71235	0	0	0	0	0	0	0	0
8107	18	75.3323	76.6416	2.57722	2.56005	0	0	0	0	0	0	0	0
8107	19	82.2629	81.3255	2.48218	2.4948	0	0	0	0	0	0	0	0
8107	20	77.1343	76.0774	2.50226	2.52362	0	0	0	0	0	0	0	0
8107	21	80.5811	89.4639	2.76295	2.87599	0	0	0	0	0	0	0	0
8107	22	82.28	80.6647	2.43504	2.4203	0	0	0	0	0	0	0	0
8107	23	75.3718	74.7211	14.369	14.3344	0	0	0	0	0	0	0	0
8107	24	78.91	74.2682	2.44861	2.47241	0	0	0	0	0	0	0	0
8107	25	69.6962	74.2332	2.44463	2.4675	0	0	0	0	0	0	0	0
8107	26	74.2359	74.339	2.40355	2.40902	0	0	0	0	0	0	0	0
8107	27	73.8472	75.0427	2.49244	2.49527	0	0	0	0	0	0	0	0
8107	28	81.0317	78.019	2.49186	2.51355	0	0	0	0	0	0	0	0
8107	29	76.1663	71.6521	2.49252	2.50995	0	0	0	0	0	0	0	0
8107	30	75.8645	75.7813	2.44011	2.44712	0	0	0	0	0	0	0	0
8107	31	75.7969	77.2963	2.46324	2.46122	0	0	0	0	0	0	0	0
8107	32	63.3229	61.4849	2.85326	2.82581	0	0	0	0	0	0	0	0
8107	33	56.5432	59.5169	2.69698	2.69635	0	0	0	0	0	0	0	0
8107	34	63.0707	55.9113	2.68892	2.70067	0	0	0	0	0	0	0	0
8107	35	60.5684	58.2154	2.72887	2.71952	0	0	0	0	0	0	0	0
8107	36	61.3369	56.3826	2.74979	2.7508	0	0	0	0	0	0	0	0
8107	37	58.859	59.1914	2.76722	2.79432	0	0	0	0	0	0	0	0
8107	38	62.1395	59.9751	2.77347	2.76166	0	0	0	0	0	0	0	0
8107	39	57.3855	60.1004	2.53834	2.55628	0	0	0	0	0	0	0	0
8107	40	59.5084	63.5149	2.60154	2.61131	0	0	0	0	0	0	0	0
8107	41	61.1018	55.544	2.63347	2.63032	0	0	0	0	0	0	0	0
8107	42	50.6003	61.8505	2.68217	2.66655	0	0	0	0	0	0	0	0
8107	43	53.8942	62.4331	2.55753	2.52475	0	0	0	0	0	0	0	0
8107	44	62.0193	61.8382	2.78217	2.75748	0	0	0	0	0	0	0	0
8107	45	59.592	61.6773	2.62417	2.61027	0	0	0	0	0	0	0	0
8107	46	59.4343	57.2859	2.7517	2.77757	0	0	0	0	0	0	0	0
8107	47	55.2487	59.0492	2.55096	2.56668	0	0	0	0	0	0	0	0
8107	48	70.8327	76.8198	2.65243	2.67961	0	0	0	0	0	0	0	0
8107	49	66.6128	74.7155	2.58083	2.55603	0	0	0	0	0	0	0	0
8107	50	67.5419	70.6805	2.61339	2.63222	0	0	0	0	0	0	0	0
8107	51	70.2664	66.6914	2.59992	2.65436	0	0	0	0	0	0	0	0
8107	52	66.5555	66.6406	2.60682	2.61746	0	0	0	0	0	0	0	0
8107	53	67.4232	66.4111	2.63895	2.65432	0	0	0	0	0	0	0	0
8107	54	69.4483	70.1475	2.62064	2.64178	0	0	0	0	0	0	0	0
8107	55	63.7495	71.659	2.92839	2.88528	0	0	0	0	0	0	0	0
8107	56	68.9464	66.5771	2.54901	2.56455	0	0	0	0	0	0	0	0
8107	57	65.123	67.064	2.5736	2.59455	0	0	0	0	0	0	0	0
8107	58	70.0647	67.9585	2.70575	2.72329	0	0	0	0	0	0	0	0
8107	59	69.2743	66.857	2.77574	2.7858	0	0	0	0	0	0	0	0
8107	60	66.0875	65.822	2.77307	2.80436	0	0	0	0	0	0	0	0
8107	61	66.3648	68.6567	2.91269	2.90966	0	0	0	0	0	0	0	0
8107	62	67.4037	69.8598	2.78202	2.809	0	0	0	0	0	0	0	0
8107	63	69.7508	72.8939	3.01913	2.98793	0	0	0	0	0	0	0	0
8107	64	66.7082	69.5843	2.3038	2.33224	0	0	0	0	0	0	0	0
8107	65	70.4577	69.7688	2.36905	2.37648	0	0	0	0	0	0	0	0
8107	66	74.0972	75.082	2.33958	2.31336	0	0	0	0	0	0	0	0
8107	67	73.8617	73.8578	2.4021	2.41431	0	0	0	0	0	0	0	0
8107	68	67.0663	69.162	2.70703	2.71963	0	0	0	0	0	0	0	0
8107	69	71.3392	70.2238	2.32812	2.36793	0	0	0	0	0	0	0	0
8107	70	74.5401	71.7599	2.41979	2.4666	0	0	0	0	0	0	0	0
8107	71	69.6226	73.1884	2.57602	2.53559	0	0	0	0	0	0	0	0
8107	72	76.8848	72.7874	2.39236	2.44398	0	0	0	0	0	0	0	0
8107	73	75.2645	73.7679	2.35175	2.38058	0	0	0	0	0	0	0	0
8107	74	69.5027	66.0441	2.55249	2.5603	0	0	0	0	0	0	0	0
8107	75	70.5923	74.9149	2.55229	2.51294	0	0	0	0	0	0	0	0
8107	76	72.6064	68.3393	2.42889	2.46318	0	0	0	0	0	0	0	0
8107	77	69.5977	69.3662	2.52021	2.54654	0	0	0	0	0	0	0	0
8107	78	71.3317	74.8208	2.48212	2.47055	0	0	0	0	0	0	0	0
8107	79	69.9977	71.2285	2.68887	2.67541	0	0	0	0	0	0	0	0
8107	80	67.0182	66.9366	3.97197	3.91066	0	0	0	0	0	0	0	0
8107	81	62.9928	60.5996	3.09796	3.0995	0	0	0	0	0	0	0	0
8107	82	67.1235	66.2752	3.17975	3.15801	0	0	0	0	0	0	0	0
8107	83	67.3304	65.7904	2.60839	2.65465	0	0	0	0	0	0	0	0
8107	84	59.5445	63.209	2.81397	2.78854	0	0	0	0	0	0	0	0
8107	85	63.5017	65.1537	2.58654	2.62405	0	0	0	0	0	0	0	0
8107	86	63.45	61.4076	2.53666	2.54778	0	0	0	0	0	0	0	0
8107	87	61.6289	56.726	2.41842	2.4398	0	0	0	0	0	0	0	0
8107	88	60.2003	64.0845	2.44931	2.44142	0	0	0	0	0	0	0	0
8107	89	64.2348	63.5867	2.48571	2.5	0	0	0	0	0	0	0	0
8107	90	60.9738	62.0852	2.46481	2.48022	0	0	0	0	0	0	0	0
8107	91	58.6051	61.9462	2.51541	2.51025	0	0	0	0	0	0	0	0
8107	92	63.0746	62.6186	2.52376	2.54091	0	0	0	0	0	0	0	0
8107	93	60.857	63.7239	2.54675	2.55449	0	0	0	0	0	0	0	0
8107	94	61.5348	62.4408	2.6064	2.59397	0	0	0	0	0	0	0	0
8107	95	62.4371	62.3484	2.68358	2.6855	0	0	0	0	0	0	0	0
8107	96	66.4028	69.5795	2.3571	2.35473	0	0	0	0	0	0	0	0
8107	97	71.2011	75.007	2.44376	2.46376	0	0	0	0	0	0	0	0
8107	98	71.2512	65.82	2.39531	2.43086	0	0	0	0	0	0	0	0
8107	99	68.941	66.982	2.57881	2.58735	0	0	0	0	0	0	0	0
8107	100	71.3554	72.9798	2.53281	2.53974	0	0	0	0	0	0	0	0
8107	101	65.0554	67.6418	2.5223	2.55831	0	0	0	0	0	0	0	0
8107	102	63.9801	64.4561	2.50518	2.49882	0	0	0	0	0	0	0	0
8107	103	69.5857	67.3852	2.51141	2.52997	0	0	0	0	0	0	0	0
8107	104	70.2058	69.0336	2.48269	2.49555	0	0	0	0	0	0	0	0
8107	105	64.6649	64.0008	2.48763	2.46036	0	0	0	0	0	0	0	0
8107	106	61.2493	67.7366	2.69142	2.66189	0	0	0	0	0	0	0	0
8107	107	60.8656	62.1757	2.40609	2.41015	0	0	0	0	0	0	0	0
8107	108	68.0853	70.0339	2.42347	2.41889	0	0	0	0	0	0	0	0
8107	109	66.5596	67.7833	2.48006	2.48166	0	0	0	0	0	0	0	0
8107	110	70.3248	71.3214	2.4037	2.4105	0	0	0	0	0	0	0	0
8107	111	63.9752	66.0934	2.4252	2.45478	0	0	0	0	0	0	0	0
8107	112	83.9615	78.2566	2.23188	2.27623	0	0	0	0	0	0	0	0
8107	113	78.0554	82.436	2.58977	2.57519	0	0	0	0	0	0	0	0
8107	114	77.923	80.4087	2.27882	2.26346	0	0	0	0	0	0	0	0
8107	115	75.2549	73.1701	2.39411	2.38399	0	0	0	0	0	0	0	0
8107	116	81.0206	82.1606	2.32931	2.30369	0	0	0	0	0	0	0	0
8107	117	73.1998	79.2181	2.3468	2.31041	0	0	0	0	0	0	0	0
8107	118	78.3754	78.5204	2.28305	2.2824	0	0	0	0	0	0	0	0
8107	119	77.7306	76.9848	2.3063	2.28716	0	0	0	0	0	0	0	0
8107	120	76.7006	76.7966	2.40929	2.39136	0	0	0	0	0	0	0	0
8107	121	72.4209	78.2637	2.33311	2.32576	0	0	0	0	0	0	0	0
8107	122	76.5646	77.2809	2.42477	2.38868	0	0	0	0	0	0	0	0
8107	123	75.5908	74.0429	2.25742	2.27974	0	0	0	0	0	0	0	0
8107	124	78.7421	75.1252	2.41043	2.44689	0	0	0	0	0	0	0	0
8107	125	75.1324	73.9578	2.30967	2.31546	0	0	0	0	0	0	0	0
8107	126	78.0194	73.467	2.27634	2.29966	0	0	0	0	0	0	0	0
8107	127	73.3621	77.281	2.3415	2.31449	0	0	0	0	0	0	0	0
8049	0	61.3437	60.3382	2.7475	2.74024	0	0	0	0	0	0	0	0
8049	1	64.56	66.6129	2.9099	2.88452	0	0	0	0	0	0	0	0
8049	2	66.7441	75.0591	2.9563	2.99035	0	0	0	0	0	0	0	0
8049	3	66.0608	67.2751	2.8361	2.79521	0	0	0	0	0	0	0	0
8049	4	66.5621	66.1924	2.85937	2.83113	0	0	0	0	0	0	0	0
8049	5	68.5187	71.6606	3.07233	3.06481	0	0	0	0	0	0	0	0
8049	6	71.6291	69.1276	2.73886	2.71136	0	0	0	0	0	0	0	0
8049	7	67.4065	63.6592	2.92977	2.94013	0	0	0	0	0	0	0	0
8049	8	63.8246	59.5477	2.7682	2.77294	0	0	0	0	0	0	0	0
8049	9	73.3571	62.1639	2.9107	2.90299	0	0	0	0	0	0	0	0
8049	10	67.1734	68.0433	2.94154	2.9456	0	0	0	0	0	0	0	0
8049	11	66.3683	69.3688	2.89378	2.8711	0	0	0	0	0	0	0	0
8049	12	71.0092	63.1758	2.94163	2.96463	0	0	0	0	0	0	0	0
8049	13	63.4347	60.7197	3.21133	3.20782	0	0	0	0	0	0	0	0
8049	14	63.8158	68.3506	4.12125	4.13355	0	0	0	0	0	0	0	0
8049	15	61.8669	61.5798	3.60504	3.62259	0	0	0	0	0	0	0	0
8049	16	73.1685	71.6742	2.51256	2.53018	0	0	0	0	0	0	0	0
8049	17	67.4994	69.4018	2.47566	2.45204	0	0	0	0	0	0	0	0
8049	18	77.4764	74.5672	2.5025	2.49914	0	0	0	0	0	0	0	0
8049	19	73.2002	76.8449	3.02224	2.98605	0	0	0	0	0	0	0	0
8049	20	78.4309	70.9254	2.31105	2.31903	0	0	0	0	0	0	0	0
8049	21	67.6674	72.8424	2.80038	2.76621	0	0	0	0	0	0	0	0
8049	22	79.4515	72.7051	2.93808	2.91337	0	0	0	0	0	0	0	0
8049	23	79.0477	71.9522	2.89837	2.86812	0	0	0	0	0	0	0	0
8049	24	67.5197	70.233	2.33216	2.33314	0	0	0	0	0	0	0	0
8049	25	72.0384	66.4831	2.63671	2.65197	0	0	0	0	0	0	0	0
8049	26	77.9139	69.7048	2.99318	2.99843	0	0	0	0	0	0	0	0
8049	27	69.6204	76.1829	2.60576	2.57844	0	0	0	0	0	0	0	0
8049	28	71.8229	74.6567	2.50404	2.51577	0	0	0	0	0	0	0	0
8049	29	70.2968	68.0355	2.63868	2.64676	0	0	0	0	0	0	0	0
8049	30	71.8222	68.081	2.70216	2.71576	0	0	0	0	0	0	0	0
8049	31	67.9709	71.0915	2.78517	2.75946	0	0	0	0	0	0	0	0
8049	32	74.1642	75.8589	3.23564	3.24486	0	0	0	0	0	0	0	0
8049	33	70.285	75.2006	2.7028	2.69809	0	0	0	0	0	0	0	0
8049	34	72.8887	75.2172	3.2596	3.27566	0	0	0	0	0	0	0	0
8049	35	70.5353	72.2652	2.46995	2.49461	0	0	0	0	0	0	0	0
8049	36	80.75	77.9218	3.18208	3.19367	0	0	0	0	0	0	0	0
8049	37	73.3262	72.7968	2.59904	2.58933	0	0	0	0	0	0	0	0
8049	38	74.5872	72.0141	2.79459	2.80668	0	0	0	0	0	0	0	0
8049	39	73.2474	66.9242	2.85177	2.86722	0	0	0	0	0	0	0	0
8049	40	68.4243	71.7916	2.74924	2.77162	0	0	0	0	0	0	0	0
8049	41	75.0818	75.6405	2.4245	2.43134	0	0	0	0	0	0	0	0
8049	42	74.8113	72.813	2.67932	2.713	0	0	0	0	0	0	0	0
8049	43	69.5375	72.4714	2.62925	2.62909	0	0	0	0	0	0	0	0
8049	44	68.6986	70.8988	2.83016	2.82658	0	0	0	0	0	0	0	0
8049	45	76.2708	79.4431	2.57466	2.58477	0	0	0	0	0	0	0	0
8049	46	79.2116	77.1252	2.6216	2.64003	0	0	0	0	0	0	0	0
8049	47	75.3875	76.3725	2.4025	2.40899	0	0	0	0	0	0	0	0
8049	48	89.5256	82.1946	2.53914	2.5809	0	0	0	0	0	0	0	0
8049	49	80.3692	80.717	2.46944	2.4355	0	0	0	0	0	0	0	0
8049	50	83.1329	83.5788	2.52477	2.51695	0	0	0	0	0	0	0	0
8049	51	81.6186	77.0967	2.48782	2.49348	0	0	0	0	0	0	0	0
8049	52	89.4788	82.6769	2.58616	2.61542	0	0	0	0	0	0	0	0
8049	53	86.1283	83.1214	2.40201	2.4422	0	0	0	0	0	0	0	0
8049	54	86.4492	84.8433	2.47975	2.46364	0	0	0	0	0	0	0	0
8049	55	82.395	87.0693	2.48273	2.43309	0	0	0	0	0	0	0	0
8049	56	84.3114	83.0563	2.59064	2.59479	0	0	0	0	0	0	0	0
8049	57	89.0109	90.7945	2.44508	2.46305	0	0	0	0	0	0	0	0
8049	58	82.8592	80.1282	2.56418	2.60216	0	0	0	0	0	0	0	0
8049	59	76.4834	81.9594	2.70408	2.68774	0	0	0	0	0	0	0	0
8049	60	86.4567	82.7522	2.53621	2.58862	0	0	0	0	0	0	0	0
8049	61	82.9204	83.5311	2.53626	2.50488	0	0	0	0	0	0	0	0
8049	62	84.662	78.1557	2.79909	2.82554	0	0	0	0	0	0	0	0
8049	63	81.3848	81.411	2.88432	2.88106	0	0	0	0	0	0	0	0
8049	64	72.2463	74.3905	3.18888	3.20002	0	0	0	0	0	0	0	0
8049	65	74.1471	73.7989	3.01381	3.01498	0	0	0	0	0	0	0	0
8049	66	66.1022	71.9167	3.13498	3.12042	0	0	0	0	0	0	0	0
8049	67	74.388	71.0683	3.37024	3.43121	0	0	0	0	0	0	0	0
8049	68	72.3824	71.462	3.12414	3.13858	0	0	0	0	0	0	0	0
8049	69	72.8564	71.9802	3.10944	3.1273	0	0	0	0	0	0	0	0
8049	70	75.3712	69.4426	3.19302	3.21728	0	0	0	0	0	0	0	0
8049	71	73.5605	70.8932	2.97332	2.96659	0	0	0	0	0	0	0	0
8049	72	68.9535	71.4287	3.24242	3.22412	0	0	0	0	0	0	0	0
8049	73	67.4073	68.2621	3.10622	3.1215	0	0	0	0	0	0	0	0
8049	74	68.8551	69.3072	3.39333	3.40826	0	0	0	0	0	0	0	0
8049	75	68.1546	67.6234	3.09623	3.09442	0	0	0	0	0	0	0	0
8049	76	71.2726	69.5451	3.20976	3.21534	0	0	0	0	0	0	0	0
8049	77	65.8068	71.2591	3.76759	3.76963	0	0	0	0	0	0	0	0
8049	78	67.5128	70.8796	3.34442	3.34428	0	0	0	0	0	0	0	0
8049	79	68.7574	71.5247	3.56615	3.52711	0	0	0	0	0	0	0	0
8049	80	70.3004	73.599	4.08318	4.11554	0	0	0	0	0	0	0	0
8049	81	70.417	71.4003	3.63642	3.67495	0	0	0	0	0	0	0	0
8049	82	73.5041	74.4523	3.52011	3.56511	0	0	0	0	0	0	0	0
8049	83	71.5459	69.3662	2.88723	2.93304	0	0	0	0	0	0	0	0
8049	84	75.9815	70.6262	3.56422	3.60265	0	0	0	0	0	0	0	0
8049	85	68.734	67.8374	3.20051	3.21238	0	0	0	0	0	0	0	0
8049	86	77.7515	78.2177	3.95036	3.97547	0	0	0	0	0	0	0	0
8049	87	66.3865	67.4785	2.57828	2.59153	0	0	0	0	0	0	0	0
8049	88	69.325	72.0751	2.78009	2.77256	0	0	0	0	0	0	0	0
8049	89	68.2833	67.5064	3.19583	3.23086	0	0	0	0	0	0	0	0
8049	90	70.7832	72.4469	2.96757	2.95066	0	0	0	0	0	0	0	0
8049	91	67.6125	74.4292	3.89118	3.82801	0	0	0	0	0	0	0	0
8049	92	71.1539	66.6702	2.917	2.96305	0	0	0	0	0	0	0	0
8049	93	65.8617	70.0299	3.39256	3.38146	0	0	0	0	0	0	0	0
8049	94	71.5852	69.7702	2.74299	2.78688	0	0	0	0	0	0	0	0
8049	95	70.9015	69.0425	2.95011	2.96532	0	0	0	0	0	0	0	0
8049	96	63.8454	73.0412	2.48673	2.46533	0	0	0	0	0	0	0	0
8049	97	67.669	70.1216	2.48988	2.50012	0	0	0	0	0	0	0	0
8049	98	73.0875	71.0046	2.51742	2.49564	0	0	0	0	0	0	0	0
8049	99	72.1097	65.7033	2.4955	2.53341	0	0	0	0	0	0	0	0
8049	100	78.411	71.9571	2.56191	2.49667	0	0	0	0	0	0	0	0
8049	101	68.4231	67.8785	2.50928	2.53065	0	0	0	0	0	0	0	0
8049	102	67.8146	72.5643	2.50581	2.49758	0	0	0	0	0	0	0	0
8049	103	66.1207	70.1732	2.544	2.55632	0	0	0	0	0	0	0	0
8049	104	63.0563	68.1028	2.51337	2.55053	0	0	0	0	0	0	0	0
8049	105	67.6668	69.1544	2.49625	2.49803	0	0	0	0	0	0	0	0
8049	106	71.281	66.7296	2.50572	2.52289	0	0	0	0	0	0	0	0
8049	107	65.168	70.4737	2.82659	2.83395	0	0	0	0	0	0	0	0
8049	108	63.2961	65.9241	2.52776	2.50617	0	0	0	0	0	0	0	0
8049	109	66.2188	62.335	2.52104	2.52211	0	0	0	0	0	0	0	0
8049	110	60.6412	66.0447	2.5303	2.51633	0	0	0	0	0	0	0	0
8049	111	60.8	66.3517	2.6056	2.59194	0	0	0	0	0	0	0	0
8049	112	78.2512	76.1616	2.63003	2.65486	0	0	0	0	0	0	0	0
8049	113	80.6148	82.3804	2.45652	2.48289	0	0	0	0	0	0	0	0
8049	114	79.9944	77.9838	2.54029	2.58733	0	0	0	0	0	0	0	0
8049	115	76.3765	80.9608	2.45156	2.4416	0	0	0	0	0	0	0	0
8049	116	82.4266	78.7669	2.53044	2.58864	0	0	0	0	0	0	0	0
8049	117	73.2835	77.7799	2.4969	2.50156	0	0	0	0	0	0	0	0
8049	118	80.8637	79.161	2.56839	2.58515	0	0	0	0	0	0	0	0
8049	119	80.6428	75.422	2.71881	2.77168	0	0	0	0	0	0	0	0
8049	120	77.0926	80.0587	2.58616	2.59568	0	0	0	0	0	0	0	0
8049	121	77.3672	75.5791	2.76105	2.80075	0	0	0	0	0	0	0	0
8049	122	81.6781	82.7773	2.55946	2.56152	0	0	0	0	0	0	0	0
8049	123	76.9402	74.8687	2.5018	2.51724	0	0	0	0	0	0	0	0
8049	124	76.2615	81.4116	2.53292	2.5246	0	0	0	0	0	0	0	0
8049	125	77.7335	81.5686	2.57653	2.56174	0	0	0	0	0	0	0	0
8049	126	76.2002	77.1706	2.64194	2.64306	0	0	0	0	0	0	0	0
8049	127	80.7959	81.7906	2.54589	2.56581	0	0	0	0	0	0	0	0
8082	0	74.4912	63.0413	2.27706	2.2594	0	0	0	0	0	0	0	0
8082	1	58.4297	66.1362	2.30648	2.30385	0	0	0	0	0	0	0	0
8082	2	61.5212	59.3306	2.27532	2.27825	0	0	0	0	0	0	0	0
8082	3	63.2379	63.1017	3.86332	3.87644	0	0	0	0	0	0	0	0
8082	4	59.5797	67.6412	2.26998	2.26422	0	0	0	0	0	0	0	0
8082	5	67.917	66.3298	2.22682	2.27498	0	0	0	0	0	0	0	0
8082	6	61.6538	65.6414	2.47878	2.47009	0	0	0	0	0	0	0	0
8082	7	64.0671	68.0257	2.1556	2.17265	0	0	0	0	0	0	0	0
8082	8	60.0815	65.42	2.42218	2.43004	0	0	0	0	0	0	0	0
8082	9	61.1275	58.4356	2.22511	2.24317	0	0	0	0	0	0	0	0
8082	10	65.9446	65.9496	2.32328	2.36567	0	0	0	0	0	0	0	0
8082	11	59.7276	70.5854	2.22178	2.17423	0	0	0	0	0	0	0	0
8082	12	67.7793	61.7597	2.36392	2.39546	0	0	0	0	0	0	0	0
8082	13	67.6024	66.4835	2.07719	2.12461	0	0	0	0	0	0	0	0
8082	14	61.4619	64.4706	2.20127	2.20542	0	0	0	0	0	0	0	0
8082	15	59.8731	67.6145	2.31949	2.29169	0	0	0	0	0	0	0	0
8082	16	52.773	56.6415	2.25327	2.23461	0	0	0	0	0	0	0	0
8082	17	55.4039	49.9	2.31323	2.3358	0	0	0	0	0	0	0	0
8082	18	57.4528	59.0805	2.35567	2.37709	0	0	0	0	0	0	0	0
8082	19	61.7336	58.2827	2.33413	2.38336	0	0	0	0	0	0	0	0
8082	20	59.3967	62.1638	2.2701	2.25574	0	0	0	0	0	0	0	0
8082	21	56.6451	56.8467	2.74236	2.74804	0	0	0	0	0	0	0	0
8082	22	53.8671	55.5985	2.40929	2.41442	0	0	0	0	0	0	0	0
8082	23	56.162	59.6346	2.40367	2.3914	0	0	0	0	0	0	0	0
8082	24	57.6869	66.9585	2.27886	2.26757	0	0	0	0	0	0	0	0
8082	25	56.9543	59.9136	2.41032	2.42092	0	0	0	0	0	0	0	0
8082	26	56.8846	56.5547	2.18333	2.20818	0	0	0	0	0	0	0	0
8082	27	59.508	56.757	2.33699	2.35955	0	0	0	0	0	0	0	0
8082	28	62.9543	59.1073	2.46668	2.50756	0	0	0	0	0	0	0	0
8082	29	53.6787	53.0655	2.44826	2.45089	0	0	0	0	0	0	0	0
8082	30	58.0534	60.1558	2.38484	2.36814	0	0	0	0	0	0	0	0
8082	31	56.7527	60.5252	2.32352	2.30576	0	0	0	0	0	0	0	0
8082	32	71.3709	74.5051	3.02186	3.04627	0	0	0	0	0	0	0	0
8082	33	66.2313	71.7921	2.84549	2.87332	0	0	0	0	0	0	0	0
8082	34	76.4507	69.2699	3.06639	3.12357	0	0	0	0	0	0	0	0
8082	35	69.9319	73.043	2.93876	2.97446	0	0	0	0	0	0	0	0
8082	36	71.721	75.2468	3.10193	3.08829	0	0	0	0	0	0	0	0
8082	37	76.7433	76.5491	2.78741	2.79994	0	0	0	0	0	0	0	0
8082	38	80.7104	75.7514	2.85572	2.88045	0	0	0	0	0	0	0	0
8082	39	75.1987	74.3795	2.74396	2.77146	0	0	0	0	0	0	0	0
8082	40	72.7422	71.7998	2.95128	2.96588	0	0	0	0	0	0	0	0
8082	41	77.6029	77.4252	2.85044	2.87156	0	0	0	0	0	0	0	0
8082	42	70.8559	64.7092	2.99685	3.00701	0	0	0	0	0	0	0	0
8082	43	72.6798	73.8063	2.81817	2.80408	0	0	0	0	0	0	0	0
8082	44	74.0422	74.2253	3.05461	3.09222	0	0	0	0	0	0	0	0
8082	45	70.9376	73.5537	2.77494	2.78964	0	0	0	0	0	0	0	0
8082	46	73.5408	72.5867	2.88699	2.92551	0	0	0	0	0	0	0	0
8082	47	67.9423	72.4356	2.7805	2.76313	0	0	0	0	0	0	0	0
8082	48	58.2674	65.2612	2.31733	2.24914	0	0	0	0	0	0	0	0
8082	49	64.3001	62.2304	2.30166	2.34521	0	0	0	0	0	0	0	0
8082	50	65.2853	69.9523	2.22621	2.27061	0	0	0	0	0	0	0	0
8082	51	63.2684	62.004	2.38511	2.41241	0	0	0	0	0	0	0	0
8082	52	60.4962	58.5105	2.2781	2.29255	0	0	0	0	0	0	0	0
8082	53	61.5887	66.4553	2.33878	2.33161	0	0	0	0	0	0	0	0
8082	54	63.3353	65.1238	2.33267	2.32196	0	0	0	0	0	0	0	0
8082	55	62.6645	67.8488	2.31184	2.29253	0	0	0	0	0	0	0	0
8082	56	63.6493	58.9257	2.2897	2.38005	0	0	0	0	0	0	0	0
8082	57	58.1374	63.5692	2.41476	2.38103	0	0	0	0	0	0	0	0
8082	58	63.3034	58.5595	2.25518	2.27991	0	0	0	0	0	0	0	0
8082	59	58.5778	59.6321	2.53487	2.57458	0	0	0	0	0	0	0	0
8082	60	64.8185	65.1134	2.43139	2.44345	0	0	0	0	0	0	0	0
8082	61	59.1078	61.944	2.50787	2.51191	0	0	0	0	0	0	0	0
8082	62	64.6921	61.7322	2.65085	2.6696	0	0	0	0	0	0	0	0
8082	63	66.0428	64.5732	2.56122	2.58325	0	0	0	0	0	0	0	0
8082	64	69.4144	73.4357	2.45405	2.49119	0	0	0	0	0	0	0	0
8082	65	80.1795	76.2243	2.28138	2.29234	0	0	0	0	0	0	0	0
8082	66	73.6347	71.154	3.05341	3.07928	0	0	0	0	0	0	0	0
8082	67	75.038	75.4549	2.53297	2.53818	0	0	0	0	0	0	0	0
8082	68	82.5634	78.4155	2.6536	2.66382	0	0	0	0	0	0	0	0
8082	69	74.1414	77.7258	3.44189	3.41065	0	0	0	0	0	0	0	0
8082	70	78.6784	78.822	2.60151	2.58124	0	0	0	0	0	0	0	0
8082	71	74.197	79.1295	2.47689	2.46569	0	0	0	0	0	0	0	0
8082	72	73.0928	72.0845	2.44192	2.46276	0	0	0	0	0	0	0	0
8082	73	77.422	81.613	2.32689	2.3226	0	0	0	0	0	0	0	0
8082	74	77.4237	78.3678	2.87343	2.89568	0	0	0	0	0	0	0	0
8082	75	72.1609	74.0532	3.15121	3.18569	0	0	0	0	0	0	0	0
8082	76	79.1617	80.5042	2.43598	2.45342	0	0	0	0	0	0	0	0
8082	77	81.5695	76.0473	2.94058	2.96837	0	0	0	0	0	0	0	0
8082	78	68.4732	73.6709	2.43455	2.4647	0	0	0	0	0	0	0	0
8082	79	72.2013	78.6393	2.55548	2.54427	0	0	0	0	0	0	0	0
8082	80	58.6671	61.7002	3.97995	3.92582	0	0	0	0	0	0	0	0
8082	81	65.4465	66.7079	3.74103	3.79366	0	0	0	0	0	0	0	0
8082	82	64.6246	62.6484	3.32545	3.35088	0	0	0	0	0	0	0	0
8082	83	70.0901	68.5961	3.09919	3.13471	0	0	0	0	0	0	0	0
8082	84	65.1073	66.5983	2.90065	2.91099	0	0	0	0	0	0	0	0
8082	85	65.6793	66.3435	3.10716	3.1529	0	0	0	0	0	0	0	0
8082	86	62.5062	60.1539	4.66288	4.6622	0	0	0	0	0	0	0	0
8082	87	59.6637	55.0139	2.55553	2.5577	0	0	0	0	0	0	0	0
8082	88	66.4968	66.1071	3.02857	3.01541	0	0	0	0	0	0	0	0
8082	89	58.5605	67.0331	2.7236	2.71747	0	0	0	0	0	0	0	0
8082	90	63.2567	61.5021	5.04474	5.02061	0	0	0	0	0	0	0	0
8082	91	62.659	63.4181	4.77952	4.77225	0	0	0	0	0	0	0	0
8082	92	61.6615	58.3687	2.67682	2.64014	0	0	0	0	0	0	0	0
8082	93	65.0851	65.62	2.90996	2.91391	0	0	0	0	0	0	0	0
8082	94	59.568	59.475	3.93897	3.88193	0	0	0	0	0	0	0	0
8082	95	63.6357	57.3529	3.13767	3.09595	0	0	0	0	0	0	0	0
8082	96	71.9267	70.5526	2.05034	2.0616	0	0	0	0	0	0	0	0
8082	97	66.1706	71.6764	2.08094	2.04283	0	0	0	0	0	0	0	0
8082	98	68.0192	64.7653	2.09674	2.12766	0	0	0	0	0	0	0	0
8082	99	69.2714	66.8217	2.10131	2.12953	0	0	0	0	0	0	0	0
8082	100	66.2981	70.0088	2.12094	2.09825	0	0	0	0	0	0	0	0
8082	101	70.4546	72.6793	2.10959	2.09579	0	0	0	0	0	0	0	0
8082	102	74.902	72.3207	2.03021	2.03864	0	0	0	0	0	0	0	0
8082	103	70.8111	69.4346	2.08493	2.12804	0	0	0	0	0	0	0	0
8082	104	66.5922	67.4328	2.10322	2.13325	0	0	0	0	0	0	0	0
8082	105	70.0127	65.6849	2.0907	2.11385	0	0	0	0	0	0	0	0
8082	106	63.8341	68.6652	2.09259	2.08195	0	0	0	0	0	0	0	0
8082	107	64.8135	67.9362	2.15799	2.13901	0	0	0	0	0	0	0	0
8082	108	69.5588	64.8154	2.1102	2.09783	0	0	0	0	0	0	0	0
8082	109	66.5554	62.6327	2.16001	2.16132	0	0	0	0	0	0	0	0
8082	110	69.7294	67.5878	2.11936	2.13907	0	0	0	0	0	0	0	0
8082	111	68.8364	71.1258	2.10649	2.12166	0	0	0	0	0	0	0	0
8082	112	71.5434	70.0895	2.47767	2.46961	0	0	0	0	0	0	0	0
8082	113	72.6419	77.8755	2.41138	2.42386	0	0	0	0	0	0	0	0
8082	114	71.0707	71.2812	2.43255	2.42891	0	0	0	0	0	0	0	0
8082	115	76.0851	76.0838	2.3815	2.4087	0	0	0	0	0	0	0	0
8082	116	75.9589	73.3035	2.39099	2.40198	0	0	0	0	0	0	0	0
8082	117	77.519	76.3676	2.39752	2.43867	0	0	0	0	0	0	0	0
8082	118	77.3299	71.5789	2.36833	2.41779	0	0	0	0	0	0	0	0
8082	119	69.7914	75.4723	2.42894	2.42967	0	0	0	0	0	0	0	0
8082	120	72.009	71.2218	2.521	2.54986	0	0	0	0	0	0	0	0
8082	121	69.0658	69.6636	2.4655	2.48902	0	0	0	0	0	0	0	0
8082	122	72.9044	73.3314	2.43653	2.43823	0	0	0	0	0	0	0	0
8082	123	73.17	79.1953	2.49514	2.46338	0	0	0	0	0	0	0	0
8082	124	74.8742	74.3756	2.42094	2.44175	0	0	0	0	0	0	0	0
8082	125	73.2008	76.7468	2.4892	2.50866	0	0	0	0	0	0	0	0
8082	126	72.5277	75.1042	2.46282	2.46802	0	0	0	0	0	0	0	0
8082	127	72.0391	69.661	2.4957	2.49538	0	0	0	0	0	0	0	0
8098	0	81.7348	84.5549	2.85977	2.78684	0	0	0	0	0	0	0	0
8098	1	83.5535	83.4214	2.52173	2.51704	0	0	0	0	0	0	0	0
8098	2	83.9473	77.5996	2.58185	2.64346	0	0	0	0	0	0	0	0
8098	3	75.5714	78.1243	2.64228	2.68452	0	0	0	0	0	0	0	0
8098	4	84.9657	81.3085	2.56725	2.61873	0	0	0	0	0	0	0	0
8098	5	83.1625	77.7084	2.5816	2.66775	0	0	0	0	0	0	0	0
8098	6	77.9251	79.7451	2.59746	2.59515	0	0	0	0	0	0	0	0
8098	7	78.1106	83.905	2.56743	2.49132	0	0	0	0	0	0	0	0
8098	8	77.6402	80.125	2.74538	2.73846	0	0	0	0	0	0	0	0
8098	9	72.9999	79.1544	2.77547	2.78982	0	0	0	0	0	0	0	0
8098	10	82.5186	81.81	3.68631	3.67138	0	0	0	0	0	0	0	0
8098	11	80.4178	82.7039	2.69003	2.65237	0	0	0	0	0	0	0	0
8098	12	75.2559	78.1307	2.69818	2.689	0	0	0	0	0	0	0	0
8098	13	77.9821	79.9424	2.59676	2.60431	0	0	0	0	0	0	0	0
8098	14	75.4954	76.9417	2.64721	2.62711	0	0	0	0	0	0	0	0
8098	15	82.6449	79.86	2.53936	2.60296	0	0	0	0	0	0	0	0
8098	16	64.5255	56.4821	2.52291	2.44479	0	0	0	0	0	0	0	0
8098	17	50.8391	53.9631	2.55927	2.52379	0	0	0	0	0	0	0	0
8098	18	58.2936	53.5227	2.29368	2.31528	0	0	0	0	0	0	0	0
8098	19	56.3294	55.9547	2.36587	2.38552	0	0	0	0	0	0	0	0
8098	20	53.9166	53.7892	2.43012	2.4492	0	0	0	0	0	0	0	0
8098	21	49.807	51.7549	2.56248	2.53949	0	0	0	0	0	0	0	0
8098	22	53.9053	57.5698	2.34044	2.33487	0	0	0	0	0	0	0	0
8098	23	51.9257	44.8439	2.36899	2.3855	0	0	0	0	0	0	0	0
8098	24	49.433	56.2983	2.34961	2.28997	0	0	0	0	0	0	0	0
8098	25	53.6978	57.901	2.41762	2.39934	0	0	0	0	0	0	0	0
8098	26	46.5551	51.9472	2.50817	2.44233	0	0	0	0	0	0	0	0
8098	27	49.9113	48.8007	2.42113	2.41555	0	0	0	0	0	0	0	0
8098	28	53.3461	47.6253	5.36168	5.41656	0	0	0	0	0	0	0	0
8098	29	49.975	46.3146	2.63596	2.63022	0	0	0	0	0	0	0	0
8098	30	47.8572	51.4036	2.3657	2.33655	0	0	0	0	0	0	0	0
8098	31	42.7748	45.4269	2.39723	2.3612	0	0	0	0	0	0	0	0
8098	32	73.6625	78.5576	3.11973	3.10362	0	0	0	0	0	0	0	0
8098	33	79.5481	71.7077	2.85668	2.86961	0	0	0	0	0	0	0	0
8098	34	78.321	79.669	2.85886	2.83999	0	0	0	0	0	0	0	0
8098	35	70.5937	74.1213	2.77694	2.75785	0	0	0	0	0	0	0	0
8098	36	83.9581	79.8554	2.88483	2.86246	0	0	0	0	0	0	0	0
8098	37	80.5336	71.4668	2.80136	2.81394	0	0	0	0	0	0	0	0
8098	38	77.3846	72.4267	2.98069	3.01344	0	0	0	0	0	0	0	0
8098	39	73.0134	65.7081	2.85532	2.85541	0	0	0	0	0	0	0	0
8098	40	78.3162	79.4243	2.73337	2.72643	0	0	0	0	0	0	0	0
8098	41	76.8945	72.0766	2.61518	2.63451	0	0	0	0	0	0	0	0
8098	42	73.7244	71.7445	3.04962	3.04769	0	0	0	0	0	0	0	0
8098	43	77.6588	73.5339	2.60628	2.60095	0	0	0	0	0	0	0	0
8098	44	76.7053	76.2553	2.88852	2.84794	0	0	0	0	0	0	0	0
8098	45	68.2733	70.4368	3.27586	3.22958	0	0	0	0	0	0	0	0
8098	46	69.3213	71.8775	3.10616	3.08464	0	0	0	0	0	0	0	0
8098	47	71.1684	73.8841	2.57482	2.58465	0	0	0	0	0	0	0	0
8098	48	68.0534	73.5142	2.88318	2.89611	0	0	0	0	0	0	0	0
8098	49	64.6447	69.0285	2.80365	2.81841	0	0	0	0	0	0	0	0
8098	50	66.0373	67.3785	2.89676	2.92764	0	0	0	0	0	0	0	0
8098	51	65.2254	71.2152	2.85986	2.86989	0	0	0	0	0	0	0	0
8098	52	57.5984	70.7073	2.99083	2.94225	0	0	0	0	0	0	0	0
8098	53	66.7141	70.0859	3.06192	3.0634	0	0	0	0	0	0	0	0
8098	54	64.5101	68.7226	3.04461	3.04937	0	0	0	0	0	0	0	0
8098	55	65.1854	68.1204	2.82619	2.87272	0	0	0	0	0	0	0	0
8098	56	66.7581	66.5399	3.00193	3.01761	0	0	0	0	0	0	0	0
8098	57	60.7144	66.5191	3.10009	3.08541	0	0	0	0	0	0	0	0
8098	58	67.8073	64.8745	2.97596	3.00703	0	0	0	0	0	0	0	0
8098	59	73.5765	67.2508	3.04474	3.07096	0	0	0	0	0	0	0	0
8098	60	63.7406	68.4534	3.02473	3.03011	0	0	0	0	0	0	0	0
8098	61	65.1153	67.1733	3.09848	3.13871	0	0	0	0	0	0	0	0
8098	62	68.6491	66.4638	3.22282	3.30911	0	0	0	0	0	0	0	0
8098	63	61.5191	62.6853	3.23849	3.24477	0	0	0	0	0	0	0	0
8098	64	70.1032	71.9772	2.37597	2.36248	0	0	0	0	0	0	0	0
8098	65	74.3639	76.5884	2.37282	2.35925	0	0	0	0	0	0	0	0
8098	66	76.6835	78.785	2.6293	2.65579	0	0	0	0	0	0	0	0
8098	67	74.408	73.3487	2.45784	2.46435	0	0	0	0	0	0	0	0
8098	68	77.1435	71.4544	2.41284	2.46375	0	0	0	0	0	0	0	0
8098	69	74.9007	76.8592	2.29871	2.27661	0	0	0	0	0	0	0	0
8098	70	80.6527	79.9006	2.34101	2.35397	0	0	0	0	0	0	0	0
8098	71	75.6214	74.3568	2.26429	2.31319	0	0	0	0	0	0	0	0
8098	72	72.3324	72.1007	2.35963	2.36552	0	0	0	0	0	0	0	0
8098	73	74.2907	72.5044	2.48423	2.49693	0	0	0	0	0	0	0	0
8098	74	71.8019	77.6228	2.54873	2.5397	0	0	0	0	0	0	0	0
8098	75	73.8478	77.4662	2.79584	2.74901	0	0	0	0	0	0	0	0
8098	76	70.2179	77.8896	2.51543	2.4618	0	0	0	0	0	0	0	0
8098	77	74.3298	74.6776	2.3891	2.37402	0	0	0	0	0	0	0	0
8098	78	74.6373	71.6907	2.56093	2.58382	0	0	0	0	0	0	0	0
8098	79	80.5635	74.6401	2.4082	2.46623	0	0	0	0	0	0	0	0
8098	80	72.0183	75.3011	3.65353	3.65935	0	0	0	0	0	0	0	0
8098	81	70.5003	69.7623	3.34527	3.368	0	0	0	0	0	0	0	0
8098	82	73.5085	73.8994	3.12212	3.13406	0	0	0	0	0	0	0	0
8098	83	78.8901	75.2102	2.80025	2.83685	0	0	0	0	0	0	0	0
8098	84	73.2064	72.8764	2.81958	2.82026	0	0	0	0	0	0	0	0
8098	85	66.5027	75.6922	2.48246	2.47322	0	0	0	0	0	0	0	0
8098	86	72.3619	72.093	2.56049	2.61582	0	0	0	0	0	0	0	0
8098	87	73.0658	75.6467	2.5376	2.56664	0	0	0	0	0	0	0	0
8098	88	71.0057	74.3371	2.49582	2.48291	0	0	0	0	0	0	0	0
8098	89	74.4125	70.5257	2.86222	2.90774	0	0	0	0	0	0	0	0
8098	90	71.5315	67.9455	2.55066	2.58394	0	0	0	0	0	0	0	0
8098	91	72.9322	73.1127	2.8693	2.89921	0	0	0	0	0	0	0	0
8098	92	71.1505	69.8515	2.6873	2.72647	0	0	0	0	0	0	0	0
8098	93	68.8847	68.7328	2.91815	2.94052	0	0	0	0	0	0	0	0
8098	94	69.255	74.177	2.78435	2.79626	0	0	0	0	0	0	0	0
8098	95	71.343	74.7184	3.21915	3.21557	0	0	0	0	0	0	0	0
8098	96	63.8377	64.8181	2.19287	2.21399	0	0	0	0	0	0	0	0
8098	97	66.3124	66.1898	2.14858	2.1756	0	0	0	0	0	0	0	0
8098	98	67.3861	63.6882	2.22014	2.28248	0	0	0	0	0	0	0	0
8098	99	62.5406	62.5842	2.20167	2.20833	0	0	0	0	0	0	0	0
8098	100	66.4074	68.9823	2.32689	2.3225	0	0	0	0	0	0	0	0
8098	101	65.8602	67.7383	2.23223	2.23417	0	0	0	0	0	0	0	0
8098	102	66.5034	69.1367	2.1307	2.11814	0	0	0	0	0	0	0	0
8098	103	61.8395	63.571	2.19643	2.2108	0	0	0	0	0	0	0	0
8098	104	60.6826	64.4872	2.16037	2.15291	0	0	0	0	0	0	0	0
8098	105	60.0176	62.897	2.36037	2.38107	0	0	0	0	0	0	0	0
8098	106	64.2466	63.0539	2.2971	2.31427	0	0	0	0	0	0	0	0
8098	107	63.8217	68.0381	2.35731	2.32868	0	0	0	0	0	0	0	0
8098	108	65.6297	62.6068	2.21336	2.25755	0	0	0	0	0	0	0	0
8098	109	66.7828	64.0014	2.3139	2.36884	0	0	0	0	0	0	0	0
8098	110	62.5465	56.6461	2.20194	2.20923	0	0	0	0	0	0	0	0
8098	111	62.4985	64.1538	2.38498	2.38775	0	0	0	0	0	0	0	0
8098	112	70.315	70.3758	2.76347	2.7627	0	0	0	0	0	0	0	0
8098	113	71.9597	70.3116	3.51293	3.53317	0	0	0	0	0	0	0	0
8098	114	72.8023	78.9513	2.70021	2.71097	0	0	0	0	0	0	0	0
8098	115	72.7016	68.627	2.55278	2.59556	0	0	0	0	0	0	0	0
8098	116	69.2866	71.4947	2.54226	2.53451	0	0	0	0	0	0	0	0
8098	117	67.2484	74.6811	2.63032	2.58697	0	0	0	0	0	0	0	0
8098	118	71.562	66.92	2.63991	2.6389	0	0	0	0	0	0	0	0
8098	119	63.547	67.7984	2.53498	2.52932	0	0	0	0	0	0	0	0
8098	120	70.3835	70.1816	2.69142	2.69676	0	0	0	0	0	0	0	0
8098	121	70.7656	71.3829	2.80767	2.76843	0	0	0	0	0	0	0	0
8098	122	68.201	67.374	2.56287	2.58247	0	0	0	0	0	0	0	0
8098	123	68.5868	67.2607	2.73185	2.74458	0	0	0	0	0	0	0	0
8098	124	73.0782	71.4958	3.37376	3.38385	0	0	0	0	0	0	0	0
8098	125	73.3422	69.2501	2.67193	2.69373	0	0	0	0	0	0	0	0
8098	126	74.0001	73.5872	2.57198	2.55865	0	0	0	0	0	0	0	0
8098	127	70.444	72.2915	2.76563	2.74743	0	0	0	0	0	0	0	0
8065	0	80.2108	81.5551	2.94968	2.96897	0	0	0	0	0	0	0	0
8065	1	89.2261	87.1686	5.38452	5.32418	0	0	0	0	0	0	0	0
8065	2	88.5447	92.318	2.88427	2.93804	0	0	0	0	0	0	0	0
8065	3	78.0104	87.6646	2.6317	2.5515	0	0	0	0	0	0	0	0
8065	4	77.026	80.1703	3.25588	3.27817	0	0	0	0	0	0	0	0
8065	5	80.9056	86.9334	3.53592	3.44218	0	0	0	0	0	0	0	0
8065	6	83.8797	83.8145	2.30084	2.28395	0	0	0	0	0	0	0	0
8065	7	83.3139	89.2189	2.93218	2.92177	0	0	0	0	0	0	0	0
8065	8	88.381	82.9562	3.89052	3.86923	0	0	0	0	0	0	0	0
8065	9	88.8536	85.9382	3.9608	3.8816	0	0	0	0	0	0	0	0
8065	10	90.199	80.3596	2.73435	2.71932	0	0	0	0	0	0	0	0
8065	11	83.2824	83.86	4.07936	4.08342	0	0	0	0	0	0	0	0
8065	12	77.3503	81.9473	3.00418	2.92766	0	0	0	0	0	0	0	0
8065	13	89.2608	83.3485	3.8792	3.86902	0	0	0	0	0	0	0	0
8065	14	81.2065	79.8659	2.74089	2.76877	0	0	0	0	0	0	0	0
8065	15	84.2444	86.7445	2.57221	2.54551	0	0	0	0	0	0	0	0
8065	16	88.9077	89.5562	2.81095	2.82163	0	0	0	0	0	0	0	0
8065	17	88.8981	84.9543	2.86591	2.86978	0	0	0	0	0	0	0	0
8065	18	84.5046	85.2597	2.82013	2.82042	0	0	0	0	0	0	0	0
8065	19	82.5685	88.1965	2.92894	2.92323	0	0	0	0	0	0	0	0
8065	20	82.6711	93.8587	2.8826	2.89723	0	0	0	0	0	0	0	0
8065	21	92.2432	81.1654	3.05225	3.07212	0	0	0	0	0	0	0	0
8065	22	90.4603	81.9131	2.93629	2.95181	0	0	0	0	0	0	0	0
8065	23	84.1229	86.4139	2.89636	2.88931	0	0	0	0	0	0	0	0
8065	24	87.1695	81.0249	2.7748	2.80351	0	0	0	0	0	0	0	0
8065	25	84.4082	87.9286	2.82216	2.80712	0	0	0	0	0	0	0	0
8065	26	76.9683	90.0134	2.78751	2.78043	0	0	0	0	0	0	0	0
8065	27	88.4059	80.0701	2.94403	2.98619	0	0	0	0	0	0	0	0
8065	28	86.527	90.6482	2.79278	2.83407	0	0	0	0	0	0	0	0
8065	29	85.0625	85.4692	2.91332	2.92914	0	0	0	0	0	0	0	0
8065	30	91.8065	82.5715	2.78654	2.7984	0	0	0	0	0	0	0	0
8065	31	79.3042	79.2449	2.92242	2.94751	0	0	0	0	0	0	0	0
8065	32	71.9703	70.1075	2.75054	2.73259	0	0	0	0	0	0	0	0
8065	33	81.0764	73.6086	2.7754	2.6867	0	0	0	0	0	0	0	0
8065	34	67.8034	73.4206	2.80246	2.82165	0	0	0	0	0	0	0	0
8065	35	66.9473	66.9513	2.66868	2.69319	0	0	0	0	0	0	0	0
8065	36	65.4841	68.1813	2.79255	2.79119	0	0	0	0	0	0	0	0
8065	37	67.5474	67.5903	2.64136	2.66416	0	0	0	0	0	0	0	0
8065	38	69.4437	64.8236	2.64957	2.66386	0	0	0	0	0	0	0	0
8065	39	68.3379	59.8144	2.56721	2.56986	0	0	0	0	0	0	0	0
8065	40	70.6485	69.9488	2.70791	2.69235	0	0	0	0	0	0	0	0
8065	41	62.0324	66.2242	2.66806	2.7097	0	0	0	0	0	0	0	0
8065	42	63.4848	68.6301	2.72208	2.71154	0	0	0	0	0	0	0	0
8065	43	69.6264	71.3298	2.58511	2.57628	0	0	0	0	0	0	0	0
8065	44	71.7135	69.6596	2.76375	2.79332	0	0	0	0	0	0	0	0
8065	45	59.826	65.2816	2.68702	2.715	0	0	0	0	0	0	0	0
8065	46	64.6286	65.0574	2.57978	2.5837	0	0	0	0	0	0	0	0
8065	47	69.402	64.7362	2.5735	2.57894	0	0	0	0	0	0	0	0
8065	48	66.0649	59.3434	2.45003	2.47848	0	0	0	0	0	0	0	0
8065	49	72.3665	71.0293	2.63677	2.71943	0	0	0	0	0	0	0	0
8065	50	67.6531	76.0432	2.76934	2.82439	0	0	0	0	0	0	0	0
8065	51	69.6909	70.5824	2.49599	2.53145	0	0	0	0	0	0	0	0
8065	52	74.962	72.5934	2.46438	2.47904	0	0	0	0	0	0	0	0
8065	53	63.645	61.6419	2.68182	2.68115	0	0	0	0	0	0	0	0
8065	54	61.3017	62.5868	2.51244	2.46718	0	0	0	0	0	0	0	0
8065	55	67.2974	60.6117	2.57921	2.60365	0	0	0	0	0	0	0	0
8065	56	69.0763	73.0084	2.32238	2.36303	0	0	0	0	0	0	0	0
8065	57	68.2688	59.8725	2.57348	2.61753	0	0	0	0	0	0	0	0
8065	58	64.4976	60.0204	2.42659	2.45285	0	0	0	0	0	0	0	0
8065	59	69.2291	67.2713	2.63562	2.63994	0	0	0	0	0	0	0	0
8065	60	69.051	73.4329	2.55262	2.61468	0	0	0	0	0	0	0	0
8065	61	69.6448	58.2205	2.70164	2.7685	0	0	0	0	0	0	0	0
8065	62	70.2571	65.2156	3.00697	3.04328	0	0	0	0	0	0	0	0
8065	63	64.805	72.4778	2.77787	2.80904	0	0	0	0	0	0	0	0
8065	64	62.819	67.3781	2.14069	2.12794	0	0	0	0	0	0	0	0
8065	65	67.8561	64.389	2.2984	2.33218	0	0	0	0	0	0	0	0
8065	66	69.4869	67.7482	2.15715	2.20147	0	0	0	0	0	0	0	0
8065	67	66.6981	72.7893	2.21726	2.20209	0	0	0	0	0	0	0	0
8065	68	66.7236	66.8047	2.18612	2.21867	0	0	0	0	0	0	0	0
8065	69	62.5398	61.5561	2.40577	2.4125	0	0	0	0	0	0	0	0
8065	70	70.8641	66.8204	2.13464	2.1605	0	0	0	0	0	0	0	0
8065	71	69.7631	68.14	2.06081	2.08587	0	0	0	0	0	0	0	0
8065	72	70.5608	67.6897	2.24321	2.29659	0	0	0	0	0	0	0	0
8065	73	71.6374	67.9947	2.48333	2.49825	0	0	0	0	0	0	0	0
8065	74	64.5048	67.0013	2.24423	2.22591	0	0	0	0	0	0	0	0
8065	75	65.8217	69.2672	2.22806	2.21175	0	0	0	0	0	0	0	0
8065	76	64.4354	66.9759	2.2779	2.27684	0	0	0	0	0	0	0	0
8065	77	63.6986	65.8517	2.59095	2.55721	0	0	0	0	0	0	0	0
8065	78	64.5668	71.6675	2.46733	2.3893	0	0	0	0	0	0	0	0
8065	79	68.2816	65.1873	2.24091	2.2604	0	0	0	0	0	0	0	0
8065	80	66.1343	68.3875	3.55795	3.54028	0	0	0	0	0	0	0	0
8065	81	57.5643	58.2874	2.9725	2.99446	0	0	0	0	0	0	0	0
8065	82	57.3133	60.7494	2.87829	2.83983	0	0	0	0	0	0	0	0
8065	83	63.7711	66.8118	2.34813	2.35434	0	0	0	0	0	0	0	0
8065	84	59.4517	61.0421	2.44352	2.44469	0	0	0	0	0	0	0	0
8065	85	68.5124	67.4238	2.17183	2.19073	0	0	0	0	0	0	0	0
8065	86	64.0805	63.1384	2.21833	2.23384	0	0	0	0	0	0	0	0
8065	87	62.1309	67.6907	2.14246	2.11817	0	0	0	0	0	0	0	0
8065	88	67.7721	66.7234	2.22488	2.20897	0	0	0	0	0	0	0	0
8065	89	64.0008	60.8691	2.2705	2.28615	0	0	0	0	0	0	0	0
8065	90	58.537	61.4771	2.26432	2.24176	0	0	0	0	0	0	0	0
8065	91	60.8825	65.1719	2.41309	2.38564	0	0	0	0	0	0	0	0
8065	92	57.484	60.3308	2.22629	2.20975	0	0	0	0	0	0	0	0
8065	93	65.9872	63.4083	2.41852	2.47292	0	0	0	0	0	0	0	0
8065	94	63.3787	63.3403	2.3181	2.32055	0	0	0	0	0	0	0	0
8065	95	62.6586	64.9451	2.65158	2.65023	0	0	0	0	0	0	0	0
8065	96	63.1587	68.8273	2.13463	2.14585	0	0	0	0	0	0	0	0
8065	97	70.3427	73.0439	2.0833	2.08141	0	0	0	0	0	0	0	0
8065	98	71.0991	68.4448	2.02302	2.03338	0	0	0	0	0	0	0	0
8065	99	67.4241	67.0493	2.04645	2.07998	0	0	0	0	0	0	0	0
8065	100	64.1766	64.2475	2.05041	2.05432	0	0	0	0	0	0	0	0
8065	101	68.4375	69.5455	2.03639	2.03126	0	0	0	0	0	0	0	0
8065	102	64.8087	67.3184	2.25785	2.24006	0	0	0	0	0	0	0	0
8065	103	69.0725	72.5194	2.18051	2.18056	0	0	0	0	0	0	0	0
8065	104	64.8154	64.7158	2.04298	2.07298	0	0	0	0	0	0	0	0
8065	105	64.2272	64.6205	2.05804	2.07146	0	0	0	0	0	0	0	0
8065	106	64.9506	72.0138	3.75642	3.6616	0	0	0	0	0	0	0	0
8065	107	68.7596	65.0002	2.04121	2.08112	0	0	0	0	0	0	0	0
8065	108	70.7223	66.7879	2.15906	2.20408	0	0	0	0	0	0	0	0
8065	109	68.1315	67.4626	2.03938	2.08321	0	0	0	0	0	0	0	0
8065	110	69.0108	69.0246	2.11554	2.14869	0	0	0	0	0	0	0	0
8065	111	67.0718	63.0278	2.09461	2.13163	0	0	0	0	0	0	0	0
8065	112	68.5801	72.9664	2.14601	2.12263	0	0	0	0	0	0	0	0
8065	113	68.9924	64.6691	2.08011	2.10081	0	0	0	0	0	0	0	0
8065	114	66.2158	63.8525	2.0303	2.02232	0	0	0	0	0	0	0	0
8065	115	65.6958	61.8043	2.03197	2.01839	0	0	0	0	0	0	0	0
8065	116	67.3408	69.2731	2.02273	1.97011	0	0	0	0	0	0	0	0
8065	117	69.1697	66.8744	1.97039	1.96109	0	0	0	0	0	0	0	0
8065	118	64.8486	66.1418	2.01575	1.99391	0	0	0	0	0	0	0	0
8065	119	66.351	60.8878	2.00398	2.02615	0	0	0	0	0	0	0	0
8065	120	66.9072	72.4039	2.08117	2.05308	0	0	0	0	0	0	0	0
8065	121	57.5647	62.1894	2.02675	2.01951	0	0	0	0	0	0	0	0
8065	122	66.4367	70.3793	2.03936	1.98348	0	0	0	0	0	0	0	0
8065	123	68.8284	66.5131	2.01692	1.9985	0	0	0	0	0	0	0	0
8065	124	65.812	74.1155	2.05531	2.04958	0	0	0	0	0	0	0	0
8065	125	69.9919	66.961	2.05668	2.07373	0	0	0	0	0	0	0	0
8065	126	67.5861	64.2285	2.0334	2.01917	0	0	0	0	0	0	0	0
8065	127	63.0253	67.2309	2.11336	2.07774	0	0	0	0	0	0	0	0
8072	0	53.9086	54.5648	2.33544	2.36912	0	0	0	0	0	0	0	0
8072	1	55.2663	52.7242	2.29256	2.34058	0	0	0	0	0	0	0	0
8072	2	51.681	55.6604	2.78023	2.78479	0	0	0	0	0	0	0	0
8072	3	52.5679	57.2493	2.6412	2.61387	0	0	0	0	0	0	0	0
8072	4	60.4956	57.3762	3.01407	3.02349	0	0	0	0	0	0	0	0
8072	5	56.0684	56.064	2.35308	2.35271	0	0	0	0	0	0	0	0
8072	6	60.7321	61.5487	2.20571	2.21533	0	0	0	0	0	0	0	0
8072	7	58.3223	56.6114	2.96261	2.97884	0	0	0	0	0	0	0	0
8072	8	64.524	60.9526	2.52995	2.49011	0	0	0	0	0	0	0	0
8072	9	55.1011	56.475	2.6478	2.63874	0	0	0	0	0	0	0	0
8072	10	64.3732	56.0381	2.5031	2.52104	0	0	0	0	0	0	0	0
8072	11	54.0214	55.6575	2.29992	2.32751	0	0	0	0	0	0	0	0
8072	12	56.4578	53.9457	2.37857	2.405	0	0	0	0	0	0	0	0
8072	13	51.8184	52.6626	2.83026	2.85181	0	0	0	0	0	0	0	0
8072	14	56.3898	56.1327	2.39164	2.40718	0	0	0	0	0	0	0	0
8072	15	54.5822	58.229	2.59627	2.58842	0	0	0	0	0	0	0	0
8072	16	55.8561	57.543	2.44985	2.43203	0	0	0	0	0	0	0	0
8072	17	50.278	55.4395	2.5342	2.51316	0	0	0	0	0	0	0	0
8072	18	55.658	55.1711	2.53131	2.54064	0	0	0	0	0	0	0	0
8072	19	54.5404	54.215	2.70509	2.71743	0	0	0	0	0	0	0	0
8072	20	51.9725	53.8845	2.55168	2.56074	0	0	0	0	0	0	0	0
8072	21	55.4308	49.0625	2.60265	2.62693	0	0	0	0	0	0	0	0
8072	22	52.8038	56.4925	2.59036	2.58352	0	0	0	0	0	0	0	0
8072	23	52.3087	54.7323	2.70199	2.67333	0	0	0	0	0	0	0	0
8072	24	56.0229	59.5241	2.41278	2.38925	0	0	0	0	0	0	0	0
8072	25	50.3313	52.2529	2.52047	2.54049	0	0	0	0	0	0	0	0
8072	26	56.6561	61.7576	2.53096	2.48063	0	0	0	0	0	0	0	0
8072	27	57.1594	54.8898	2.47659	2.50214	0	0	0	0	0	0	0	0
8072	28	55.8157	54.1109	2.41501	2.42678	0	0	0	0	0	0	0	0
8072	29	55.8419	53.0178	2.54055	2.56853	0	0	0	0	0	0	0	0
8072	30	57.9613	54.3477	2.42975	2.48463	0	0	0	0	0	0	0	0
8072	31	53.3008	56.512	2.50085	2.46959	0	0	0	0	0	0	0	0
8072	32	69.7603	69.2134	2.70115	2.70218	0	0	0	0	0	0	0	0
8072	33	74.786	70.6573	2.47884	2.48805	0	0	0	0	0	0	0	0
8072	34	72.0347	72.3186	2.68153	2.64497	0	0	0	0	0	0	0	0
8072	35	70.4741	70.0514	2.4688	2.43057	0	0	0	0	0	0	0	0
8072	36	74.2731	76.4411	2.64745	2.62039	0	0	0	0	0	0	0	0
8072	37	73.8629	72.59	2.40643	2.42507	0	0	0	0	0	0	0	0
8072	38	72.4299	70.144	2.52762	2.52929	0	0	0	0	0	0	0	0
8072	39	68.1685	70.2361	2.47426	2.48398	0	0	0	0	0	0	0	0
8072	40	77.3579	77.9726	2.5781	2.59037	0	0	0	0	0	0	0	0
8072	41	75.0539	79.7689	2.35775	2.37686	0	0	0	0	0	0	0	0
8072	42	72.3616	67.631	2.68356	2.66963	0	0	0	0	0	0	0	0
8072	43	70.8247	69.3999	2.38084	2.37237	0	0	0	0	0	0	0	0
8072	44	69.9933	65.023	2.69449	2.69412	0	0	0	0	0	0	0	0
8072	45	75.6628	75.3848	2.48544	2.48435	0	0	0	0	0	0	0	0
8072	46	73.2028	72.1557	2.46533	2.46702	0	0	0	0	0	0	0	0
8072	47	69.1223	71.9633	2.4092	2.38447	0	0	0	0	0	0	0	0
8072	48	55.6161	55.146	3.28398	3.29176	0	0	0	0	0	0	0	0
8072	49	59.5971	57.7407	2.9542	2.95031	0	0	0	0	0	0	0	0
8072	50	66.5689	62.3415	2.42421	2.476	0	0	0	0	0	0	0	0
8072	51	59.9008	68.8167	2.60959	2.59246	0	0	0	0	0	0	0	0
8072	52	63.5874	56.2571	2.76214	2.81749	0	0	0	0	0	0	0	0
8072	53	61.9294	63.971	2.99909	3.03726	0	0	0	0	0	0	0	0
8072	54	54.7729	60.1463	2.70252	2.69678	0	0	0	0	0	0	0	0
8072	55	64.3523	59.0382	2.79636	2.81883	0	0	0	0	0	0	0	0
8072	56	62.9277	59.1391	2.40567	2.46057	0	0	0	0	0	0	0	0
8072	57	60.3043	58.977	2.75092	2.77135	0	0	0	0	0	0	0	0
8072	58	55.5873	63.3408	2.49715	2.49462	0	0	0	0	0	0	0	0
8072	59	60.67	58.9606	2.72506	2.72054	0	0	0	0	0	0	0	0
8072	60	60.7804	63.611	2.60851	2.58328	0	0	0	0	0	0	0	0
8072	61	59.3192	66.1274	2.76035	2.72275	0	0	0	0	0	0	0	0
8072	62	59.7216	61.7983	2.84084	2.82777	0	0	0	0	0	0	0	0
8072	63	61.279	54.4853	2.7689	2.79132	0	0	0	0	0	0	0	0
8072	64	78.0582	76.7478	2.15395	2.16786	0	0	0	0	0	0	0	0
8072	65	77.6995	80.2853	2.09925	2.10382	0	0	0	0	0	0	0	0
8072	66	80.3118	78.0664	2.3076	2.35097	0	0	0	0	0	0	0	0
8072	67	80.7907	78.6078	2.47863	2.5032	0	0	0	0	0	0	0	0
8072	68	74.6525	77.8271	2.13349	2.14903	0	0	0	0	0	0	0	0
8072	69	79.6762	76.2937	2.02441	2.06325	0	0	0	0	0	0	0	0
8072	70	76.6778	76.1914	2.10806	2.10062	0	0	0	0	0	0	0	0
8072	71	82.753	76.3463	2.17808	2.23341	0	0	0	0	0	0	0	0
8072	72	74.1046	80.5314	2.15562	2.11984	0	0	0	0	0	0	0	0
8072	73	80.4882	73.6359	2.1585	2.18024	0	0	0	0	0	0	0	0
8072	74	79.6167	84.5352	2.34271	2.30521	0	0	0	0	0	0	0	0
8072	75	84.5228	81.6175	3.02283	3.02006	0	0	0	0	0	0	0	0
8072	76	82.1917	81.1903	2.50723	2.5116	0	0	0	0	0	0	0	0
8072	77	75.2117	76.4882	2.79676	2.81311	0	0	0	0	0	0	0	0
8072	78	82.3627	82.2122	2.48833	2.47619	0	0	0	0	0	0	0	0
8072	79	84.5913	82.4772	2.4836	2.48519	0	0	0	0	0	0	0	0
8072	80	72.6528	75.3081	3.9467	3.9779	0	0	0	0	0	0	0	0
8072	81	71.7545	76.6209	3.28958	3.29356	0	0	0	0	0	0	0	0
8072	82	76.4129	75.3918	3.1947	3.22106	0	0	0	0	0	0	0	0
8072	83	73.7935	77.3857	2.71172	2.71357	0	0	0	0	0	0	0	0
8072	84	75.1567	78.4895	2.73095	2.72916	0	0	0	0	0	0	0	0
8072	85	72.9825	78.1976	2.44875	2.423	0	0	0	0	0	0	0	0
8072	86	76.2769	78.3744	2.50572	2.50561	0	0	0	0	0	0	0	0
8072	87	74.0889	74.5214	2.47488	2.49809	0	0	0	0	0	0	0	0
8072	88	77.3067	73.8915	2.43303	2.47616	0	0	0	0	0	0	0	0
8072	89	72.0692	75.1477	2.57223	2.58006	0	0	0	0	0	0	0	0
8072	90	75.0141	77.7236	2.5317	2.51652	0	0	0	0	0	0	0	0
8072	91	70.1717	75.3023	2.72529	2.73404	0	0	0	0	0	0	0	0
8072	92	76.3282	77.8783	2.67839	2.6854	0	0	0	0	0	0	0	0
8072	93	73.7982	72.1611	2.85419	2.86858	0	0	0	0	0	0	0	0
8072	94	74.6823	75.3412	2.78397	2.81644	0	0	0	0	0	0	0	0
8072	95	77.0082	72.1798	3.0407	3.10806	0	0	0	0	0	0	0	0
8072	96	67.2178	74.2834	2.05373	2.03639	0	0	0	0	0	0	0	0
8072	97	72.3799	65.8763	2.06359	2.07977	0	0	0	0	0	0	0	0
8072	98	70.0319	71.304	2.30828	2.27961	0	0	0	0	0	0	0	0
8072	99	77.3489	72.281	2.0859	2.13155	0	0	0	0	0	0	0	0
8072	100	78.3831	71.3144	2.06412	2.10417	0	0	0	0	0	0	0	0
8072	101	67.3754	71.4188	2.09807	2.09336	0	0	0	0	0	0	0	0
8072	102	71.2953	72.1393	2.22638	2.24918	0	0	0	0	0	0	0	0
8072	103	71.1918	74.7866	2.0869	2.06625	0	0	0	0	0	0	0	0
8072	104	68.0663	74.6852	2.13664	2.13059	0	0	0	0	0	0	0	0
8072	105	68.8501	66.7564	2.05046	2.05938	0	0	0	0	0	0	0	0
8072	106	70.0627	73.9906	2.11424	2.14278	0	0	0	0	0	0	0	0
8072	107	70.9251	71.2295	2.1291	2.14275	0	0	0	0	0	0	0	0
8072	108	71.9358	73.2754	2.12145	2.14986	0	0	0	0	0	0	0	0
8072	109	70.0055	68.764	2.12505	2.13188	0	0	0	0	0	0	0	0
8072	110	74.06	71.5174	2.08773	2.12579	0	0	0	0	0	0	0	0
8072	111	72.7533	73.2124	2.07453	2.12446	0	0	0	0	0	0	0	0
8072	112	71.6851	76.4674	2.49124	2.44275	0	0	0	0	0	0	0	0
8072	113	74.0261	68.9224	2.36226	2.35581	0	0	0	0	0	0	0	0
8072	114	80.2269	80.0794	2.3043	2.29949	0	0	0	0	0	0	0	0
8072	115	74.328	71.1766	2.29618	2.31007	0	0	0	0	0	0	0	0
8072	116	77.4142	79.0982	2.26875	2.25466	0	0	0	0	0	0	0	0
8072	117	76.3425	73.7233	2.31847	2.32869	0	0	0	0	0	0	0	0
8072	118	76.3014	76.5199	2.27636	2.28065	0	0	0	0	0	0	0	0
8072	119	72.5735	75.0393	2.28342	2.31081	0	0	0	0	0	0	0	0
8072	120	74.4525	74.8754	2.31204	2.32514	0	0	0	0	0	0	0	0
8072	121	75.35	77.9399	2.34454	2.30422	0	0	0	0	0	0	0	0
8072	122	74.9765	74.4694	2.31596	2.31365	0	0	0	0	0	0	0	0
8072	123	76.7481	72.2542	2.33773	2.32399	0	0	0	0	0	0	0	0
8072	124	78.5456	73.2773	2.29159	2.33904	0	0	0	0	0	0	0	0
8072	125	76.9524	75.7048	2.39466	2.42078	0	0	0	0	0	0	0	0
8072	126	80.1813	73.0308	2.25565	2.31596	0	0	0	0	0	0	0	0
8072	127	74.9152	76.8436	2.37911	2.37008	0	0	0	0	0	0	0	0
8048	0	76.7486	72.7986	2.6809	2.68329	0	0	0	0	0	0	0	0
8048	1	79.7724	80.7702	2.75513	2.7578	0	0	0	0	0	0	0	0
8048	2	76.8631	74.441	2.75372	2.72626	0	0	0	0	0	0	0	0
8048	3	77.0875	81.3583	3.20287	3.13465	0	0	0	0	0	0	0	0
8048	4	79.8003	72.9075	2.84146	2.8377	0	0	0	0	0	0	0	0
8048	5	77.0446	87.0902	3.05599	2.98024	0	0	0	0	0	0	0	0
8048	6	78.3482	80.5557	2.50677	2.48029	0	0	0	0	0	0	0	0
8048	7	79.374	78.892	2.57043	2.57329	0	0	0	0	0	0	0	0
8048	8	82.9126	79.1838	2.96965	2.98735	0	0	0	0	0	0	0	0
8048	9	79.8319	81.2168	2.65836	2.66201	0	0	0	0	0	0	0	0
8048	10	84.7854	76.7881	2.65936	2.72913	0	0	0	0	0	0	0	0
8048	11	76.6885	79.4739	2.72635	2.72265	0	0	0	0	0	0	0	0
8048	12	73.4512	74.2531	3.06232	3.07092	0	0	0	0	0	0	0	0
8048	13	78.5077	80.4092	2.98931	2.95662	0	0	0	0	0	0	0	0
8048	14	76.4809	75.7482	2.65172	2.602	0	0	0	0	0	0	0	0
8048	15	78.2728	77.7538	2.78843	2.75576	0	0	0	0	0	0	0	0
8048	16	81.2039	78.331	2.37515	2.36125	0	0	0	0	0	0	0	0
8048	17	70.6065	72.5303	3.82756	3.83285	0	0	0	0	0	0	0	0
8048	18	77.9387	80.1541	2.35171	2.34346	0	0	0	0	0	0	0	0
8048	19	68.1139	68.9012	2.69423	2.67666	0	0	0	0	0	0	0	0
8048	20	83.2423	77.4908	2.44253	2.44817	0	0	0	0	0	0	0	0
8048	21	78.1834	77.3666	2.41512	2.40898	0	0	0	0	0	0	0	0
8048	22	79.9948	77.7362	2.50665	2.50538	0	0	0	0	0	0	0	0
8048	23	74.8903	75.247	2.58325	2.59168	0	0	0	0	0	0	0	0
8048	24	77.8166	79.4229	2.38998	2.3849	0	0	0	0	0	0	0	0
8048	25	76.995	77.7244	2.49535	2.48576	0	0	0	0	0	0	0	0
8048	26	77.5211	74.1149	2.42038	2.41067	0	0	0	0	0	0	0	0
8048	27	71.9009	71.8461	2.86536	2.8756	0	0	0	0	0	0	0	0
8048	28	77.6522	74.2949	2.27028	2.26708	0	0	0	0	0	0	0	0
8048	29	73.5796	69.2782	2.47851	2.49721	0	0	0	0	0	0	0	0
8048	30	74.556	77.1229	3.06253	3.0436	0	0	0	0	0	0	0	0
8048	31	70.6154	74.6497	2.86406	2.86291	0	0	0	0	0	0	0	0
8048	32	61.2909	59.0152	2.73328	2.76344	0	0	0	0	0	0	0	0
8048	33	57.7475	63.4626	2.60238	2.59939	0	0	0	0	0	0	0	0
8048	34	62.8044	58.9627	2.60197	2.67343	0	0	0	0	0	0	0	0
8048	35	59.0156	58.977	2.46063	2.47817	0	0	0	0	0	0	0	0
8048	36	60.6898	62.3569	2.65655	2.69547	0	0	0	0	0	0	0	0
8048	37	61.9251	55.0047	2.44454	2.49408	0	0	0	0	0	0	0	0
8048	38	58.7781	66.9499	2.54525	2.55353	0	0	0	0	0	0	0	0
8048	39	56.3405	64.8634	2.40858	2.40483	0	0	0	0	0	0	0	0
8048	40	60.6297	63.3015	2.55895	2.5652	0	0	0	0	0	0	0	0
8048	41	59.3039	59.0141	2.47648	2.48086	0	0	0	0	0	0	0	0
8048	42	63.1683	67.1608	2.59381	2.62021	0	0	0	0	0	0	0	0
8048	43	55.7409	61.73	2.46783	2.46213	0	0	0	0	0	0	0	0
8048	44	68.1754	61.7883	2.72995	2.78723	0	0	0	0	0	0	0	0
8048	45	56.9349	57.4131	2.45596	2.44843	0	0	0	0	0	0	0	0
8048	46	55.9119	54.9866	2.5617	2.57096	0	0	0	0	0	0	0	0
8048	47	59.7805	56.3551	2.43298	2.46112	0	0	0	0	0	0	0	0
8048	48	81.6727	82.5392	2.74893	2.67596	0	0	0	0	0	0	0	0
8048	49	84.1585	77.8372	2.42553	2.4569	0	0	0	0	0	0	0	0
8048	50	80.8611	81.5492	2.5362	2.53243	0	0	0	0	0	0	0	0
8048	51	81.7043	76.6973	2.49773	2.50376	0	0	0	0	0	0	0	0
8048	52	80.0399	81.105	2.45729	2.43349	0	0	0	0	0	0	0	0
8048	53	70.6622	82.8496	2.5381	2.48658	0	0	0	0	0	0	0	0
8048	54	82.3355	82.8924	2.81222	2.77467	0	0	0	0	0	0	0	0
8048	55	82.1633	87.0021	2.87846	2.82698	0	0	0	0	0	0	0	0
8048	56	84.436	77.8465	2.30617	2.3511	0	0	0	0	0	0	0	0
8048	57	71.264	77.2103	2.48996	2.51216	0	0	0	0	0	0	0	0
8048	58	78.7495	78.0495	2.46961	2.46332	0	0	0	0	0	0	0	0
8048	59	80.3214	73.113	2.6262	2.58874	0	0	0	0	0	0	0	0
8048	60	79.4002	80.1545	2.48932	2.49126	0	0	0	0	0	0	0	0
8048	61	74.5517	75.9272	2.78279	2.77961	0	0	0	0	0	0	0	0
8048	62	80.5531	75.1036	2.83579	2.87192	0	0	0	0	0	0	0	0
8048	63	78.605	75.746	2.91109	2.91208	0	0	0	0	0	0	0	0
8048	64	86.7635	79.2503	2.97776	3.0631	0	0	0	0	0	0	0	0
8048	65	77.8843	86.2633	2.87347	2.81663	0	0	0	0	0	0	0	0
8048	66	80.0415	79.7684	2.86559	2.8696	0	0	0	0	0	0	0	0
8048	67	86.5928	80.7191	2.72882	2.8016	0	0	0	0	0	0	0	0
8048	68	83.5591	88.2204	2.77228	2.73386	0	0	0	0	0	0	0	0
8048	69	86.6947	80.992	2.85111	2.88898	0	0	0	0	0	0	0	0
8048	70	80.6843	87.4927	3.04853	3.00286	0	0	0	0	0	0	0	0
8048	71	89.0406	93.5894	2.93093	3.01531	0	0	0	0	0	0	0	0
8048	72	83.0997	83.1434	2.81019	2.85717	0	0	0	0	0	0	0	0
8048	73	85.074	90.3166	3.10167	3.14922	0	0	0	0	0	0	0	0
8048	74	84.063	87.6264	2.99672	2.99166	0	0	0	0	0	0	0	0
8048	75	82.8097	82.6365	2.95974	2.97874	0	0	0	0	0	0	0	0
8048	76	78.757	84.1459	2.73924	2.71633	0	0	0	0	0	0	0	0
8048	77	81.1764	84.2516	3.0424	3.00852	0	0	0	0	0	0	0	0
8048	78	89.7015	83.5922	2.83766	2.86147	0	0	0	0	0	0	0	0
8048	79	83.0233	80.3634	3.02713	3.01147	0	0	0	0	0	0	0	0
8048	80	79.5455	84.5739	3.88517	3.82621	0	0	0	0	0	0	0	0
8048	81	83.6241	81.7575	3.08611	3.13009	0	0	0	0	0	0	0	0
8048	82	83.4422	84.5216	3.31533	3.28705	0	0	0	0	0	0	0	0
8048	83	82.7064	84.12	3.0836	3.07312	0	0	0	0	0	0	0	0
8048	84	79.9377	85.0444	2.90022	2.84603	0	0	0	0	0	0	0	0
8048	85	83.6471	83.6578	3.29045	3.25733	0	0	0	0	0	0	0	0
8048	86	83.9686	85.5101	2.66108	2.63907	0	0	0	0	0	0	0	0
8048	87	86.4644	84.011	2.52181	2.626	0	0	0	0	0	0	0	0
8048	88	81.5009	75.3386	2.54945	2.51267	0	0	0	0	0	0	0	0
8048	89	78.3876	83.4414	2.75792	2.73509	0	0	0	0	0	0	0	0
8048	90	82.3724	80.5948	2.61233	2.60758	0	0	0	0	0	0	0	0
8048	91	90.0178	87.7511	2.61741	2.60717	0	0	0	0	0	0	0	0
8048	92	86.1196	85.0131	2.67178	2.70849	0	0	0	0	0	0	0	0
8048	93	83.7743	83.9862	3.18855	3.20126	0	0	0	0	0	0	0	0
8048	94	82.5801	88.7622	2.79056	2.77758	0	0	0	0	0	0	0	0
8048	95	80.9669	81.4463	3.09478	3.09826	0	0	0	0	0	0	0	0
8048	96	71.2819	70.8133	2.18336	2.19191	0	0	0	0	0	0	0	0
8048	97	73.8316	70.2835	2.30093	2.29737	0	0	0	0	0	0	0	0
8048	98	74.9182	75.4059	2.50475	2.48439	0	0	0	0	0	0	0	0
8048	99	76.5175	72.6978	2.44469	2.45282	0	0	0	0	0	0	0	0
8048	100	77.3939	73.1412	2.39651	2.39461	0	0	0	0	0	0	0	0
8048	101	79.7399	76.5111	2.16589	2.13738	0	0	0	0	0	0	0	0
8048	102	77.2862	73.1133	2.35923	2.38335	0	0	0	0	0	0	0	0
8048	103	69.6845	74.1502	2.25013	2.20448	0	0	0	0	0	0	0	0
8048	104	76.8119	75.5387	2.15818	2.15289	0	0	0	0	0	0	0	0
8048	105	66.189	67.4289	2.20538	2.19126	0	0	0	0	0	0	0	0
8048	106	69.0052	72.4384	2.18208	2.17315	0	0	0	0	0	0	0	0
8048	107	71.1105	66.9465	2.60675	2.64156	0	0	0	0	0	0	0	0
8048	108	70.8349	73.983	2.13842	2.11037	0	0	0	0	0	0	0	0
8048	109	72.5657	74.5323	2.19609	2.18587	0	0	0	0	0	0	0	0
8048	110	67.9903	65.8529	2.258	2.24402	0	0	0	0	0	0	0	0
8048	111	77.9435	75.5023	2.3361	2.30572	0	0	0	0	0	0	0	0
8048	112	73.5379	76.3298	2.23803	2.25363	0	0	0	0	0	0	0	0
8048	113	74.5224	76.5316	2.23344	2.26737	0	0	0	0	0	0	0	0
8048	114	73.8927	77.0277	2.21727	2.20874	0	0	0	0	0	0	0	0
8048	115	74.3558	77.1937	2.54289	2.55702	0	0	0	0	0	0	0	0
8048	116	78.7164	80.9544	2.20316	2.23567	0	0	0	0	0	0	0	0
8048	117	80.7313	73.4728	2.13188	2.18503	0	0	0	0	0	0	0	0
8048	118	79.4104	76.1056	2.15753	2.19696	0	0	0	0	0	0	0	0
8048	119	74.5634	79.696	2.16347	2.1396	0	0	0	0	0	0	0	0
8048	120	74.2916	80.556	2.33071	2.30775	0	0	0	0	0	0	0	0
8048	121	79.3229	79.3111	2.13051	2.15722	0	0	0	0	0	0	0	0
8048	122	71.5111	76.2758	2.19	2.19542	0	0	0	0	0	0	0	0
8048	123	73.759	75.1325	2.17396	2.18895	0	0	0	0	0	0	0	0
8048	124	79.0891	78.2479	2.17317	2.2199	0	0	0	0	0	0	0	0
8048	125	74.6686	79.0229	2.21744	2.22094	0	0	0	0	0	0	0	0
8048	126	76.757	72.4472	2.17162	2.18881	0	0	0	0	0	0	0	0
8048	127	78.5622	81.1045	2.17028	2.18031	0	0	0	0	0	0	0	0
8093	0	66.4545	61.3465	2.35345	2.40264	0	0	0	0	0	0	0	0
8093	1	64.881	66.4822	2.35402	2.33593	0	0	0	0	0	0	0	0
8093	2	58.4164	63.4968	2.57511	2.56868	0	0	0	0	0	0	0	0
8093	3	59.386	64.7432	2.43254	2.41361	0	0	0	0	0	0	0	0
8093	4	65.833	65.5605	2.40975	2.41596	0	0	0	0	0	0	0	0
8093	5	64.2171	68.347	2.41379	2.40497	0	0	0	0	0	0	0	0
8093	6	59.7041	64.7673	2.37057	2.35438	0	0	0	0	0	0	0	0
8093	7	62.2514	63.9791	2.29442	2.32704	0	0	0	0	0	0	0	0
8093	8	68.189	57.6618	2.57719	2.6205	0	0	0	0	0	0	0	0
8093	9	64.5817	61.8985	2.32075	2.34452	0	0	0	0	0	0	0	0
8093	10	64.2572	62.5391	2.4725	2.52023	0	0	0	0	0	0	0	0
8093	11	65.5354	67.0307	2.27885	2.29547	0	0	0	0	0	0	0	0
8093	12	59.4954	61.1427	2.4942	2.50892	0	0	0	0	0	0	0	0
8093	13	62.0896	62.4707	2.29405	2.3186	0	0	0	0	0	0	0	0
8093	14	59.2196	64.303	2.40919	2.42046	0	0	0	0	0	0	0	0
8093	15	57.8279	61.7377	2.48649	2.49455	0	0	0	0	0	0	0	0
8093	16	64.6552	70.0178	2.29019	2.27617	0	0	0	0	0	0	0	0
8093	17	68.5436	67.5477	2.30996	2.30185	0	0	0	0	0	0	0	0
8093	18	75.0577	73.146	2.5496	2.5302	0	0	0	0	0	0	0	0
8093	19	66.5513	69.5071	2.68597	2.69806	0	0	0	0	0	0	0	0
8093	20	71.4829	68.9337	2.372	2.40386	0	0	0	0	0	0	0	0
8093	21	70.3165	68.0044	2.32562	2.3266	0	0	0	0	0	0	0	0
8093	22	70.129	67.8414	2.28278	2.28785	0	0	0	0	0	0	0	0
8093	23	70.6619	69.9166	2.57938	2.58912	0	0	0	0	0	0	0	0
8093	24	68.4786	72.9707	2.30932	2.30643	0	0	0	0	0	0	0	0
8093	25	68.7382	65.147	2.20506	2.19311	0	0	0	0	0	0	0	0
8093	26	62.8831	67.2407	2.60761	2.6093	0	0	0	0	0	0	0	0
8093	27	61.0774	61.1809	2.42066	2.38863	0	0	0	0	0	0	0	0
8093	28	71.6851	67.2903	2.26423	2.31281	0	0	0	0	0	0	0	0
8093	29	62.5077	72.4697	2.42203	2.37496	0	0	0	0	0	0	0	0
8093	30	66.4588	72.0756	2.28137	2.26927	0	0	0	0	0	0	0	0
8093	31	67.0571	61.8727	2.32749	2.33807	0	0	0	0	0	0	0	0
8093	32	79.8022	83.4477	3.03891	2.98143	0	0	0	0	0	0	0	0
8093	33	85.7881	85.7233	2.88398	2.84272	0	0	0	0	0	0	0	0
8093	34	84.6175	83.5225	2.91301	2.90893	0	0	0	0	0	0	0	0
8093	35	83.3289	83.6644	2.80997	2.76907	0	0	0	0	0	0	0	0
8093	36	82.4869	82.9592	2.92017	2.9067	0	0	0	0	0	0	0	0
8093	37	78.2753	80.7627	2.76891	2.76126	0	0	0	0	0	0	0	0
8093	38	86.7705	80.7219	2.86096	2.89012	0	0	0	0	0	0	0	0
8093	39	82.7514	78.372	2.80157	2.83913	0	0	0	0	0	0	0	0
8093	40	85.6148	83.8005	2.88957	2.9085	0	0	0	0	0	0	0	0
8093	41	81.0968	85.3897	2.68945	2.65624	0	0	0	0	0	0	0	0
8093	42	87.1958	86.444	3.01593	3.02592	0	0	0	0	0	0	0	0
8093	43	81.8335	81.9576	2.80655	2.76507	0	0	0	0	0	0	0	0
8093	44	75.4425	81.3121	2.99694	2.98141	0	0	0	0	0	0	0	0
8093	45	82.4031	80.6757	2.76373	2.79252	0	0	0	0	0	0	0	0
8093	46	83.1853	81.7938	2.95147	2.97586	0	0	0	0	0	0	0	0
8093	47	81.6254	80.9035	2.71776	2.7475	0	0	0	0	0	0	0	0
8093	48	62.9559	65.6443	2.44831	2.43474	0	0	0	0	0	0	0	0
8093	49	69.8022	62.902	2.44278	2.50402	0	0	0	0	0	0	0	0
8093	50	69.1068	61.1856	2.43283	2.44083	0	0	0	0	0	0	0	0
8093	51	68.5238	63.7621	2.36184	2.38132	0	0	0	0	0	0	0	0
8093	52	64.1048	68.1602	2.39143	2.36333	0	0	0	0	0	0	0	0
8093	53	71.738	69.5444	2.57996	2.54903	0	0	0	0	0	0	0	0
8093	54	72.7408	68.8876	2.43106	2.39036	0	0	0	0	0	0	0	0
8093	55	66.3614	64.5665	2.37358	2.37712	0	0	0	0	0	0	0	0
8093	56	67.5987	66.3242	2.21879	2.20365	0	0	0	0	0	0	0	0
8093	57	68.9709	72.9349	2.36688	2.40035	0	0	0	0	0	0	0	0
8093	58	67.6301	67.2951	2.38881	2.395	0	0	0	0	0	0	0	0
8093	59	71.4531	64.2078	2.63115	2.65908	0	0	0	0	0	0	0	0
8093	60	63.3547	65.9612	2.60964	2.57836	0	0	0	0	0	0	0	0
8093	61	73.7621	70.0492	2.52854	2.51588	0	0	0	0	0	0	0	0
8093	62	67.1379	65.7127	2.52692	2.52071	0	0	0	0	0	0	0	0
8093	63	63.5789	69.1758	2.70942	2.66267	0	0	0	0	0	0	0	0
8093	64	67.4244	70.4302	2.53485	2.55419	0	0	0	0	0	0	0	0
8093	65	69.8408	70.9564	2.39801	2.42793	0	0	0	0	0	0	0	0
8093	66	69.2189	67.4768	3.21805	3.25212	0	0	0	0	0	0	0	0
8093	67	67.9337	72.5838	2.29256	2.28599	0	0	0	0	0	0	0	0
8093	68	72.0303	69.9256	2.32366	2.35349	0	0	0	0	0	0	0	0
8093	69	68.568	73.413	2.44114	2.40525	0	0	0	0	0	0	0	0
8093	70	73.2603	70.9015	2.2733	2.34117	0	0	0	0	0	0	0	0
8093	71	68.9626	74.1606	2.33401	2.28499	0	0	0	0	0	0	0	0
8093	72	66.3745	70.5527	2.43696	2.42967	0	0	0	0	0	0	0	0
8093	73	69.5286	71.3154	2.28663	2.3057	0	0	0	0	0	0	0	0
8093	74	69.7089	69.8083	2.43278	2.47173	0	0	0	0	0	0	0	0
8093	75	69.0292	68.9041	2.41849	2.4213	0	0	0	0	0	0	0	0
8093	76	68.2771	69.6173	2.32161	2.32853	0	0	0	0	0	0	0	0
8093	77	66.9036	68.366	2.29195	2.29724	0	0	0	0	0	0	0	0
8093	78	70.025	72.4454	2.89009	2.90979	0	0	0	0	0	0	0	0
8093	79	69.7589	72.703	2.32742	2.312	0	0	0	0	0	0	0	0
8093	80	62.0241	63.002	4.57397	4.60496	0	0	0	0	0	0	0	0
8093	81	59.5445	65.5589	3.03807	2.9802	0	0	0	0	0	0	0	0
8093	82	60.5523	63.7054	3.40677	3.36845	0	0	0	0	0	0	0	0
8093	83	58.0783	60.0345	2.71361	2.68927	0	0	0	0	0	0	0	0
8093	84	64.0848	59.8279	2.92512	2.95934	0	0	0	0	0	0	0	0
8093	85	62.181	59.9247	2.42426	2.44033	0	0	0	0	0	0	0	0
8093	86	60.9859	63.204	2.53269	2.54214	0	0	0	0	0	0	0	0
8093	87	59.1651	57.7096	2.61749	2.64007	0	0	0	0	0	0	0	0
8093	88	62.0814	64.9023	2.78798	2.7577	0	0	0	0	0	0	0	0
8093	89	57.9873	61.3262	2.27692	2.25811	0	0	0	0	0	0	0	0
8093	90	62.0092	66.1393	2.91786	2.88256	0	0	0	0	0	0	0	0
8093	91	60.7869	57.4399	2.21349	2.23541	0	0	0	0	0	0	0	0
8093	92	61.608	64.6229	2.5933	2.57864	0	0	0	0	0	0	0	0
8093	93	57.5208	55.0422	2.37132	2.3845	0	0	0	0	0	0	0	0
8093	94	62.7457	60.2524	2.3804	2.41316	0	0	0	0	0	0	0	0
8093	95	58.5022	60.2269	2.27843	2.28733	0	0	0	0	0	0	0	0
8093	96	60.9301	69.0447	2.28888	2.23716	0	0	0	0	0	0	0	0
8093	97	67.6365	67.5858	2.11104	2.11232	0	0	0	0	0	0	0	0
8093	98	69.7691	73.9178	2.1777	2.16055	0	0	0	0	0	0	0	0
8093	99	63.7254	68.4602	2.34983	2.33919	0	0	0	0	0	0	0	0
8093	100	63.9212	66.5738	2.28985	2.29621	0	0	0	0	0	0	0	0
8093	101	66.2525	64.118	2.18973	2.19119	0	0	0	0	0	0	0	0
8093	102	69.132	68.1122	2.21851	2.23664	0	0	0	0	0	0	0	0
8093	103	61.4699	65.0488	2.24483	2.23612	0	0	0	0	0	0	0	0
8093	104	66.7828	72.1855	2.25504	2.21204	0	0	0	0	0	0	0	0
8093	105	65.3143	65.145	2.27095	2.25859	0	0	0	0	0	0	0	0
8093	106	67.8547	65.8597	2.18815	2.216	0	0	0	0	0	0	0	0
8093	107	69.0371	65.827	2.20631	2.23778	0	0	0	0	0	0	0	0
8093	108	66.6212	64.7238	2.28605	2.30347	0	0	0	0	0	0	0	0
8093	109	66.377	66.1013	2.23799	2.24698	0	0	0	0	0	0	0	0
8093	110	67.7054	68.637	2.24388	2.24112	0	0	0	0	0	0	0	0
8093	111	63.0916	63.4536	2.30047	2.31001	0	0	0	0	0	0	0	0
8093	112	80.8922	78.9921	2.41136	2.43058	0	0	0	0	0	0	0	0
8093	113	80.7418	82.1317	2.40123	2.3862	0	0	0	0	0	0	0	0
8093	114	86.8142	83.224	2.41574	2.40913	0	0	0	0	0	0	0	0
8093	115	80.1099	81.7347	2.41947	2.39105	0	0	0	0	0	0	0	0
8093	116	83.2986	78.5158	2.39214	2.44593	0	0	0	0	0	0	0	0
8093	117	84.4334	87.4213	2.37814	2.37213	0	0	0	0	0	0	0	0
8093	118	84.941	79.5531	2.40723	2.47044	0	0	0	0	0	0	0	0
8093	119	80.4706	87.176	2.38457	2.33789	0	0	0	0	0	0	0	0
8093	120	83.4917	81.9078	2.394	2.3811	0	0	0	0	0	0	0	0
8093	121	75.2165	79.4209	2.35566	2.34416	0	0	0	0	0	0	0	0
8093	122	81.3178	80.618	2.4537	2.44518	0	0	0	0	0	0	0	0
8093	123	85.9743	84.0131	2.33261	2.32591	0	0	0	0	0	0	0	0
8093	124	82.211	79.8405	2.53012	2.52995	0	0	0	0	0	0	0	0
8093	125	78.8537	84.5446	2.4704	2.40214	0	0	0	0	0	0	0	0
8093	126	77.7079	77.8883	2.42609	2.41393	0	0	0	0	0	0	0	0
8093	127	83.7317	85.1907	2.39666	2.35329	0	0	0	0	0	0	0	0
8099	0	72.9278	65.4623	3.24896	3.27406	0	0	0	0	0	0	0	0
8099	1	67.2957	66.7828	3.11181	3.07612	0	0	0	0	0	0	0	0
8099	2	62.9308	68.726	3.39021	3.33317	0	0	0	0	0	0	0	0
8099	3	62.4128	65.4951	2.75012	2.77346	0	0	0	0	0	0	0	0
8099	4	69.7243	75.8852	2.8044	2.8607	0	0	0	0	0	0	0	0
8099	5	57.0575	59.663	2.85867	2.88074	0	0	0	0	0	0	0	0
8099	6	69.442	73.1333	3.12239	3.15631	0	0	0	0	0	0	0	0
8099	7	69.812	66.1334	2.68339	2.69029	0	0	0	0	0	0	0	0
8099	8	72.4006	73.2948	2.60726	2.62243	0	0	0	0	0	0	0	0
8099	9	68.3311	65.6406	3.2191	3.2414	0	0	0	0	0	0	0	0
8099	10	66.6467	62.8329	2.76655	2.79736	0	0	0	0	0	0	0	0
8099	11	77.4026	69.1265	2.84632	2.80176	0	0	0	0	0	0	0	0
8099	12	61.7774	65.173	2.61723	2.61666	0	0	0	0	0	0	0	0
8099	13	67.144	64.0774	3.02803	3.01965	0	0	0	0	0	0	0	0
8099	14	66.5743	64.3486	2.78784	2.83459	0	0	0	0	0	0	0	0
8099	15	61.9117	65.5873	2.66289	2.65622	0	0	0	0	0	0	0	0
8099	16	49.9831	49.0715	2.29845	2.30258	0	0	0	0	0	0	0	0
8099	17	50.3704	47.314	2.43358	2.47055	0	0	0	0	0	0	0	0
8099	18	51.4751	49.3117	2.34791	2.39763	0	0	0	0	0	0	0	0
8099	19	47.9854	50.8367	2.59945	2.60423	0	0	0	0	0	0	0	0
8099	20	45.5424	53.1818	2.65426	2.62204	0	0	0	0	0	0	0	0
8099	21	43.5728	46.2	2.51196	2.52545	0	0	0	0	0	0	0	0
8099	22	49.8344	49.9332	2.28163	2.29515	0	0	0	0	0	0	0	0
8099	23	47.7666	42.2388	2.32102	2.3055	0	0	0	0	0	0	0	0
8099	24	47.3506	48.117	2.4301	2.46497	0	0	0	0	0	0	0	0
8099	25	49.1659	47.4829	2.36652	2.3893	0	0	0	0	0	0	0	0
8099	26	52.913	50.0091	2.26502	2.31807	0	0	0	0	0	0	0	0
8099	27	47.0535	51.5036	2.47896	2.45343	0	0	0	0	0	0	0	0
8099	28	50.7074	54.781	2.29587	2.27783	0	0	0	0	0	0	0	0
8099	29	48.2802	42.3904	2.51586	2.50996	0	0	0	0	0	0	0	0
8099	30	52.1845	50.0513	2.50295	2.5445	0	0	0	0	0	0	0	0
8099	31	42.7376	47.0818	2.43845	2.46296	0	0	0	0	0	0	0	0
8099	32	72.4611	66.5254	3.37671	3.40956	0	0	0	0	0	0	0	0
8099	33	65.6143	64.1909	3.28769	3.26961	0	0	0	0	0	0	0	0
8099	34	69.0714	65.8759	3.4153	3.42483	0	0	0	0	0	0	0	0
8099	35	71.9083	78.9553	3.31106	3.35764	0	0	0	0	0	0	0	0
8099	36	74.6898	73.0632	3.28939	3.30466	0	0	0	0	0	0	0	0
8099	37	74.01	72.0012	3.20854	3.2384	0	0	0	0	0	0	0	0
8099	38	64.1324	68.1138	3.34783	3.33478	0	0	0	0	0	0	0	0
8099	39	63.2551	65.5385	3.43028	3.41295	0	0	0	0	0	0	0	0
8099	40	71.493	74.1938	3.30073	3.2967	0	0	0	0	0	0	0	0
8099	41	67.4538	72.221	3.31253	3.2728	0	0	0	0	0	0	0	0
8099	42	66.1202	62.8491	3.31922	3.31332	0	0	0	0	0	0	0	0
8099	43	69.4402	70.3015	3.24807	3.20447	0	0	0	0	0	0	0	0
8099	44	68.9391	66.9252	3.51308	3.53718	0	0	0	0	0	0	0	0
8099	45	72.7819	70.9278	3.22002	3.22423	0	0	0	0	0	0	0	0
8099	46	66.0783	71.0984	3.27956	3.27014	0	0	0	0	0	0	0	0
8099	47	68.2267	68.9613	3.26827	3.22721	0	0	0	0	0	0	0	0
8099	48	76.0913	70.5028	2.56758	2.56282	0	0	0	0	0	0	0	0
8099	49	75.9307	74.6699	2.70492	2.70813	0	0	0	0	0	0	0	0
8099	50	74.8863	79.429	2.64695	2.62947	0	0	0	0	0	0	0	0
8099	51	75.9489	74.6651	2.76999	2.77778	0	0	0	0	0	0	0	0
8099	52	78.6165	74.4477	2.63593	2.62686	0	0	0	0	0	0	0	0
8099	53	71.2683	72.2634	2.56992	2.55922	0	0	0	0	0	0	0	0
8099	54	79.1551	81.3801	2.48747	2.47507	0	0	0	0	0	0	0	0
8099	55	77.0971	73.564	2.87977	2.88034	0	0	0	0	0	0	0	0
8099	56	73.5154	73.4561	2.81371	2.81811	0	0	0	0	0	0	0	0
8099	57	68.0526	69.4143	2.67855	2.69371	0	0	0	0	0	0	0	0
8099	58	65.5409	79.359	2.49438	2.4737	0	0	0	0	0	0	0	0
8099	59	69.1127	63.9873	2.74482	2.76166	0	0	0	0	0	0	0	0
8099	60	71.5166	74.5779	2.68025	2.7012	0	0	0	0	0	0	0	0
8099	61	68.402	69.1369	3.15268	3.16242	0	0	0	0	0	0	0	0
8099	62	71.1173	75.1159	2.67573	2.67081	0	0	0	0	0	0	0	0
8099	63	75.4515	78.7852	2.73327	2.72911	0	0	0	0	0	0	0	0
8099	64	77.8444	70.6446	2.37312	2.42067	0	0	0	0	0	0	0	0
8099	65	73.7747	75.4532	3.81788	3.8126	0	0	0	0	0	0	0	0
8099	66	72.3349	72.9041	2.41702	2.42313	0	0	0	0	0	0	0	0
8099	67	70.7551	71.2015	3.68936	3.67841	0	0	0	0	0	0	0	0
8099	68	76.2422	73.8359	3.75555	3.79887	0	0	0	0	0	0	0	0
8099	69	73.7185	72.823	2.3976	2.40792	0	0	0	0	0	0	0	0
8099	70	71.8136	76.4004	2.39262	2.39125	0	0	0	0	0	0	0	0
8099	71	71.6743	73.4143	2.38137	2.40734	0	0	0	0	0	0	0	0
8099	72	77.5442	69.7524	2.36758	2.43685	0	0	0	0	0	0	0	0
8099	73	69.3252	70.4527	2.93132	2.90409	0	0	0	0	0	0	0	0
8099	74	72.0904	70.7622	2.45987	2.49329	0	0	0	0	0	0	0	0
8099	75	71.754	73.8073	2.40909	2.40807	0	0	0	0	0	0	0	0
8099	76	66.9107	70.0346	3.01775	2.99645	0	0	0	0	0	0	0	0
8099	77	66.6545	69.0374	2.54046	2.54164	0	0	0	0	0	0	0	0
8099	78	74.3768	74.8547	2.45857	2.47718	0	0	0	0	0	0	0	0
8099	79	76.8823	75.4022	2.51922	2.53745	0	0	0	0	0	0	0	0
8099	80	66.4234	64.7267	4.03888	4.02455	0	0	0	0	0	0	0	0
8099	81	75.8671	67.3073	3.42778	3.3983	0	0	0	0	0	0	0	0
8099	82	71.0192	70.611	3.38317	3.34344	0	0	0	0	0	0	0	0
8099	83	62.6385	63.286	2.96349	2.97274	0	0	0	0	0	0	0	0
8099	84	69.5392	68.5758	2.92349	2.924	0	0	0	0	0	0	0	0
8099	85	66.2451	65.8998	2.80336	2.7939	0	0	0	0	0	0	0	0
8099	86	67.2416	61.748	2.76907	2.76991	0	0	0	0	0	0	0	0
8099	87	68.0357	68.5043	2.67839	2.68069	0	0	0	0	0	0	0	0
8099	88	70.0278	69.7567	2.66695	2.66347	0	0	0	0	0	0	0	0
8099	89	66.7889	64.9017	2.72553	2.71478	0	0	0	0	0	0	0	0
8099	90	62.6156	64.6598	2.76336	2.77134	0	0	0	0	0	0	0	0
8099	91	64.7471	66.3956	2.84238	2.8295	0	0	0	0	0	0	0	0
8099	92	61.9404	69.7987	2.76061	2.74557	0	0	0	0	0	0	0	0
8099	93	61.8181	62.8074	2.8633	2.87917	0	0	0	0	0	0	0	0
8099	94	62.8875	64.4719	2.89742	2.8661	0	0	0	0	0	0	0	0
8099	95	64.3081	62.4336	2.96554	2.95596	0	0	0	0	0	0	0	0
8099	96	72.2632	72.0425	2.51034	2.5272	0	0	0	0	0	0	0	0
8099	97	71.1847	70.717	2.67026	2.69865	0	0	0	0	0	0	0	0
8099	98	68.2138	73.7543	2.48281	2.44007	0	0	0	0	0	0	0	0
8099	99	67.5762	72.1123	2.88735	2.84597	0	0	0	0	0	0	0	0
8099	100	71.8075	67.3498	2.67982	2.6902	0	0	0	0	0	0	0	0
8099	101	71.4016	69.6779	13.6388	13.5826	0	0	0	0	0	0	0	0
8099	102	65.6787	68.233	2.48671	2.46642	0	0	0	0	0	0	0	0
8099	103	69.1319	66.7523	2.47749	2.48439	0	0	0	0	0	0	0	0
8099	104	70.933	70.6395	2.69675	2.68262	0	0	0	0	0	0	0	0
8099	105	66.0688	67.4062	2.59614	2.59946	0	0	0	0	0	0	0	0
8099	106	66.043	67.9197	2.46793	2.4758	0	0	0	0	0	0	0	0
8099	107	65.7159	67.6004	2.53572	2.54978	0	0	0	0	0	0	0	0
8099	108	68.98	68.6117	2.57797	2.5837	0	0	0	0	0	0	0	0
8099	109	67.835	68.126	2.78015	2.76679	0	0	0	0	0	0	0	0
8099	110	70.5084	68.253	2.81899	2.83871	0	0	0	0	0	0	0	0
8099	111	69.3712	72.6108	2.45948	2.45492	0	0	0	0	0	0	0	0
8099	112	72.1948	77.9313	2.25758	2.20903	0	0	0	0	0	0	0	0
8099	113	82.3941	80.6273	2.21081	2.20741	0	0	0	0	0	0	0	0
8099	114	71.5628	73.3064	2.29976	2.30781	0	0	0	0	0	0	0	0
8099	115	78.7596	74.1728	2.23597	2.27145	0	0	0	0	0	0	0	0
8099	116	74.8298	74.483	2.28237	2.27206	0	0	0	0	0	0	0	0
8099	117	77.0858	75.3869	2.23949	2.29527	0	0	0	0	0	0	0	0
8099	118	76.3838	83.0772	2.11383	2.13392	0	0	0	0	0	0	0	0
8099	119	73.6953	77.4554	2.3199	2.29538	0	0	0	0	0	0	0	0
8099	120	74.8716	73.1841	2.23016	2.23138	0	0	0	0	0	0	0	0
8099	121	80.8122	78.4549	2.18633	2.18811	0	0	0	0	0	0	0	0
8099	122	74.6581	72.4716	2.24789	2.24819	0	0	0	0	0	0	0	0
8099	123	71.5898	72.5091	2.21146	2.22006	0	0	0	0	0	0	0	0
8099	124	74.4214	69.5351	2.62544	2.65735	0	0	0	0	0	0	0	0
8099	125	72.2349	72.4812	2.24264	2.23627	0	0	0	0	0	0	0	0
8099	126	80.6747	82.0959	2.2873	2.32028	0	0	0	0	0	0	0	0
8099	127	74.4578	75.6983	2.24118	2.23152	0	0	0	0	0	0	0	0
8018	0	70.4823	72.8606	2.31553	2.333	0	0	0	0	0	0	0	0
8018	1	78.0814	77.9095	2.3068	2.30994	0	0	0	0	0	0	0	0
8018	2	67.9207	64.6743	2.45232	2.44101	0	0	0	0	0	0	0	0
8018	3	74.5257	68.1239	2.29418	2.32215	0	0	0	0	0	0	0	0
8018	4	69.8548	72.2469	2.27513	2.29131	0	0	0	0	0	0	0	0
8018	5	71.0775	66.4048	2.27945	2.27702	0	0	0	0	0	0	0	0
8018	6	65.8096	69.9725	2.37245	2.32933	0	0	0	0	0	0	0	0
8018	7	69.0417	68.6482	2.28847	2.30251	0	0	0	0	0	0	0	0
8018	8	67.2854	74.3664	2.38289	2.36596	0	0	0	0	0	0	0	0
8018	9	71.2067	68.3466	2.26646	2.28054	0	0	0	0	0	0	0	0
8018	10	65.6325	71.2907	2.56259	2.53988	0	0	0	0	0	0	0	0
8018	11	67.2415	67.6096	2.35421	2.37127	0	0	0	0	0	0	0	0
8018	12	69.2964	77.5955	2.39167	2.41455	0	0	0	0	0	0	0	0
8018	13	69.6823	70.122	2.28358	2.30742	0	0	0	0	0	0	0	0
8018	14	73.7625	72.5531	2.38467	2.41073	0	0	0	0	0	0	0	0
8018	15	70.0136	74.9682	2.25474	2.23385	0	0	0	0	0	0	0	0
8018	16	59.3195	60.7945	2.8207	2.80815	0	0	0	0	0	0	0	0
8018	17	64.2065	66.8041	2.78328	2.80637	0	0	0	0	0	0	0	0
8018	18	67.9326	63.7051	2.76454	2.81836	0	0	0	0	0	0	0	0
8018	19	64.2952	70.0056	2.99598	2.94946	0	0	0	0	0	0	0	0
8018	20	68.546	64.078	2.81667	2.83211	0	0	0	0	0	0	0	0
8018	21	64.6237	62.4367	2.91618	2.91587	0	0	0	0	0	0	0	0
8018	22	72.4463	63.0309	2.84832	2.88308	0	0	0	0	0	0	0	0
8018	23	65.8808	63.6866	3.05216	3.04433	0	0	0	0	0	0	0	0
8018	24	69.015	76.6469	2.69003	2.7534	0	0	0	0	0	0	0	0
8018	25	65.6438	69.9965	2.76776	2.76659	0	0	0	0	0	0	0	0
8018	26	70.1643	67.9518	2.75893	2.75672	0	0	0	0	0	0	0	0
8018	27	61.2124	61.4322	2.87913	2.87702	0	0	0	0	0	0	0	0
8018	28	64.4988	68.5807	2.77103	2.72894	0	0	0	0	0	0	0	0
8018	29	66.8984	66.116	2.8569	2.87394	0	0	0	0	0	0	0	0
8018	30	61.0144	65.5789	3.08245	3.05162	0	0	0	0	0	0	0	0
8018	31	63.6918	67.6385	3.01766	2.98429	0	0	0	0	0	0	0	0
8018	32	60.2256	60.0479	2.85232	2.85981	0	0	0	0	0	0	0	0
8018	33	66.832	61.3116	2.75122	2.80961	0	0	0	0	0	0	0	0
8018	34	61.8935	65.6008	2.78161	2.77323	0	0	0	0	0	0	0	0
8018	35	62.8087	61.1767	2.62115	2.6285	0	0	0	0	0	0	0	0
8018	36	62.7261	63.8628	2.7477	2.79585	0	0	0	0	0	0	0	0
8018	37	60.0947	61.5918	3.00656	3.00108	0	0	0	0	0	0	0	0
8018	38	62.5718	65.8406	2.55776	2.56595	0	0	0	0	0	0	0	0
8018	39	65.339	63.0218	2.51464	2.56305	0	0	0	0	0	0	0	0
8018	40	59.0206	63.5386	2.7219	2.74747	0	0	0	0	0	0	0	0
8018	41	64.763	65.8549	2.45555	2.46669	0	0	0	0	0	0	0	0
8018	42	72.8503	69.1972	2.77093	2.74697	0	0	0	0	0	0	0	0
8018	43	66.3625	66.7226	2.47838	2.4933	0	0	0	0	0	0	0	0
8018	44	63.6309	71.4143	3.08584	3.09164	0	0	0	0	0	0	0	0
8018	45	62.6699	64.432	2.53721	2.55404	0	0	0	0	0	0	0	0
8018	46	61.5265	65.6493	2.65271	2.66131	0	0	0	0	0	0	0	0
8018	47	58.0768	60.2729	2.54781	2.56062	0	0	0	0	0	0	0	0
8018	48	69.5408	64.7939	2.54118	2.58559	0	0	0	0	0	0	0	0
8018	49	65.1647	69.8132	2.66174	2.63865	0	0	0	0	0	0	0	0
8018	50	64.0678	67.8336	2.48743	2.45432	0	0	0	0	0	0	0	0
8018	51	65.3712	71.1153	2.50439	2.46815	0	0	0	0	0	0	0	0
8018	52	72.4463	70.5565	2.48299	2.48929	0	0	0	0	0	0	0	0
8018	53	67.3611	61.7982	2.49597	2.53712	0	0	0	0	0	0	0	0
8018	54	75.2451	71.871	2.79626	2.75333	0	0	0	0	0	0	0	0
8018	55	65.3778	66.4417	2.60862	2.5779	0	0	0	0	0	0	0	0
8018	56	67.329	64.735	2.43472	2.48304	0	0	0	0	0	0	0	0
8018	57	65.0008	63.1982	2.52963	2.51568	0	0	0	0	0	0	0	0
8018	58	63.2375	63.6071	2.51185	2.50695	0	0	0	0	0	0	0	0
8018	59	64.4472	62.033	2.58799	2.61391	0	0	0	0	0	0	0	0
8018	60	64.1131	58.3183	2.56735	2.60246	0	0	0	0	0	0	0	0
8018	61	68.713	62.16	2.75241	2.80185	0	0	0	0	0	0	0	0
8018	62	64.2622	65.648	2.87092	2.851	0	0	0	0	0	0	0	0
8018	63	62.3941	67.4833	2.97412	2.89596	0	0	0	0	0	0	0	0
8018	64	58.9289	56.4805	3.9262	3.9582	0	0	0	0	0	0	0	0
8018	65	58.3154	54.1284	2.38572	2.38357	0	0	0	0	0	0	0	0
8018	66	58.2626	62.2697	2.57106	2.55566	0	0	0	0	0	0	0	0
8018	67	60.2635	63.8473	2.46884	2.42432	0	0	0	0	0	0	0	0
8018	68	56.7111	58.1134	2.31191	2.29206	0	0	0	0	0	0	0	0
8018	69	60.5115	58.7607	2.71123	2.7457	0	0	0	0	0	0	0	0
8018	70	59.5615	61.1446	2.55132	2.50897	0	0	0	0	0	0	0	0
8018	71	61.097	58.1519	2.35553	2.3671	0	0	0	0	0	0	0	0
8018	72	54.3836	56.7561	2.36479	2.36647	0	0	0	0	0	0	0	0
8018	73	63.2523	61.5326	2.82605	2.85307	0	0	0	0	0	0	0	0
8018	74	59.8508	60.246	2.42556	2.43854	0	0	0	0	0	0	0	0
8018	75	60.2133	64.5443	2.48739	2.46169	0	0	0	0	0	0	0	0
8018	76	60.7568	62.14	2.62184	2.60827	0	0	0	0	0	0	0	0
8018	77	56.8782	53.4565	2.87393	2.88745	0	0	0	0	0	0	0	0
8018	78	59.2393	60.9315	2.6293	2.61008	0	0	0	0	0	0	0	0
8018	79	56.5403	56.1817	2.57693	2.54829	0	0	0	0	0	0	0	0
8018	80	69.2118	64.3712	4.21059	4.19019	0	0	0	0	0	0	0	0
8018	81	66.6803	64.5527	3.52474	3.51936	0	0	0	0	0	0	0	0
8018	82	69.1194	68.935	3.25422	3.25768	0	0	0	0	0	0	0	0
8018	83	71.4736	70.5502	3.02375	3.02117	0	0	0	0	0	0	0	0
8018	84	66.661	69.7311	3.94458	3.88797	0	0	0	0	0	0	0	0
8018	85	69.4063	70.8657	2.95069	2.96306	0	0	0	0	0	0	0	0
8018	86	66.544	67.5332	3.05207	3.04904	0	0	0	0	0	0	0	0
8018	87	65.214	62.6693	2.92948	2.94363	0	0	0	0	0	0	0	0
8018	88	70.0004	64.266	2.89395	2.90533	0	0	0	0	0	0	0	0
8018	89	70.5569	69.2858	2.88204	2.90742	0	0	0	0	0	0	0	0
8018	90	65.218	66.0492	2.88813	2.9037	0	0	0	0	0	0	0	0
8018	91	64.3281	70.4287	3.06181	3.05196	0	0	0	0	0	0	0	0
8018	92	75.6599	71.3755	2.97078	3.01432	0	0	0	0	0	0	0	0
8018	93	63.8577	60.2609	2.97616	2.98884	0	0	0	0	0	0	0	0
8018	94	65.8594	66.772	3.12237	3.16569	0	0	0	0	0	0	0	0
8018	95	74.6988	73.6726	3.17133	3.20352	0	0	0	0	0	0	0	0
8018	96	66.7962	67.9844	2.53975	2.56141	0	0	0	0	0	0	0	0
8018	97	64.0907	63.5453	2.93091	2.97366	0	0	0	0	0	0	0	0
8018	98	65.2051	65.7927	3.65868	3.68297	0	0	0	0	0	0	0	0
8018	99	65.6039	70.7236	3.37552	3.26308	0	0	0	0	0	0	0	0
8018	100	70.8911	68.0911	2.8261	2.84987	0	0	0	0	0	0	0	0
8018	101	65.9884	69.0925	2.76326	2.72054	0	0	0	0	0	0	0	0
8018	102	70.4282	73.7812	3.95699	3.97122	0	0	0	0	0	0	0	0
8018	103	61.8812	66.7962	3.38506	3.33086	0	0	0	0	0	0	0	0
8018	104	64.0896	65.5931	3.00585	2.97981	0	0	0	0	0	0	0	0
8018	105	72.1013	66.3444	2.62736	2.65014	0	0	0	0	0	0	0	0
8018	106	69.1424	66.3946	2.74542	2.77975	0	0	0	0	0	0	0	0
8018	107	64.5027	68.8463	2.7791	2.74772	0	0	0	0	0	0	0	0
8018	108	69.7923	65.7806	2.73007	2.77778	0	0	0	0	0	0	0	0
8018	109	68.8726	68.9484	3.17798	3.17698	0	0	0	0	0	0	0	0
8018	110	63.8035	66.0947	3.11498	3.12077	0	0	0	0	0	0	0	0
8018	111	66.4344	67.4604	2.85533	2.86223	0	0	0	0	0	0	0	0
8018	112	94.682	91.854	4.0671	4.13524	0	0	0	0	0	0	0	0
8018	113	92.8929	87.3194	3.11975	3.08158	0	0	0	0	0	0	0	0
8018	114	95.8914	93.4766	3.01386	3.059	0	0	0	0	0	0	0	0
8018	115	100.385	96.1371	3.09384	3.12312	0	0	0	0	0	0	0	0
8018	116	94.742	97.6331	3.04967	2.99349	0	0	0	0	0	0	0	0
8018	117	90.9843	94.0819	3.02244	2.97746	0	0	0	0	0	0	0	0
8018	118	86.503	92.1018	2.94248	2.9455	0	0	0	0	0	0	0	0
8018	119	95.024	95.7884	2.91576	2.89104	0	0	0	0	0	0	0	0
8018	120	93.0407	95.0935	3.08224	3.04366	0	0	0	0	0	0	0	0
8018	121	96.2989	96.9488	3.0652	3.02307	0	0	0	0	0	0	0	0
8018	122	94.01	92.5866	3.04945	3.0446	0	0	0	0	0	0	0	0
8018	123	85.5525	93.6911	3.10593	3.1317	0	0	0	0	0	0	0	0
8018	124	95.5018	90.9193	3.01266	3.00595	0	0	0	0	0	0	0	0
8018	125	94.9785	99.902	3.08734	3.04615	0	0	0	0	0	0	0	0
8018	126	95.2762	96.4474	2.9649	2.94939	0	0	0	0	0	0	0	0
8018	127	92.2848	87.2328	3.1882	3.12679	0	0	0	0	0	0	0	0
8081	0	83.8105	76.0576	2.64154	2.70174	0	0	0	0	0	0	0	0
8081	1	82.0878	71.9978	2.76698	2.83359	0	0	0	0	0	0	0	0
8081	2	76.7942	74.628	3.05732	3.09054	0	0	0	0	0	0	0	0
8081	3	77.2885	70.8612	2.78497	2.79556	0	0	0	0	0	0	0	0
8081	4	75.3666	75.0915	2.51896	2.54492	0	0	0	0	0	0	0	0
8081	5	76.0497	76.7938	2.80533	2.80491	0	0	0	0	0	0	0	0
8081	6	75.6465	75.5559	2.78699	2.77309	0	0	0	0	0	0	0	0
8081	7	75.0846	72.4724	2.89172	2.90998	0	0	0	0	0	0	0	0
8081	8	77.9205	77.448	2.87291	2.87926	0	0	0	0	0	0	0	0
8081	9	81.2767	74.5652	2.84223	2.85695	0	0	0	0	0	0	0	0
8081	10	74.0626	69.3043	2.77473	2.75695	0	0	0	0	0	0	0	0
8081	11	72.2837	69.4225	2.97973	2.97398	0	0	0	0	0	0	0	0
8081	12	76.6712	73.1876	2.85463	2.86298	0	0	0	0	0	0	0	0
8081	13	73.0405	83.452	2.66937	2.63101	0	0	0	0	0	0	0	0
8081	14	77.5893	78.8992	2.52841	2.52102	0	0	0	0	0	0	0	0
8081	15	66.9095	71.7011	3.15759	3.14879	0	0	0	0	0	0	0	0
8081	16	70.0878	66.3479	2.36882	2.36464	0	0	0	0	0	0	0	0
8081	17	68.4555	69.0485	2.45981	2.43967	0	0	0	0	0	0	0	0
8081	18	69.6235	72.7736	3.32088	3.28685	0	0	0	0	0	0	0	0
8081	19	74.3082	69.3075	2.76469	2.78427	0	0	0	0	0	0	0	0
8081	20	67.8926	77.4905	2.64015	2.72179	0	0	0	0	0	0	0	0
8081	21	70.1446	63.3572	2.68726	2.71868	0	0	0	0	0	0	0	0
8081	22	73.4691	67.1536	2.34879	2.3765	0	0	0	0	0	0	0	0
8081	23	75.1665	69.1135	2.56101	2.5815	0	0	0	0	0	0	0	0
8081	24	71.6251	65.6278	2.24016	2.27403	0	0	0	0	0	0	0	0
8081	25	70.8179	63.7645	2.70121	2.73553	0	0	0	0	0	0	0	0
8081	26	72.1591	67.1724	2.4996	2.52905	0	0	0	0	0	0	0	0
8081	27	62.9079	63.5288	2.68992	2.7084	0	0	0	0	0	0	0	0
8081	28	68.2158	75.8967	2.74826	2.8021	0	0	0	0	0	0	0	0
8081	29	68.1814	67.2119	2.50831	2.51635	0	0	0	0	0	0	0	0
8081	30	66.0975	62.5853	2.39755	2.38966	0	0	0	0	0	0	0	0
8081	31	64.8583	62.6292	2.43335	2.41821	0	0	0	0	0	0	0	0
8081	32	66.7823	66.6982	2.87198	2.87481	0	0	0	0	0	0	0	0
8081	33	69.1014	67.4685	2.59359	2.57938	0	0	0	0	0	0	0	0
8081	34	66.2468	67.5661	2.77799	2.74871	0	0	0	0	0	0	0	0
8081	35	70.7787	63.6688	2.54046	2.57957	0	0	0	0	0	0	0	0
8081	36	69.4791	66.7291	2.70413	2.69706	0	0	0	0	0	0	0	0
8081	37	64.8183	64.8818	2.74104	2.71029	0	0	0	0	0	0	0	0
8081	38	61.8509	61.7825	2.65664	2.63603	0	0	0	0	0	0	0	0
8081	39	72.5438	68.4586	2.66057	2.59527	0	0	0	0	0	0	0	0
8081	40	61.6563	66.4163	2.89879	2.83777	0	0	0	0	0	0	0	0
8081	41	67.8398	63.8437	2.46505	2.47265	0	0	0	0	0	0	0	0
8081	42	63.1235	66.3824	2.71709	2.69643	0	0	0	0	0	0	0	0
8081	43	62.5389	60.7924	2.75271	2.71809	0	0	0	0	0	0	0	0
8081	44	62.2448	60.4933	2.91029	2.90403	0	0	0	0	0	0	0	0
8081	45	64.1162	61.7379	2.52801	2.52548	0	0	0	0	0	0	0	0
8081	46	66.14	64.0699	2.56677	2.56373	0	0	0	0	0	0	0	0
8081	47	66.3946	62.1593	2.91053	2.92281	0	0	0	0	0	0	0	0
8081	48	76.3203	75.6501	2.3349	2.33462	0	0	0	0	0	0	0	0
8081	49	74.0078	72.0267	2.28943	2.30485	0	0	0	0	0	0	0	0
8081	50	77.6777	73.8177	2.29438	2.33433	0	0	0	0	0	0	0	0
8081	51	77.285	75.7604	2.41182	2.40493	0	0	0	0	0	0	0	0
8081	52	78.4824	80.1995	2.24001	2.23327	0	0	0	0	0	0	0	0
8081	53	85.8115	79.7408	2.4187	2.42417	0	0	0	0	0	0	0	0
8081	54	78.7469	79.1261	2.68307	2.68636	0	0	0	0	0	0	0	0
8081	55	78.8887	74.9073	2.22368	2.26925	0	0	0	0	0	0	0	0
8081	56	77.0881	76.6069	2.3683	2.38933	0	0	0	0	0	0	0	0
8081	57	81.4442	75.6306	2.26119	2.28394	0	0	0	0	0	0	0	0
8081	58	78.3266	79.4745	2.28933	2.24151	0	0	0	0	0	0	0	0
8081	59	73.688	72.4294	2.98974	2.96723	0	0	0	0	0	0	0	0
8081	60	72.5887	79.4126	2.44226	2.42124	0	0	0	0	0	0	0	0
8081	61	74.9757	80.7188	2.5031	2.42948	0	0	0	0	0	0	0	0
8081	62	75.9001	73.8564	2.90643	2.90983	0	0	0	0	0	0	0	0
8081	63	75.7074	75.6849	2.58891	2.56075	0	0	0	0	0	0	0	0
8081	64	80.1558	82.6294	2.49497	2.46235	0	0	0	0	0	0	0	0
8081	65	84.8368	82.4625	2.43577	2.50423	0	0	0	0	0	0	0	0
8081	66	84.7793	79.6059	2.56469	2.63238	0	0	0	0	0	0	0	0
8081	67	83.4521	81.9784	2.38864	2.39728	0	0	0	0	0	0	0	0
8081	68	83.0126	84.3464	2.60015	2.52947	0	0	0	0	0	0	0	0
8081	69	83.9866	84.6523	2.33738	2.34598	0	0	0	0	0	0	0	0
8081	70	82.286	80.6871	2.46521	2.44061	0	0	0	0	0	0	0	0
8081	71	79.1686	80.7407	2.5985	2.6005	0	0	0	0	0	0	0	0
8081	72	78.7	81.7278	2.72074	2.68415	0	0	0	0	0	0	0	0
8081	73	79.5283	77.8242	2.63196	2.63531	0	0	0	0	0	0	0	0
8081	74	83.8008	79.2887	2.47644	2.54312	0	0	0	0	0	0	0	0
8081	75	80.3383	83.0417	2.84057	2.79876	0	0	0	0	0	0	0	0
8081	76	77.1758	80.2404	2.51102	2.52681	0	0	0	0	0	0	0	0
8081	77	80.9923	82.3926	2.84063	2.82787	0	0	0	0	0	0	0	0
8081	78	82.1397	86.5276	2.64536	2.53565	0	0	0	0	0	0	0	0
8081	79	84.7778	83.6637	2.67038	2.67569	0	0	0	0	0	0	0	0
8081	80	67.75	67.1746	3.92688	3.88231	0	0	0	0	0	0	0	0
8081	81	67.0901	67.7274	3.37437	3.37651	0	0	0	0	0	0	0	0
8081	82	69.0897	65.892	3.35683	3.35839	0	0	0	0	0	0	0	0
8081	83	64.6607	69.4049	2.7562	2.70936	0	0	0	0	0	0	0	0
8081	84	66.8776	69.1202	2.76165	2.7277	0	0	0	0	0	0	0	0
8081	85	67.1038	69.3759	2.94596	2.91388	0	0	0	0	0	0	0	0
8081	86	61.7664	61.3893	2.89242	2.87622	0	0	0	0	0	0	0	0
8081	87	70.592	68.0941	2.69359	2.69835	0	0	0	0	0	0	0	0
8081	88	62.02	66.1216	2.55955	2.56932	0	0	0	0	0	0	0	0
8081	89	66.6662	67.7224	2.62395	2.6174	0	0	0	0	0	0	0	0
8081	90	66.2982	61.7443	2.55182	2.55397	0	0	0	0	0	0	0	0
8081	91	65.1082	62.9369	2.9799	3.01733	0	0	0	0	0	0	0	0
8081	92	60.1018	63.2794	2.76811	2.76994	0	0	0	0	0	0	0	0
8081	93	66.7144	67.1781	2.92899	2.97175	0	0	0	0	0	0	0	0
8081	94	63.4721	65.5597	2.70354	2.719	0	0	0	0	0	0	0	0
8081	95	66.1891	69.0049	2.97558	2.9865	0	0	0	0	0	0	0	0
8081	96	69.2432	71.389	2.81271	2.81372	0	0	0	0	0	0	0	0
8081	97	68.2543	69.4209	2.77539	2.8143	0	0	0	0	0	0	0	0
8081	98	73.4148	75.3338	2.77498	2.7725	0	0	0	0	0	0	0	0
8081	99	70.3298	67.1338	2.83641	2.88271	0	0	0	0	0	0	0	0
8081	100	68.8494	75.3008	2.85204	2.83064	0	0	0	0	0	0	0	0
8081	101	65.953	67.4402	2.77812	2.80114	0	0	0	0	0	0	0	0
8081	102	61.6379	58.0385	2.95976	2.97761	0	0	0	0	0	0	0	0
8081	103	65.5828	67.9308	2.77839	2.7819	0	0	0	0	0	0	0	0
8081	104	70.5524	74.8979	2.76063	2.75433	0	0	0	0	0	0	0	0
8081	105	70.5143	72.9102	2.76466	2.76977	0	0	0	0	0	0	0	0
8081	106	64.6578	67.0051	2.85734	2.85666	0	0	0	0	0	0	0	0
8081	107	72.6227	69.4743	2.84438	2.89836	0	0	0	0	0	0	0	0
8081	108	69.7819	70.5263	2.79417	2.81911	0	0	0	0	0	0	0	0
8081	109	66.9645	68.4796	2.81563	2.82609	0	0	0	0	0	0	0	0
8081	110	69.2888	71.1166	2.7609	2.79057	0	0	0	0	0	0	0	0
8081	111	70.6551	71.256	2.77155	2.79755	0	0	0	0	0	0	0	0
8081	112	65.2495	63.404	2.28773	2.27797	0	0	0	0	0	0	0	0
8081	113	66.0461	66.9546	2.19462	2.19588	0	0	0	0	0	0	0	0
8081	114	73.478	72.3547	2.20064	2.17696	0	0	0	0	0	0	0	0
8081	115	64.7905	66.4345	2.20608	2.14816	0	0	0	0	0	0	0	0
8081	116	64.9388	66.3678	2.21012	2.19476	0	0	0	0	0	0	0	0
8081	117	65.7782	65.8049	2.21035	2.21058	0	0	0	0	0	0	0	0
8081	118	66.3303	66.484	2.18176	2.18752	0	0	0	0	0	0	0	0
8081	119	65.0075	62.06	2.18859	2.19791	0	0	0	0	0	0	0	0
8081	120	67.4732	66.5775	2.18294	2.20625	0	0	0	0	0	0	0	0
8081	121	72.6422	66.7727	2.16241	2.25064	0	0	0	0	0	0	0	0
8081	122	68.8628	64.8191	2.17075	2.20566	0	0	0	0	0	0	0	0
8081	123	66.643	63.7732	2.19985	2.19138	0	0	0	0	0	0	0	0
8081	124	67.6741	70.4004	2.28921	2.24121	0	0	0	0	0	0	0	0
8081	125	61.9724	69.1712	2.24941	2.22474	0	0	0	0	0	0	0	0
8081	126	67.0735	64.8358	2.19412	2.23251	0	0	0	0	0	0	0	0
8081	127	71.9888	74.2299	2.23035	2.23433	0	0	0	0	0	0	0	0
8095	0	64.8039	67.6094	2.94658	2.95895	0	0	0	0	0	0	0	0
8095	1	57.4568	62.3564	2.69041	2.7034	0	0	0	0	0	0	0	0
8095	2	71.6044	70.9544	2.79459	2.7971	0	0	0	0	0	0	0	0
8095	3	64.1054	65.1916	2.72469	2.73471	0	0	0	0	0	0	0	0
8095	4	60.4421	64.7789	2.76169	2.75499	0	0	0	0	0	0	0	0
8095	5	65.6668	60.9554	3.11286	3.16605	0	0	0	0	0	0	0	0
8095	6	66.9887	65.0093	2.87898	2.94988	0	0	0	0	0	0	0	0
8095	7	70.1557	58.3398	3.4763	3.52407	0	0	0	0	0	0	0	0
8095	8	66.9643	69.3169	2.7343	2.70919	0	0	0	0	0	0	0	0
8095	9	62.642	70.7723	2.81217	2.78237	0	0	0	0	0	0	0	0
8095	10	61.4608	66.9965	2.76296	2.7671	0	0	0	0	0	0	0	0
8095	11	68.4519	66.1344	2.70793	2.76462	0	0	0	0	0	0	0	0
8095	12	54.697	59.795	2.79351	2.77974	0	0	0	0	0	0	0	0
8095	13	63.2765	63.3995	2.81407	2.83486	0	0	0	0	0	0	0	0
8095	14	64.9874	68.3775	3.05602	3.09226	0	0	0	0	0	0	0	0
8095	15	70.2989	66.624	2.55303	2.58604	0	0	0	0	0	0	0	0
8095	16	72.4067	71.4875	2.48268	2.53267	0	0	0	0	0	0	0	0
8095	17	63.6483	59.4714	2.49753	2.53531	0	0	0	0	0	0	0	0
8095	18	76.8239	72.4081	2.55897	2.54508	0	0	0	0	0	0	0	0
8095	19	69.4369	68.221	2.532	2.5682	0	0	0	0	0	0	0	0
8095	20	77.6243	77.6333	2.67561	2.66766	0	0	0	0	0	0	0	0
8095	21	60.942	59.9146	2.67033	2.6699	0	0	0	0	0	0	0	0
8095	22	69.9529	66.2972	2.63656	2.68095	0	0	0	0	0	0	0	0
8095	23	76.0234	73.51	2.55929	2.56398	0	0	0	0	0	0	0	0
8095	24	70.938	64.2712	2.54294	2.60448	0	0	0	0	0	0	0	0
8095	25	63.9107	70.0302	2.71177	2.70237	0	0	0	0	0	0	0	0
8095	26	63.476	66.7353	2.54409	2.57194	0	0	0	0	0	0	0	0
8095	27	65.5574	66.0697	2.52217	2.53281	0	0	0	0	0	0	0	0
8095	28	73.47	71.051	2.70834	2.74204	0	0	0	0	0	0	0	0
8095	29	63.9378	64.2418	2.58322	2.61119	0	0	0	0	0	0	0	0
8095	30	66.3803	71.5131	3.07121	3.10018	0	0	0	0	0	0	0	0
8095	31	66.2575	68.2092	2.57585	2.59746	0	0	0	0	0	0	0	0
8095	32	70.5906	69.8775	2.74287	2.73282	0	0	0	0	0	0	0	0
8095	33	69.7911	71.5696	2.70844	2.70218	0	0	0	0	0	0	0	0
8095	34	74.9891	75.1711	2.78458	2.77328	0	0	0	0	0	0	0	0
8095	35	70.8883	80.699	2.53453	2.50964	0	0	0	0	0	0	0	0
8095	36	72.6837	76.6805	2.66237	2.6357	0	0	0	0	0	0	0	0
8095	37	73.9288	76.7065	2.4589	2.45097	0	0	0	0	0	0	0	0
8095	38	75.2275	67.5283	2.50995	2.53007	0	0	0	0	0	0	0	0
8095	39	80.3221	70.2142	2.43525	2.47672	0	0	0	0	0	0	0	0
8095	40	74.2414	71.3069	2.58364	2.62019	0	0	0	0	0	0	0	0
8095	41	68.6841	69.653	2.48592	2.51258	0	0	0	0	0	0	0	0
8095	42	76.8555	77.3324	2.65628	2.66803	0	0	0	0	0	0	0	0
8095	43	72.6665	73.7392	2.52732	2.5235	0	0	0	0	0	0	0	0
8095	44	74.5008	71.883	2.79977	2.82236	0	0	0	0	0	0	0	0
8095	45	73.2864	74.8297	2.47375	2.47475	0	0	0	0	0	0	0	0
8095	46	67.8328	72.4546	2.54791	2.56298	0	0	0	0	0	0	0	0
8095	47	72.5625	77.6133	2.40856	2.39811	0	0	0	0	0	0	0	0
8095	48	72.7653	76.4539	2.25411	2.24588	0	0	0	0	0	0	0	0
8095	49	74.231	78.1407	2.73492	2.70286	0	0	0	0	0	0	0	0
8095	50	76.7832	72.0935	2.45866	2.49285	0	0	0	0	0	0	0	0
8095	51	70.7146	77.9423	2.70528	2.62015	0	0	0	0	0	0	0	0
8095	52	82.2357	85.7478	2.33894	2.3114	0	0	0	0	0	0	0	0
8095	53	69.2763	81.4562	2.47061	2.42085	0	0	0	0	0	0	0	0
8095	54	85.7443	80.053	2.49586	2.46429	0	0	0	0	0	0	0	0
8095	55	75.8893	71.4707	2.41325	2.41848	0	0	0	0	0	0	0	0
8095	56	83.2784	77.0506	2.57113	2.58927	0	0	0	0	0	0	0	0
8095	57	77.5277	76.1187	3.00873	3.00851	0	0	0	0	0	0	0	0
8095	58	71.6684	72.779	2.45585	2.43421	0	0	0	0	0	0	0	0
8095	59	68.2287	70.596	2.59475	2.59141	0	0	0	0	0	0	0	0
8095	60	79.2614	74.2613	2.41511	2.44682	0	0	0	0	0	0	0	0
8095	61	77.8279	74.4568	2.54728	2.54312	0	0	0	0	0	0	0	0
8095	62	74.418	74.0501	2.58146	2.60003	0	0	0	0	0	0	0	0
8095	63	71.1148	79.7604	2.88402	2.81011	0	0	0	0	0	0	0	0
8095	64	68.6007	68.9795	2.68156	2.66139	0	0	0	0	0	0	0	0
8095	65	60.0685	61.1294	2.47562	2.49698	0	0	0	0	0	0	0	0
8095	66	62.9261	63.0034	2.98814	3.00703	0	0	0	0	0	0	0	0
8095	67	64.287	67.2682	2.45384	2.43149	0	0	0	0	0	0	0	0
8095	68	64.4689	61.8453	2.44793	2.46927	0	0	0	0	0	0	0	0
8095	69	60.0178	60.5064	2.46866	2.47675	0	0	0	0	0	0	0	0
8095	70	66.0294	62.3568	2.48595	2.50217	0	0	0	0	0	0	0	0
8095	71	61.5617	58.5957	2.52666	2.53886	0	0	0	0	0	0	0	0
8095	72	63.883	62.449	2.50271	2.51257	0	0	0	0	0	0	0	0
8095	73	64.559	62.6111	3.00564	2.9974	0	0	0	0	0	0	0	0
8095	74	64.877	66.4919	2.51974	2.51119	0	0	0	0	0	0	0	0
8095	75	59.5265	62.8375	2.61061	2.57738	0	0	0	0	0	0	0	0
8095	76	66.8666	63.9232	2.55859	2.58333	0	0	0	0	0	0	0	0
8095	77	61.1726	67.0191	2.61321	2.57822	0	0	0	0	0	0	0	0
8095	78	63.9349	59.2659	2.68326	2.71628	0	0	0	0	0	0	0	0
8095	79	56.9607	61.7403	2.70229	2.69827	0	0	0	0	0	0	0	0
8095	80	72.3727	72.8796	4.07974	4.0013	0	0	0	0	0	0	0	0
8095	81	73.3298	75.1022	3.42339	3.42238	0	0	0	0	0	0	0	0
8095	82	71.9428	71.3056	3.18428	3.14887	0	0	0	0	0	0	0	0
8095	83	75.895	72.3818	2.7322	2.748	0	0	0	0	0	0	0	0
8095	84	68.6203	76.3038	2.85788	2.79998	0	0	0	0	0	0	0	0
8095	85	70.3084	69.0068	2.5306	2.53026	0	0	0	0	0	0	0	0
8095	86	70.1971	73.1042	2.97175	2.94336	0	0	0	0	0	0	0	0
8095	87	68.5273	74.592	2.50105	2.45626	0	0	0	0	0	0	0	0
8095	88	70.3645	66.6632	3.03777	3.06818	0	0	0	0	0	0	0	0
8095	89	68.3557	70.0987	2.87312	2.8466	0	0	0	0	0	0	0	0
8095	90	68.5708	67.3391	2.88016	2.86401	0	0	0	0	0	0	0	0
8095	91	67.086	69.1819	2.66892	2.63731	0	0	0	0	0	0	0	0
8095	92	67.6281	72.7232	2.57539	2.55444	0	0	0	0	0	0	0	0
8095	93	73.0278	71.9256	2.50285	2.5024	0	0	0	0	0	0	0	0
8095	94	71.8716	67.2713	2.63804	2.67053	0	0	0	0	0	0	0	0
8095	95	69.8281	66.023	3.01951	3.05521	0	0	0	0	0	0	0	0
8095	96	80.0135	80.5363	2.68929	2.69869	0	0	0	0	0	0	0	0
8095	97	80.0293	84.299	2.6172	2.54104	0	0	0	0	0	0	0	0
8095	98	85.7422	81.4047	2.61648	2.66967	0	0	0	0	0	0	0	0
8095	99	76.2353	82.9215	2.63053	2.61325	0	0	0	0	0	0	0	0
8095	100	85.219	82.6943	2.5373	2.58844	0	0	0	0	0	0	0	0
8095	101	80.0892	77.7242	2.59854	2.60874	0	0	0	0	0	0	0	0
8095	102	79.7392	83.9557	2.74913	2.70809	0	0	0	0	0	0	0	0
8095	103	78.7907	77.6442	2.60134	2.632	0	0	0	0	0	0	0	0
8095	104	77.1653	79.018	2.68301	2.70118	0	0	0	0	0	0	0	0
8095	105	79.7455	78.9033	2.63125	2.64799	0	0	0	0	0	0	0	0
8095	106	81.8217	81.6102	2.62604	2.66805	0	0	0	0	0	0	0	0
8095	107	72.3126	73.4443	2.61184	2.62691	0	0	0	0	0	0	0	0
8095	108	80.9626	82.1725	2.60185	2.61175	0	0	0	0	0	0	0	0
8095	109	80.123	80.0086	2.73453	2.73311	0	0	0	0	0	0	0	0
8095	110	77.8749	78.8184	2.64626	2.63745	0	0	0	0	0	0	0	0
8095	111	75.854	78.5946	2.68186	2.68266	0	0	0	0	0	0	0	0
8095	112	70.7134	76.3092	2.58199	2.56708	0	0	0	0	0	0	0	0
8095	113	69.1585	72.111	2.56094	2.59116	0	0	0	0	0	0	0	0
8095	114	71.0489	74.155	2.54263	2.59389	0	0	0	0	0	0	0	0
8095	115	67.8689	70.3837	2.55707	2.58195	0	0	0	0	0	0	0	0
8095	116	74.4066	75.6983	2.51038	2.53147	0	0	0	0	0	0	0	0
8095	117	76.8211	73.3643	2.51068	2.54794	0	0	0	0	0	0	0	0
8095	118	67.9597	70.5495	2.55256	2.55587	0	0	0	0	0	0	0	0
8095	119	71.0206	77.5182	2.49592	2.53479	0	0	0	0	0	0	0	0
8095	120	74.4724	75.6889	2.50966	2.54605	0	0	0	0	0	0	0	0
8095	121	68.1021	69.0632	2.55633	2.59	0	0	0	0	0	0	0	0
8095	122	73.077	69.9977	2.59665	2.62829	0	0	0	0	0	0	0	0
8095	123	69.0191	74.629	2.57565	2.58839	0	0	0	0	0	0	0	0
8095	124	73.6879	73.5336	2.53489	2.59403	0	0	0	0	0	0	0	0
8095	125	73.4337	76.221	2.55003	2.58293	0	0	0	0	0	0	0	0
8095	126	67.8656	74.6455	2.56941	2.56883	0	0	0	0	0	0	0	0
8095	127	73.3535	66.7524	2.49819	2.57494	0	0	0	0	0	0	0	0
8054	0	70.8267	60.8022	2.55916	2.5755	0	0	0	0	0	0	0	0
8054	1	67.4403	63.8279	2.51772	2.52769	0	0	0	0	0	0	0	0
8054	2	63.7104	59.837	2.82904	2.83407	0	0	0	0	0	0	0	0
8054	3	70.9768	74.7947	2.53769	2.55556	0	0	0	0	0	0	0	0
8054	4	72.4386	75.3415	2.50415	2.51584	0	0	0	0	0	0	0	0
8054	5	69.2794	64.5388	2.50134	2.51965	0	0	0	0	0	0	0	0
8054	6	74.0044	66.4621	2.50508	2.52026	0	0	0	0	0	0	0	0
8054	7	69.9689	68.7309	2.47158	2.48065	0	0	0	0	0	0	0	0
8054	8	69.3762	71.4121	2.78034	2.78958	0	0	0	0	0	0	0	0
8054	9	70.77	62.766	3.13752	3.20846	0	0	0	0	0	0	0	0
8054	10	62.6377	62.745	2.80801	2.7816	0	0	0	0	0	0	0	0
8054	11	73.343	65.0759	2.53415	2.5713	0	0	0	0	0	0	0	0
8054	12	66.9737	70.7452	2.55266	2.52418	0	0	0	0	0	0	0	0
8054	13	66.8137	67.9362	2.46487	2.42826	0	0	0	0	0	0	0	0
8054	14	66.4535	62.2241	2.77781	2.77896	0	0	0	0	0	0	0	0
8054	15	66.3303	65.7977	2.7161	2.69427	0	0	0	0	0	0	0	0
8054	16	69.9344	70.0582	2.34089	2.33187	0	0	0	0	0	0	0	0
8054	17	66.6818	66.0844	2.23886	2.24368	0	0	0	0	0	0	0	0
8054	18	64.3423	61.9985	2.32744	2.33684	0	0	0	0	0	0	0	0
8054	19	66.6249	68.9816	2.28371	2.23747	0	0	0	0	0	0	0	0
8054	20	65.1665	62.2484	2.35542	2.35823	0	0	0	0	0	0	0	0
8054	21	60.0613	64.1405	2.46453	2.44604	0	0	0	0	0	0	0	0
8054	22	69.9211	69.4874	2.17802	2.16155	0	0	0	0	0	0	0	0
8054	23	60.7855	63.9876	2.1655	2.1573	0	0	0	0	0	0	0	0
8054	24	67.9481	60.9604	2.26638	2.30723	0	0	0	0	0	0	0	0
8054	25	59.5707	58.1008	2.25037	2.2573	0	0	0	0	0	0	0	0
8054	26	74.7144	63.5836	2.19314	2.18185	0	0	0	0	0	0	0	0
8054	27	67.1557	65.3277	2.29159	2.27112	0	0	0	0	0	0	0	0
8054	28	66.5332	66.9515	2.27578	2.24836	0	0	0	0	0	0	0	0
8054	29	65.0925	66.237	2.22719	2.23338	0	0	0	0	0	0	0	0
8054	30	68.3288	68.5262	2.21397	2.20191	0	0	0	0	0	0	0	0
8054	31	64.7294	61.8542	2.16363	2.17846	0	0	0	0	0	0	0	0
8054	32	66.0961	61.0653	2.74348	2.75857	0	0	0	0	0	0	0	0
8054	33	63.6682	59.5141	2.73581	2.72357	0	0	0	0	0	0	0	0
8054	34	68.986	62.3855	2.71154	2.72783	0	0	0	0	0	0	0	0
8054	35	68.1408	63.4617	2.88145	2.85306	0	0	0	0	0	0	0	0
8054	36	69.5279	68.2535	2.72283	2.676	0	0	0	0	0	0	0	0
8054	37	71.9348	69.2404	2.62019	2.64862	0	0	0	0	0	0	0	0
8054	38	66.311	72.8684	2.74141	2.73762	0	0	0	0	0	0	0	0
8054	39	71.9592	65.1439	2.71769	2.70601	0	0	0	0	0	0	0	0
8054	40	68.3587	67.732	2.71117	2.679	0	0	0	0	0	0	0	0
8054	41	60.1569	69.2225	2.60945	2.59306	0	0	0	0	0	0	0	0
8054	42	68.3258	62.7758	2.72508	2.72443	0	0	0	0	0	0	0	0
8054	43	67.4758	66.5532	2.81903	2.82265	0	0	0	0	0	0	0	0
8054	44	60.8636	59.6446	2.84619	2.84462	0	0	0	0	0	0	0	0
8054	45	59.874	62.5655	2.67847	2.67184	0	0	0	0	0	0	0	0
8054	46	62.5461	67.6312	2.80758	2.73661	0	0	0	0	0	0	0	0
8054	47	56.547	57.9363	2.81596	2.79345	0	0	0	0	0	0	0	0
8054	48	72.2688	76.6147	2.42448	2.44909	0	0	0	0	0	0	0	0
8054	49	75.8786	76.149	2.35794	2.37577	0	0	0	0	0	0	0	0
8054	50	81.3492	76.6388	2.2045	2.26245	0	0	0	0	0	0	0	0
8054	51	81.5645	85.488	2.32314	2.33845	0	0	0	0	0	0	0	0
8054	52	80.3741	73.6324	2.36976	2.40841	0	0	0	0	0	0	0	0
8054	53	84.5732	80.1571	2.38461	2.43532	0	0	0	0	0	0	0	0
8054	54	81.6444	84.4195	2.35738	2.32614	0	0	0	0	0	0	0	0
8054	55	79.0241	81.5894	2.2574	2.21917	0	0	0	0	0	0	0	0
8054	56	77.6495	76.7934	2.22338	2.22995	0	0	0	0	0	0	0	0
8054	57	74.6701	76.1991	2.38399	2.4202	0	0	0	0	0	0	0	0
8054	58	75.2519	82.8856	2.59039	2.57879	0	0	0	0	0	0	0	0
8054	59	83.1991	74.1145	2.50856	2.57519	0	0	0	0	0	0	0	0
8054	60	79.196	76.7188	2.40692	2.44925	0	0	0	0	0	0	0	0
8054	61	79.707	77.1464	2.52738	2.54809	0	0	0	0	0	0	0	0
8054	62	76.7902	76.3654	2.80546	2.80935	0	0	0	0	0	0	0	0
8054	63	75.0684	73.5017	2.58387	2.60716	0	0	0	0	0	0	0	0
8054	64	67.5246	68.5147	2.5065	2.50524	0	0	0	0	0	0	0	0
8054	65	71.747	69.5526	2.34995	2.34771	0	0	0	0	0	0	0	0
8054	66	71.7851	72.5902	2.15457	2.15314	0	0	0	0	0	0	0	0
8054	67	67.8882	68.1784	2.07987	2.08529	0	0	0	0	0	0	0	0
8054	68	69.3538	69.6725	2.47995	2.48527	0	0	0	0	0	0	0	0
8054	69	68.7163	67.0324	2.24222	2.24153	0	0	0	0	0	0	0	0
8054	70	74.7908	73.1551	2.17797	2.168	0	0	0	0	0	0	0	0
8054	71	68.7563	67.4096	2.08333	2.08354	0	0	0	0	0	0	0	0
8054	72	67.7028	65.4689	2.05161	2.06677	0	0	0	0	0	0	0	0
8054	73	71.4949	68.7585	2.19085	2.24111	0	0	0	0	0	0	0	0
8054	74	72.015	71.3507	2.25767	2.23323	0	0	0	0	0	0	0	0
8054	75	67.4798	70.616	2.20656	2.18647	0	0	0	0	0	0	0	0
8054	76	67.1235	67.9372	2.50877	2.5116	0	0	0	0	0	0	0	0
8054	77	70.4366	71.0533	2.38351	2.37407	0	0	0	0	0	0	0	0
8054	78	63.9302	64.6387	3.89215	3.91213	0	0	0	0	0	0	0	0
8054	79	73.4086	68.9064	2.35897	2.38863	0	0	0	0	0	0	0	0
8054	80	70.6469	66.7161	4.38121	4.37626	0	0	0	0	0	0	0	0
8054	81	68.9735	68.2792	3.29285	3.32244	0	0	0	0	0	0	0	0
8054	82	70.5482	68.4214	3.57201	3.57499	0	0	0	0	0	0	0	0
8054	83	66.6973	71.0597	2.8785	2.85745	0	0	0	0	0	0	0	0
8054	84	71.2325	71.6485	3.21117	3.19786	0	0	0	0	0	0	0	0
8054	85	67.543	68.5903	2.59897	2.59181	0	0	0	0	0	0	0	0
8054	86	72.6419	74.7571	2.69598	2.7045	0	0	0	0	0	0	0	0
8054	87	70.2207	74.1411	2.63941	2.6256	0	0	0	0	0	0	0	0
8054	88	67.119	70.1743	2.81166	2.78629	0	0	0	0	0	0	0	0
8054	89	64.7605	67.1078	3.0953	3.07776	0	0	0	0	0	0	0	0
8054	90	68.8689	68.9622	2.65914	2.66045	0	0	0	0	0	0	0	0
8054	91	72.1244	69.1651	2.64864	2.70682	0	0	0	0	0	0	0	0
8054	92	66.8661	71.897	2.61061	2.59543	0	0	0	0	0	0	0	0
8054	93	68.7481	66.2563	2.64738	2.66527	0	0	0	0	0	0	0	0
8054	94	65.0783	65.3938	2.78289	2.76163	0	0	0	0	0	0	0	0
8054	95	67.0774	61.1023	2.61677	2.60459	0	0	0	0	0	0	0	0
8054	96	65.0227	69.0695	2.13587	2.09416	0	0	0	0	0	0	0	0
8054	97	63.1742	62.6263	2.22491	2.21168	0	0	0	0	0	0	0	0
8054	98	63.7192	64.5589	2.26422	2.24314	0	0	0	0	0	0	0	0
8054	99	67.66	71.2434	2.11669	2.0683	0	0	0	0	0	0	0	0
8054	100	68.6456	68.7064	2.2086	2.20295	0	0	0	0	0	0	0	0
8054	101	65.2858	67.3183	2.05126	2.03629	0	0	0	0	0	0	0	0
8054	102	64.6136	62.4908	2.1886	2.18544	0	0	0	0	0	0	0	0
8054	103	67.9257	63.6641	2.25637	2.27119	0	0	0	0	0	0	0	0
8054	104	61.9391	65.0652	2.1585	2.11618	0	0	0	0	0	0	0	0
8054	105	62.8536	66.889	2.09523	2.04272	0	0	0	0	0	0	0	0
8054	106	63.434	62.4067	2.22893	2.22919	0	0	0	0	0	0	0	0
8054	107	68.0103	66.4503	2.0831	2.07132	0	0	0	0	0	0	0	0
8054	108	64.1417	62.3654	2.3014	2.30394	0	0	0	0	0	0	0	0
8054	109	64.3151	67.1435	2.31113	2.29641	0	0	0	0	0	0	0	0
8054	110	67.6021	68.4711	2.05675	2.03575	0	0	0	0	0	0	0	0
8054	111	63.8977	63.1071	2.36157	2.3227	0	0	0	0	0	0	0	0
8054	112	37.511	39.1949	2.59411	2.58203	0	0	0	0	0	0	0	0
8054	113	52.9382	50.3446	2.34204	2.39623	0	0	0	0	0	0	0	0
8054	114	49.325	50.6147	2.67068	2.61263	0	0	0	0	0	0	0	0
8054	115	49.0918	46.2478	2.39501	2.40723	0	0	0	0	0	0	0	0
8054	116	50.3902	50.0541	2.55097	2.55102	0	0	0	0	0	0	0	0
8054	117	47.6517	48.2013	2.50339	2.5312	0	0	0	0	0	0	0	0
8054	118	48.0436	47.5841	2.64136	2.62766	0	0	0	0	0	0	0	0
8054	119	49.0284	48.2534	2.71624	2.74007	0	0	0	0	0	0	0	0
8054	120	45.6174	47.9073	2.61013	2.60887	0	0	0	0	0	0	0	0
8054	121	44.0469	46.3892	2.50969	2.50357	0	0	0	0	0	0	0	0
8054	122	49.7682	50.753	2.55134	2.5597	0	0	0	0	0	0	0	0
8054	123	50.9803	48.4613	2.64739	2.66061	0	0	0	0	0	0	0	0
8054	124	48.0595	45.4857	2.58475	2.55666	0	0	0	0	0	0	0	0
8054	125	44.7124	48.3672	2.51428	2.54079	0	0	0	0	0	0	0	0
8054	126	48.197	48.0607	2.50977	2.51326	0	0	0	0	0	0	0	0
8054	127	52.5045	52.029	2.63794	2.61302	0	0	0	0	0	0	0	0
8086	0	67.0499	68.3015	2.3746	2.35265	0	0	0	0	0	0	0	0
8086	1	70.2278	69.8468	2.8963	2.92327	0	0	0	0	0	0	0	0
8086	2	78.2011	68.9851	2.39281	2.39985	0	0	0	0	0	0	0	0
8086	3	71.8354	76.2036	2.61797	2.59474	0	0	0	0	0	0	0	0
8086	4	75.5162	68.1565	2.26585	2.28328	0	0	0	0	0	0	0	0
8086	5	72.3344	73.3122	2.53082	2.50118	0	0	0	0	0	0	0	0
8086	6	66.4017	71.3358	2.29746	2.25596	0	0	0	0	0	0	0	0
8086	7	72.1549	77.6276	2.3386	2.35555	0	0	0	0	0	0	0	0
8086	8	71.507	71.5578	2.39436	2.42288	0	0	0	0	0	0	0	0
8086	9	67.3364	69.6619	2.44431	2.42288	0	0	0	0	0	0	0	0
8086	10	67.9549	65.6641	2.34575	2.35172	0	0	0	0	0	0	0	0
8086	11	70.6666	70.3698	2.69441	2.70198	0	0	0	0	0	0	0	0
8086	12	68.7802	68.7062	2.39162	2.38768	0	0	0	0	0	0	0	0
8086	13	73.8515	68.4711	2.97092	3.03331	0	0	0	0	0	0	0	0
8086	14	71.2838	73.0657	2.63802	2.63542	0	0	0	0	0	0	0	0
8086	15	69.5994	66.7713	2.32647	2.3563	0	0	0	0	0	0	0	0
8086	16	77.3518	79.957	2.68065	2.7001	0	0	0	0	0	0	0	0
8086	17	87.4116	80.7387	2.69859	2.70988	0	0	0	0	0	0	0	0
8086	18	82.2706	72.0286	2.50477	2.54433	0	0	0	0	0	0	0	0
8086	19	83.109	78.6853	2.72636	2.7233	0	0	0	0	0	0	0	0
8086	20	82.5996	82.1831	2.66122	2.69401	0	0	0	0	0	0	0	0
8086	21	83.0073	86.5153	2.7583	2.73258	0	0	0	0	0	0	0	0
8086	22	75.121	75.9975	2.44526	2.41889	0	0	0	0	0	0	0	0
8086	23	81.9416	84.4198	2.59882	2.60197	0	0	0	0	0	0	0	0
8086	24	78.613	79.2006	2.71827	2.68907	0	0	0	0	0	0	0	0
8086	25	75.3746	71.8973	2.49587	2.51165	0	0	0	0	0	0	0	0
8086	26	77.3673	80.6464	2.61137	2.59783	0	0	0	0	0	0	0	0
8086	27	75.6334	74.439	2.50168	2.50567	0	0	0	0	0	0	0	0
8086	28	72.0853	74.707	2.7204	2.74503	0	0	0	0	0	0	0	0
8086	29	77.9735	88.0562	2.74779	2.75186	0	0	0	0	0	0	0	0
8086	30	76.3181	69.9246	2.52036	2.51544	0	0	0	0	0	0	0	0
8086	31	75.7409	74.313	2.67639	2.6592	0	0	0	0	0	0	0	0
8086	32	71.2655	70.9178	2.64757	2.6578	0	0	0	0	0	0	0	0
8086	33	75.8648	62.4845	2.68423	2.70134	0	0	0	0	0	0	0	0
8086	34	72.0312	68.9625	2.60776	2.60108	0	0	0	0	0	0	0	0
8086	35	69.7668	71.1554	2.52378	2.51105	0	0	0	0	0	0	0	0
8086	36	79.8631	81.0232	2.65163	2.68092	0	0	0	0	0	0	0	0
8086	37	74.2428	77.6499	2.49898	2.4784	0	0	0	0	0	0	0	0
8086	38	73.179	67.6383	2.48649	2.52399	0	0	0	0	0	0	0	0
8086	39	67.0048	66.8944	2.38067	2.39792	0	0	0	0	0	0	0	0
8086	40	68.8829	72.8855	2.43503	2.46227	0	0	0	0	0	0	0	0
8086	41	65.1111	73.0428	2.5861	2.56572	0	0	0	0	0	0	0	0
8086	42	76.6763	70.3429	2.79113	2.80146	0	0	0	0	0	0	0	0
8086	43	63.5154	76.307	2.49297	2.4277	0	0	0	0	0	0	0	0
8086	44	72.0769	65.4642	2.83459	2.86523	0	0	0	0	0	0	0	0
8086	45	66.796	67.5129	2.3955	2.36966	0	0	0	0	0	0	0	0
8086	46	67.9514	70.9198	2.46475	2.4476	0	0	0	0	0	0	0	0
8086	47	71.3006	67.4789	2.37285	2.35722	0	0	0	0	0	0	0	0
8086	48	68.8757	75.0703	2.34645	2.393	0	0	0	0	0	0	0	0
8086	49	61.7793	64.6228	2.5437	2.50395	0	0	0	0	0	0	0	0
8086	50	58.722	67.4933	2.54398	2.49542	0	0	0	0	0	0	0	0
8086	51	58.6932	63.4647	2.57511	2.58366	0	0	0	0	0	0	0	0
8086	52	63.3807	68.5499	2.46535	2.45906	0	0	0	0	0	0	0	0
8086	53	71.8182	69.6627	3.28534	3.27433	0	0	0	0	0	0	0	0
8086	54	64.6508	55.5093	2.29563	2.30311	0	0	0	0	0	0	0	0
8086	55	62.9451	66.2208	2.53257	2.47336	0	0	0	0	0	0	0	0
8086	56	63.8637	66.4754	2.42701	2.40959	0	0	0	0	0	0	0	0
8086	57	66.4058	61.3755	2.52201	2.5797	0	0	0	0	0	0	0	0
8086	58	63.8292	61.3019	2.43576	2.46497	0	0	0	0	0	0	0	0
8086	59	64.9197	65.2791	2.68338	2.69818	0	0	0	0	0	0	0	0
8086	60	61.6609	64.5023	2.63269	2.62034	0	0	0	0	0	0	0	0
8086	61	65.455	65.7973	2.61974	2.67577	0	0	0	0	0	0	0	0
8086	62	63.1454	64.9137	2.83895	2.83671	0	0	0	0	0	0	0	0
8086	63	56.7053	57.8637	2.72578	2.77046	0	0	0	0	0	0	0	0
8086	64	81.2976	82.7956	2.7627	2.80117	0	0	0	0	0	0	0	0
8086	65	77.4991	77.0749	2.55538	2.55757	0	0	0	0	0	0	0	0
8086	66	85.5546	81.9276	2.46658	2.55378	0	0	0	0	0	0	0	0
8086	67	76.0435	77.6909	2.55958	2.57352	0	0	0	0	0	0	0	0
8086	68	81.9482	80.2828	2.49793	2.52891	0	0	0	0	0	0	0	0
8086	69	80.2514	80.4152	2.5724	2.59126	0	0	0	0	0	0	0	0
8086	70	80.3789	77.7947	2.50188	2.52232	0	0	0	0	0	0	0	0
8086	71	78.0163	78.3124	3.89413	3.91852	0	0	0	0	0	0	0	0
8086	72	84.463	79.9012	2.49049	2.58324	0	0	0	0	0	0	0	0
8086	73	80.3993	83.8414	2.57985	2.58893	0	0	0	0	0	0	0	0
8086	74	79.3877	76.3266	2.62614	2.64359	0	0	0	0	0	0	0	0
8086	75	79.9924	79.489	2.78136	2.81645	0	0	0	0	0	0	0	0
8086	76	76.9923	80.1575	2.73606	2.75326	0	0	0	0	0	0	0	0
8086	77	79.9897	83.837	3.81083	3.75614	0	0	0	0	0	0	0	0
8086	78	79.2321	79.8735	2.82699	2.83791	0	0	0	0	0	0	0	0
8086	79	76.8288	78.2304	2.86917	2.90218	0	0	0	0	0	0	0	0
8086	80	61.6312	62.3719	4.15397	4.1397	0	0	0	0	0	0	0	0
8086	81	63.54	65.3326	3.54671	3.54087	0	0	0	0	0	0	0	0
8086	82	66.4061	66.1856	3.59496	3.64481	0	0	0	0	0	0	0	0
8086	83	67.4555	65.6239	2.84902	2.92468	0	0	0	0	0	0	0	0
8086	84	63.8868	68.1256	3.32573	3.27099	0	0	0	0	0	0	0	0
8086	85	65.0114	68.2693	2.87641	2.87212	0	0	0	0	0	0	0	0
8086	86	61.5798	66.8884	2.59804	2.61322	0	0	0	0	0	0	0	0
8086	87	62.1125	62.1496	2.61011	2.60111	0	0	0	0	0	0	0	0
8086	88	72.0785	69.5771	2.65766	2.66316	0	0	0	0	0	0	0	0
8086	89	64.7333	64.546	2.79899	2.81926	0	0	0	0	0	0	0	0
8086	90	63.9356	64.7094	2.84164	2.91514	0	0	0	0	0	0	0	0
8086	91	62.8837	68.2367	3.0362	3.052	0	0	0	0	0	0	0	0
8086	92	66.3045	65.4488	3.00846	3.06489	0	0	0	0	0	0	0	0
8086	93	64.9148	65.3587	3.31892	3.34112	0	0	0	0	0	0	0	0
8086	94	63.179	67.2517	3.51456	3.56787	0	0	0	0	0	0	0	0
8086	95	67.2096	65.8323	3.49912	3.5901	0	0	0	0	0	0	0	0
8086	96	63.043	60.6851	2.08647	2.08672	0	0	0	0	0	0	0	0
8086	97	71.8586	65.7465	2.06761	2.09573	0	0	0	0	0	0	0	0
8086	98	73.7709	69.9086	2.0505	2.07104	0	0	0	0	0	0	0	0
8086	99	73.5641	69.8757	2.09644	2.12137	0	0	0	0	0	0	0	0
8086	100	68.1194	71.3124	2.13087	2.11725	0	0	0	0	0	0	0	0
8086	101	66.2013	65.2159	2.34695	2.32805	0	0	0	0	0	0	0	0
8086	102	72.8987	69.5704	2.05916	2.07323	0	0	0	0	0	0	0	0
8086	103	71.4231	70.2778	2.05715	2.04725	0	0	0	0	0	0	0	0
8086	104	69.0352	64.8866	2.06028	2.08051	0	0	0	0	0	0	0	0
8086	105	67.7968	72.5453	2.0787	2.07945	0	0	0	0	0	0	0	0
8086	106	66.2608	69.3396	2.12088	2.10168	0	0	0	0	0	0	0	0
8086	107	61.0945	64.8096	2.13137	2.14139	0	0	0	0	0	0	0	0
8086	108	67.8327	67.2214	2.10124	2.11315	0	0	0	0	0	0	0	0
8086	109	68.5973	66.8567	2.11393	2.14647	0	0	0	0	0	0	0	0
8086	110	65.1584	68.7551	2.17276	2.16152	0	0	0	0	0	0	0	0
8086	111	67.4913	63.3104	2.16582	2.15513	0	0	0	0	0	0	0	0
8086	112	70.8256	71.8652	2.91619	2.87536	0	0	0	0	0	0	0	0
8086	113	73.6747	72.983	2.83481	2.83745	0	0	0	0	0	0	0	0
8086	114	75.1163	77.1726	2.93148	2.90515	0	0	0	0	0	0	0	0
8086	115	71.6412	67.7669	2.87314	2.84726	0	0	0	0	0	0	0	0
8086	116	73.7297	74.1667	2.91228	2.90229	0	0	0	0	0	0	0	0
8086	117	74.4743	75.2422	2.8657	2.84387	0	0	0	0	0	0	0	0
8086	118	77.4779	79.6859	2.86126	2.82518	0	0	0	0	0	0	0	0
8086	119	72.5057	75.105	2.91503	2.90592	0	0	0	0	0	0	0	0
8086	120	71.2384	72.2415	2.97115	2.94043	0	0	0	0	0	0	0	0
8086	121	73.3695	67.9783	2.95779	2.97055	0	0	0	0	0	0	0	0
8086	122	67.96	72.6222	3.02114	3.01201	0	0	0	0	0	0	0	0
8086	123	79.2951	77.246	2.98449	3.00794	0	0	0	0	0	0	0	0
8086	124	70.3735	68.9009	3.03444	3.04663	0	0	0	0	0	0	0	0
8086	125	73.4235	75.7923	3.00213	3.00177	0	0	0	0	0	0	0	0
8086	126	70.6824	72.6561	3.0109	3.00572	0	0	0	0	0	0	0	0
8086	127	68.0288	72.2474	3.13355	3.12226	0	0	0	0	0	0	0	0
8085	0	72.5314	71.2954	2.28254	2.28996	0	0	0	0	0	0	0	0
8085	1	70.9944	72.9481	2.15912	2.1801	0	0	0	0	0	0	0	0
8085	2	79.9477	74.2866	3.11048	3.10255	0	0	0	0	0	0	0	0
8085	3	73.1742	75.4295	2.23355	2.2452	0	0	0	0	0	0	0	0
8085	4	70.2618	73.6154	2.12005	2.12924	0	0	0	0	0	0	0	0
8085	5	77.2589	71.6576	2.28433	2.27419	0	0	0	0	0	0	0	0
8085	6	73.5153	74.294	2.24276	2.25711	0	0	0	0	0	0	0	0
8085	7	77.1063	76.9412	2.19022	2.19349	0	0	0	0	0	0	0	0
8085	8	72.7241	75.858	2.19929	2.17726	0	0	0	0	0	0	0	0
8085	9	69.0862	72.3552	2.39692	2.3741	0	0	0	0	0	0	0	0
8085	10	68.4351	72.7306	2.20643	2.21789	0	0	0	0	0	0	0	0
8085	11	75.8892	76.8029	2.31448	2.31284	0	0	0	0	0	0	0	0
8085	12	74.8356	76.9238	2.26615	2.26531	0	0	0	0	0	0	0	0
8085	13	68.7751	66.358	2.18845	2.18624	0	0	0	0	0	0	0	0
8085	14	80.485	76.5721	2.10687	2.11248	0	0	0	0	0	0	0	0
8085	15	75.9651	69.8953	2.12636	2.15994	0	0	0	0	0	0	0	0
8085	16	81.0585	77.6675	2.53906	2.51034	0	0	0	0	0	0	0	0
8085	17	69.0942	63.596	2.49506	2.49354	0	0	0	0	0	0	0	0
8085	18	71.134	66.7908	2.34338	2.34275	0	0	0	0	0	0	0	0
8085	19	69.3679	69.7117	2.6002	2.56285	0	0	0	0	0	0	0	0
8085	20	72.4176	72.2888	2.53689	2.55998	0	0	0	0	0	0	0	0
8085	21	63.5952	79.5924	2.98026	3.02381	0	0	0	0	0	0	0	0
8085	22	75.5008	66.8662	2.37525	2.39773	0	0	0	0	0	0	0	0
8085	23	71.6382	73.7455	2.49795	2.47923	0	0	0	0	0	0	0	0
8085	24	66.3878	76.5528	2.83847	2.84538	0	0	0	0	0	0	0	0
8085	25	69.178	72.064	3.02072	3.02702	0	0	0	0	0	0	0	0
8085	26	66.368	67.9598	2.32019	2.29309	0	0	0	0	0	0	0	0
8085	27	69.0513	63.2285	2.44348	2.4769	0	0	0	0	0	0	0	0
8085	28	67.3011	65.5121	2.38167	2.38385	0	0	0	0	0	0	0	0
8085	29	69.6188	67.4891	4.15003	4.2336	0	0	0	0	0	0	0	0
8085	30	72.6753	67.5347	2.20827	2.25405	0	0	0	0	0	0	0	0
8085	31	65.0147	66.9327	2.38135	2.37655	0	0	0	0	0	0	0	0
8085	32	79.08	81.2713	2.55074	2.5449	0	0	0	0	0	0	0	0
8085	33	78.5278	75.6876	2.61545	2.63404	0	0	0	0	0	0	0	0
8085	34	73.5374	75.4488	2.61135	2.59964	0	0	0	0	0	0	0	0
8085	35	72.6675	72.4441	2.71729	2.71591	0	0	0	0	0	0	0	0
8085	36	73.8636	75.0545	2.88051	2.89707	0	0	0	0	0	0	0	0
8085	37	76.3323	76.042	2.37484	2.3648	0	0	0	0	0	0	0	0
8085	38	72.0381	75.8869	2.52825	2.49924	0	0	0	0	0	0	0	0
8085	39	72.1922	74.0237	2.37678	2.38559	0	0	0	0	0	0	0	0
8085	40	73.3925	71.9911	2.49793	2.49158	0	0	0	0	0	0	0	0
8085	41	71.4239	78.4024	2.53598	2.49985	0	0	0	0	0	0	0	0
8085	42	69.6343	69.5709	2.42583	2.44295	0	0	0	0	0	0	0	0
8085	43	73.7157	76.8651	2.59554	2.57885	0	0	0	0	0	0	0	0
8085	44	79.6125	75.6488	2.67151	2.72007	0	0	0	0	0	0	0	0
8085	45	75.6854	75.1776	2.41947	2.43795	0	0	0	0	0	0	0	0
8085	46	73.7583	70.9227	2.60534	2.63841	0	0	0	0	0	0	0	0
8085	47	79.0893	73.0749	2.34017	2.38473	0	0	0	0	0	0	0	0
8085	48	82.3543	77.025	3.24511	3.29987	0	0	0	0	0	0	0	0
8085	49	80.1287	79.2334	2.99942	3.04865	0	0	0	0	0	0	0	0
8085	50	86.3754	87.0789	2.50244	2.50258	0	0	0	0	0	0	0	0
8085	51	76.2952	83.9336	2.86593	2.83329	0	0	0	0	0	0	0	0
8085	52	83.7896	86.079	2.55572	2.52937	0	0	0	0	0	0	0	0
8085	53	82.4943	83.3524	2.75022	2.73621	0	0	0	0	0	0	0	0
8085	54	81.0658	77.1348	2.43345	2.442	0	0	0	0	0	0	0	0
8085	55	76.8455	81.4818	2.6936	2.68297	0	0	0	0	0	0	0	0
8085	56	82.8701	87.4015	5.92078	5.95112	0	0	0	0	0	0	0	0
8085	57	82.558	77.9654	3.23301	3.26952	0	0	0	0	0	0	0	0
8085	58	73.7962	78.1099	2.65197	2.66188	0	0	0	0	0	0	0	0
8085	59	80.7599	81.3817	3.03518	3.01749	0	0	0	0	0	0	0	0
8085	60	79.0895	81.0393	2.89349	2.85692	0	0	0	0	0	0	0	0
8085	61	82.232	84.1861	2.8499	2.82326	0	0	0	0	0	0	0	0
8085	62	77.8257	85.8613	2.67799	2.61942	0	0	0	0	0	0	0	0
8085	63	74.4798	79.3229	2.91998	2.90071	0	0	0	0	0	0	0	0
8085	64	70.5519	78.0482	2.473	2.45245	0	0	0	0	0	0	0	0
8085	65	79.9396	78.6165	2.30393	2.30058	0	0	0	0	0	0	0	0
8085	66	77.7366	79.3782	2.18417	2.18104	0	0	0	0	0	0	0	0
8085	67	74.8976	74.9054	5.12949	5.12053	0	0	0	0	0	0	0	0
8085	68	78.6454	74.6003	2.33096	2.35531	0	0	0	0	0	0	0	0
8085	69	76.5614	78.7529	3.5269	3.52867	0	0	0	0	0	0	0	0
8085	70	73.1814	74.2693	2.19535	2.22538	0	0	0	0	0	0	0	0
8085	71	71.9756	70.3515	2.36084	2.37413	0	0	0	0	0	0	0	0
8085	72	69.4901	74.6634	2.54264	2.56719	0	0	0	0	0	0	0	0
8085	73	76.6418	77.0171	2.34063	2.3548	0	0	0	0	0	0	0	0
8085	74	75.1547	76.0534	2.31701	2.33171	0	0	0	0	0	0	0	0
8085	75	75.4063	74.4527	2.44099	2.48461	0	0	0	0	0	0	0	0
8085	76	72.2108	72.128	2.49609	2.49362	0	0	0	0	0	0	0	0
8085	77	72.6247	78.942	2.38882	2.37601	0	0	0	0	0	0	0	0
8085	78	74.9592	74.8792	2.2647	2.29965	0	0	0	0	0	0	0	0
8085	79	72.5308	74.0553	2.37589	2.36459	0	0	0	0	0	0	0	0
8085	80	80.2154	73.6576	4.31252	4.27708	0	0	0	0	0	0	0	0
8085	81	70.9405	66.7062	3.65114	3.64159	0	0	0	0	0	0	0	0
8085	82	79.2643	73.8757	4.91561	4.96266	0	0	0	0	0	0	0	0
8085	83	76.6093	72.3486	3.60475	3.70499	0	0	0	0	0	0	0	0
8085	84	74.9017	77.8937	2.94349	2.95016	0	0	0	0	0	0	0	0
8085	85	71.6929	70.0067	2.7319	2.75534	0	0	0	0	0	0	0	0
8085	86	77.921	75.4626	3.20987	3.21858	0	0	0	0	0	0	0	0
8085	87	72.3403	78.6991	2.79534	2.77983	0	0	0	0	0	0	0	0
8085	88	75.8092	78.6736	3.1271	3.13512	0	0	0	0	0	0	0	0
8085	89	71.8007	69.2331	2.6066	2.61768	0	0	0	0	0	0	0	0
8085	90	69.4449	70.8128	3.74051	3.77583	0	0	0	0	0	0	0	0
8085	91	71.266	75.3661	2.76484	2.73811	0	0	0	0	0	0	0	0
8085	92	72.3919	78.4342	2.86739	2.89334	0	0	0	0	0	0	0	0
8085	93	74.5773	76.9161	3.08868	3.07709	0	0	0	0	0	0	0	0
8085	94	74.6353	72.5113	2.75832	2.74828	0	0	0	0	0	0	0	0
8085	95	79.3453	74.7345	3.71106	3.71027	0	0	0	0	0	0	0	0
8085	96	61.2449	62.065	2.33915	2.35919	0	0	0	0	0	0	0	0
8085	97	60.8713	62.2795	2.18686	2.2053	0	0	0	0	0	0	0	0
8085	98	65.9361	65.0309	2.15615	2.16327	0	0	0	0	0	0	0	0
8085	99	62.4128	65.6368	2.12861	2.12075	0	0	0	0	0	0	0	0
8085	100	59.281	58.7093	2.16004	2.19224	0	0	0	0	0	0	0	0
8085	101	60.437	63.0427	2.17717	2.18626	0	0	0	0	0	0	0	0
8085	102	62.5361	64.3364	2.13124	2.13168	0	0	0	0	0	0	0	0
8085	103	64.564	61.9607	2.09234	2.12266	0	0	0	0	0	0	0	0
8085	104	63.3313	65.2916	2.16439	2.17004	0	0	0	0	0	0	0	0
8085	105	59.8974	61.1081	2.20945	2.22265	0	0	0	0	0	0	0	0
8085	106	52.4332	60.7165	2.18505	2.18695	0	0	0	0	0	0	0	0
8085	107	64.9846	60.0216	2.17221	2.21552	0	0	0	0	0	0	0	0
8085	108	60.8102	60.9401	2.13937	2.15386	0	0	0	0	0	0	0	0
8085	109	62.9553	65.3239	2.29006	2.29248	0	0	0	0	0	0	0	0
8085	110	65.3855	61.6761	2.1321	2.19088	0	0	0	0	0	0	0	0
8085	111	57.5756	58.2568	2.22185	2.25092	0	0	0	0	0	0	0	0
8085	112	52.4675	60.9314	2.29991	2.24835	0	0	0	0	0	0	0	0
8085	113	63.456	59.5173	2.20796	2.2017	0	0	0	0	0	0	0	0
8085	114	63.073	56.5032	2.24628	2.29186	0	0	0	0	0	0	0	0
8085	115	59.9342	54.6831	2.3165	2.35773	0	0	0	0	0	0	0	0
8085	116	62.3948	67.0847	2.23579	2.21017	0	0	0	0	0	0	0	0
8085	117	60.7945	58.6919	2.43156	2.45302	0	0	0	0	0	0	0	0
8085	118	56.5659	57.342	2.20344	2.20849	0	0	0	0	0	0	0	0
8085	119	59.4048	59.6202	2.23945	2.23831	0	0	0	0	0	0	0	0
8085	120	57.8906	61.1516	2.26425	2.23532	0	0	0	0	0	0	0	0
8085	121	57.7159	58.4433	2.35073	2.36143	0	0	0	0	0	0	0	0
8085	122	63.7576	62.7155	2.35441	2.36843	0	0	0	0	0	0	0	0
8085	123	55.1907	56.8073	2.21338	2.21038	0	0	0	0	0	0	0	0
8085	124	55.2794	54.0262	2.26639	2.28075	0	0	0	0	0	0	0	0
8085	125	55.1824	57.7578	2.26406	2.25592	0	0	0	0	0	0	0	0
8085	126	52.442	54.831	2.42066	2.41496	0	0	0	0	0	0	0	0
8085	127	59.2081	59.7973	2.27076	2.26066	0	0	0	0	0	0	0	0
8055	0	86.0335	82.5054	2.34169	2.40556	0	0	0	0	0	0	0	0
8055	1	81.6421	78.6953	2.52652	2.53275	0	0	0	0	0	0	0	0
8055	2	85.9934	85.8099	2.32221	2.35191	0	0	0	0	0	0	0	0
8055	3	85.0816	85.1883	2.46215	2.47036	0	0	0	0	0	0	0	0
8055	4	85.8025	86.4486	2.70178	2.69907	0	0	0	0	0	0	0	0
8055	5	84.5973	78.7723	2.4118	2.48535	0	0	0	0	0	0	0	0
8055	6	86.0714	87.4634	2.22385	2.23765	0	0	0	0	0	0	0	0
8055	7	86.4973	89.5913	2.37317	2.45665	0	0	0	0	0	0	0	0
8055	8	82.9388	94.3918	2.48083	2.53443	0	0	0	0	0	0	0	0
8055	9	86.0732	79.1014	2.67562	2.76053	0	0	0	0	0	0	0	0
8055	10	86.2316	87.5504	2.63871	2.65491	0	0	0	0	0	0	0	0
8055	11	80.2494	80.2746	2.6312	2.66283	0	0	0	0	0	0	0	0
8055	12	83.3984	83.4067	2.42024	2.43301	0	0	0	0	0	0	0	0
8055	13	82.6009	84.1768	2.42598	2.40016	0	0	0	0	0	0	0	0
8055	14	84.4903	84.6843	2.31499	2.31238	0	0	0	0	0	0	0	0
8055	15	81.41	81.0558	2.3508	2.36985	0	0	0	0	0	0	0	0
8055	16	69.9254	71.6188	2.61456	2.63334	0	0	0	0	0	0	0	0
8055	17	66.4606	65.5963	2.83317	2.84413	0	0	0	0	0	0	0	0
8055	18	66.8103	69.212	2.74338	2.77483	0	0	0	0	0	0	0	0
8055	19	73.4587	71.0834	2.82323	2.81989	0	0	0	0	0	0	0	0
8055	20	76.2238	73.255	2.67937	2.65996	0	0	0	0	0	0	0	0
8055	21	73.1141	72.9564	2.77992	2.79725	0	0	0	0	0	0	0	0
8055	22	69.6741	74.7005	2.74212	2.74321	0	0	0	0	0	0	0	0
8055	23	73.4463	73.5089	2.69068	2.70325	0	0	0	0	0	0	0	0
8055	24	73.4552	69.9474	2.63895	2.66616	0	0	0	0	0	0	0	0
8055	25	62.4078	73.0075	2.68334	2.6937	0	0	0	0	0	0	0	0
8055	26	74.2017	69.355	2.65662	2.68237	0	0	0	0	0	0	0	0
8055	27	64.9611	69.9913	2.71203	2.73444	0	0	0	0	0	0	0	0
8055	28	74.2921	65.9284	2.68838	2.72714	0	0	0	0	0	0	0	0
8055	29	66.2409	69.347	2.84267	2.86284	0	0	0	0	0	0	0	0
8055	30	74.9466	68.3629	2.62811	2.69392	0	0	0	0	0	0	0	0
8055	31	68.7143	65.5549	2.73568	2.75923	0	0	0	0	0	0	0	0
8055	32	67.4982	72.2476	2.85092	2.83165	0	0	0	0	0	0	0	0
8055	33	69.79	71.7963	2.57862	2.57876	0	0	0	0	0	0	0	0
8055	34	75.1353	74.0368	2.69643	2.65007	0	0	0	0	0	0	0	0
8055	35	76.1346	70.987	2.8086	2.86682	0	0	0	0	0	0	0	0
8055	36	76.7453	78.9801	2.70159	2.70849	0	0	0	0	0	0	0	0
8055	37	77.765	81.3028	2.50815	2.5516	0	0	0	0	0	0	0	0
8055	38	72.1993	72.8321	2.68759	2.66217	0	0	0	0	0	0	0	0
8055	39	73.3083	70.9765	2.56551	2.59344	0	0	0	0	0	0	0	0
8055	40	69.429	75.8326	2.6838	2.61715	0	0	0	0	0	0	0	0
8055	41	73.8626	70.0055	2.5687	2.61292	0	0	0	0	0	0	0	0
8055	42	69.1774	69.3575	2.68291	2.69591	0	0	0	0	0	0	0	0
8055	43	74.5164	70.9495	2.5553	2.61615	0	0	0	0	0	0	0	0
8055	44	73.2436	71.1088	2.63964	2.63206	0	0	0	0	0	0	0	0
8055	45	79.6458	76.6806	2.59211	2.59133	0	0	0	0	0	0	0	0
8055	46	71.4725	73.8023	2.7061	2.67695	0	0	0	0	0	0	0	0
8055	47	72.6008	71.7407	2.56007	2.58284	0	0	0	0	0	0	0	0
8055	48	81.801	79.2352	2.54815	2.54821	0	0	0	0	0	0	0	0
8055	49	77.776	76.9499	2.55221	2.54141	0	0	0	0	0	0	0	0
8055	50	72.8719	79.1837	2.59906	2.54309	0	0	0	0	0	0	0	0
8055	51	72.8153	71.3293	2.59249	2.61196	0	0	0	0	0	0	0	0
8055	52	76.792	72.3973	2.61255	2.63337	0	0	0	0	0	0	0	0
8055	53	73.9152	74.8514	2.52226	2.52872	0	0	0	0	0	0	0	0
8055	54	79.8295	78.1009	2.6322	2.62348	0	0	0	0	0	0	0	0
8055	55	78.2719	74.2815	2.58566	2.6063	0	0	0	0	0	0	0	0
8055	56	75.7067	72.7552	2.57187	2.62462	0	0	0	0	0	0	0	0
8055	57	78.8624	72.1221	2.77478	2.82938	0	0	0	0	0	0	0	0
8055	58	75.819	76.3513	2.60625	2.5737	0	0	0	0	0	0	0	0
8055	59	73.1418	74.6055	2.7561	2.77032	0	0	0	0	0	0	0	0
8055	60	71.7241	72.0363	2.64745	2.66435	0	0	0	0	0	0	0	0
8055	61	74.3451	71.2182	3.14742	3.12092	0	0	0	0	0	0	0	0
8055	62	69.7204	73.1618	2.90681	2.89458	0	0	0	0	0	0	0	0
8055	63	68.3597	77.1802	3.04875	3.02259	0	0	0	0	0	0	0	0
8055	64	75.7017	75.4295	2.24216	2.25887	0	0	0	0	0	0	0	0
8055	65	74.4473	78.6454	2.34047	2.33509	0	0	0	0	0	0	0	0
8055	66	69.2768	71.3889	2.37128	2.41595	0	0	0	0	0	0	0	0
8055	67	72.4248	77.1428	2.49071	2.42679	0	0	0	0	0	0	0	0
8055	68	76.1038	78.0399	2.28164	2.28363	0	0	0	0	0	0	0	0
8055	69	87.0277	77.1099	2.47924	2.48183	0	0	0	0	0	0	0	0
8055	70	76.4911	73.4525	2.2626	2.2876	0	0	0	0	0	0	0	0
8055	71	76.6896	74.2624	2.23116	2.27264	0	0	0	0	0	0	0	0
8055	72	78.083	73.6733	2.50492	2.57543	0	0	0	0	0	0	0	0
8055	73	74.182	75.335	2.42035	2.43807	0	0	0	0	0	0	0	0
8055	74	72.7587	74.9346	2.35867	2.39657	0	0	0	0	0	0	0	0
8055	75	73.1162	78.4917	2.46312	2.46295	0	0	0	0	0	0	0	0
8055	76	74.7173	77.1404	2.41895	2.42828	0	0	0	0	0	0	0	0
8055	77	77.6861	77.7909	2.29688	2.35765	0	0	0	0	0	0	0	0
8055	78	75.4139	82.9431	2.48672	2.45961	0	0	0	0	0	0	0	0
8055	79	75.3631	75.0217	2.46797	2.46282	0	0	0	0	0	0	0	0
8055	80	77.4496	71.684	4.20423	4.17505	0	0	0	0	0	0	0	0
8055	81	77.973	76.2882	3.91068	3.90437	0	0	0	0	0	0	0	0
8055	82	77.9421	73.3549	3.60605	3.60782	0	0	0	0	0	0	0	0
8055	83	76.4646	77.9313	3.45264	3.41587	0	0	0	0	0	0	0	0
8055	84	78.7469	80.473	3.22229	3.18578	0	0	0	0	0	0	0	0
8055	85	75.1537	81.9957	3.30824	3.21909	0	0	0	0	0	0	0	0
8055	86	77.574	83.7872	2.97276	2.89562	0	0	0	0	0	0	0	0
8055	87	77.9735	74.5596	2.91853	2.91977	0	0	0	0	0	0	0	0
8055	88	80.6233	78.1139	2.78132	2.80176	0	0	0	0	0	0	0	0
8055	89	80.0326	76.5533	2.87219	2.89229	0	0	0	0	0	0	0	0
8055	90	77.6803	79.1521	2.78856	2.78326	0	0	0	0	0	0	0	0
8055	91	77.4348	79.5181	2.94632	2.92857	0	0	0	0	0	0	0	0
8055	92	75.1071	71.9282	2.99375	2.95336	0	0	0	0	0	0	0	0
8055	93	72.0881	75.5879	3.09323	3.12047	0	0	0	0	0	0	0	0
8055	94	81.2537	80.6883	2.97002	2.96647	0	0	0	0	0	0	0	0
8055	95	78.9269	76.8438	3.09263	3.0984	0	0	0	0	0	0	0	0
8055	96	67.497	66.0714	2.19779	2.21776	0	0	0	0	0	0	0	0
8055	97	65.349	65.2666	2.20211	2.212	0	0	0	0	0	0	0	0
8055	98	66.1769	70.1908	2.23263	2.16958	0	0	0	0	0	0	0	0
8055	99	64.9416	65.8334	2.2635	2.24761	0	0	0	0	0	0	0	0
8055	100	72.0589	72.7711	2.28883	2.28215	0	0	0	0	0	0	0	0
8055	101	67.3375	66.683	2.28136	2.27227	0	0	0	0	0	0	0	0
8055	102	72.3381	67.944	2.21227	2.22076	0	0	0	0	0	0	0	0
8055	103	66.29	66.1878	2.23369	2.23802	0	0	0	0	0	0	0	0
8055	104	69.7377	66.3011	2.27162	2.3198	0	0	0	0	0	0	0	0
8055	105	64.0734	61.958	2.38429	2.38837	0	0	0	0	0	0	0	0
8055	106	64.7034	66.6347	2.23762	2.22215	0	0	0	0	0	0	0	0
8055	107	67.1439	65.4735	2.25264	2.26202	0	0	0	0	0	0	0	0
8055	108	64.5101	68.5277	2.26893	2.24348	0	0	0	0	0	0	0	0
8055	109	62.2957	63.6289	2.31353	2.29613	0	0	0	0	0	0	0	0
8055	110	69.7772	70.3415	2.23207	2.20671	0	0	0	0	0	0	0	0
8055	111	71.8477	70.3212	2.22285	2.21727	0	0	0	0	0	0	0	0
8055	112	78.2333	76.6635	2.58942	2.61072	0	0	0	0	0	0	0	0
8055	113	76.2673	79.7891	2.51523	2.48531	0	0	0	0	0	0	0	0
8055	114	70.8256	74.6122	2.57138	2.56829	0	0	0	0	0	0	0	0
8055	115	79.4008	79.0071	2.45309	2.47953	0	0	0	0	0	0	0	0
8055	116	75.7081	77.5088	2.462	2.45692	0	0	0	0	0	0	0	0
8055	117	75.6944	79.8489	2.46935	2.47142	0	0	0	0	0	0	0	0
8055	118	83.3696	77.908	2.43009	2.48275	0	0	0	0	0	0	0	0
8055	119	74.7273	76.126	2.46856	2.452	0	0	0	0	0	0	0	0
8055	120	74.3928	77.5789	2.50094	2.4796	0	0	0	0	0	0	0	0
8055	121	76.5001	79.4883	2.5329	2.52779	0	0	0	0	0	0	0	0
8055	122	77.8405	79.4907	2.43956	2.44488	0	0	0	0	0	0	0	0
8055	123	77.3204	76.329	2.50144	2.51712	0	0	0	0	0	0	0	0
8055	124	77.6576	78.816	2.47871	2.46763	0	0	0	0	0	0	0	0
8055	125	76.6169	78.7348	2.50565	2.52036	0	0	0	0	0	0	0	0
8055	126	80.2218	76.6261	2.44828	2.47549	0	0	0	0	0	0	0	0
8055	127	74.9291	75.0757	2.54982	2.57745	0	0	0	0	0	0	0	0
8040	0	63.9435	66.2887	3.55179	3.51248	0	0	0	0	0	0	0	0
8040	1	66.544	62.7097	3.3193	3.35224	0	0	0	0	0	0	0	0
8040	2	61.3755	60.5588	2.93312	2.91927	0	0	0	0	0	0	0	0
8040	3	61.8685	67.7327	2.53598	2.49285	0	0	0	0	0	0	0	0
8040	4	55.5543	59.9773	2.68547	2.72223	0	0	0	0	0	0	0	0
8040	5	68.437	63.5088	2.66421	2.71892	0	0	0	0	0	0	0	0
8040	6	68.2131	67.708	2.44492	2.45853	0	0	0	0	0	0	0	0
8040	7	57.2445	59.9605	2.49699	2.51576	0	0	0	0	0	0	0	0
8040	8	69.8273	70.3034	2.66382	2.69467	0	0	0	0	0	0	0	0
8040	9	66.0324	61.2423	2.72441	2.74005	0	0	0	0	0	0	0	0
8040	10	63.6828	63.2674	2.8253	2.83914	0	0	0	0	0	0	0	0
8040	11	66.0136	66.8907	2.52749	2.5338	0	0	0	0	0	0	0	0
8040	12	65.6086	62.6359	2.71806	2.734	0	0	0	0	0	0	0	0
8040	13	63.8012	65.5529	3.04691	3.04315	0	0	0	0	0	0	0	0
8040	14	61.115	61.1161	2.9287	2.95684	0	0	0	0	0	0	0	0
8040	15	65.2056	65.5086	2.71185	2.72754	0	0	0	0	0	0	0	0
8040	16	71.7497	72.9614	2.79404	2.79398	0	0	0	0	0	0	0	0
8040	17	72.7167	72.0893	2.99747	3.03582	0	0	0	0	0	0	0	0
8040	18	71.9989	72.3081	2.88928	2.88393	0	0	0	0	0	0	0	0
8040	19	74.9016	72.4856	3.34743	3.38094	0	0	0	0	0	0	0	0
8040	20	72.8731	78.1734	3.06197	3.05357	0	0	0	0	0	0	0	0
8040	21	73.927	66.7857	2.96261	3.05721	0	0	0	0	0	0	0	0
8040	22	73.3543	72.9812	2.90114	2.90141	0	0	0	0	0	0	0	0
8040	23	68.2215	69.9508	3.03088	3.03798	0	0	0	0	0	0	0	0
8040	24	75.3693	70.3065	2.96189	3.00944	0	0	0	0	0	0	0	0
8040	25	73.7693	75.4499	2.81773	2.83096	0	0	0	0	0	0	0	0
8040	26	75.2454	70.0269	2.88642	2.89303	0	0	0	0	0	0	0	0
8040	27	66.5037	73.3169	3.08938	3.03613	0	0	0	0	0	0	0	0
8040	28	68.4874	68.74	2.97962	2.9574	0	0	0	0	0	0	0	0
8040	29	67.5991	67.4989	2.88342	2.88923	0	0	0	0	0	0	0	0
8040	30	66.7203	68.9959	2.88933	2.89844	0	0	0	0	0	0	0	0
8040	31	69.8782	66.5583	2.79132	2.80897	0	0	0	0	0	0	0	0
8040	32	58.8244	59.5752	2.9304	2.92117	0	0	0	0	0	0	0	0
8040	33	67.9046	61.7654	2.65506	2.71844	0	0	0	0	0	0	0	0
8040	34	62.8035	59.4392	3.06171	3.07742	0	0	0	0	0	0	0	0
8040	35	70.7976	61.2219	2.6167	2.65724	0	0	0	0	0	0	0	0
8040	36	62.3152	71.8188	2.97538	2.96911	0	0	0	0	0	0	0	0
8040	37	64.3764	66.388	2.56825	2.56004	0	0	0	0	0	0	0	0
8040	38	64.5742	68.9103	2.65144	2.67163	0	0	0	0	0	0	0	0
8040	39	68.2367	60.1872	2.57339	2.62049	0	0	0	0	0	0	0	0
8040	40	62.0996	61.5784	2.78164	2.77864	0	0	0	0	0	0	0	0
8040	41	63.8596	59.6006	2.57051	2.59051	0	0	0	0	0	0	0	0
8040	42	65.9245	67.2015	2.88317	2.89042	0	0	0	0	0	0	0	0
8040	43	63.5366	64.5537	2.58335	2.58078	0	0	0	0	0	0	0	0
8040	44	61.0093	69.0564	2.97237	2.95395	0	0	0	0	0	0	0	0
8040	45	62.0427	63.4626	2.69287	2.66363	0	0	0	0	0	0	0	0
8040	46	66.8252	61.745	2.8044	2.84979	0	0	0	0	0	0	0	0
8040	47	59.1935	66.0546	2.58068	2.56465	0	0	0	0	0	0	0	0
8040	48	64.0224	64.5969	2.44182	2.44392	0	0	0	0	0	0	0	0
8040	49	62.0206	58.885	2.26387	2.28013	0	0	0	0	0	0	0	0
8040	50	62.5461	59.5227	2.32317	2.30545	0	0	0	0	0	0	0	0
8040	51	66.5396	72.6322	2.23909	2.25168	0	0	0	0	0	0	0	0
8040	52	64.7439	69.1603	2.15572	2.1938	0	0	0	0	0	0	0	0
8040	53	68.7718	59.8336	2.30713	2.37695	0	0	0	0	0	0	0	0
8040	54	58.0616	64.6006	2.32639	2.24849	0	0	0	0	0	0	0	0
8040	55	61.0909	57.3833	2.39105	2.39156	0	0	0	0	0	0	0	0
8040	56	70.9403	67.5416	2.18489	2.16903	0	0	0	0	0	0	0	0
8040	57	64.046	64.1441	2.32552	2.31506	0	0	0	0	0	0	0	0
8040	58	65.3456	65.0132	2.25365	2.26886	0	0	0	0	0	0	0	0
8040	59	66.9954	60.1638	2.43698	2.50155	0	0	0	0	0	0	0	0
8040	60	58.1893	56.3574	2.38037	2.36527	0	0	0	0	0	0	0	0
8040	61	59.5805	66.0876	2.627	2.59077	0	0	0	0	0	0	0	0
8040	62	60.523	67.9823	2.44098	2.37977	0	0	0	0	0	0	0	0
8040	63	61.6022	62.6687	2.74328	2.71999	0	0	0	0	0	0	0	0
8040	64	77.1764	76.5013	2.17787	2.20133	0	0	0	0	0	0	0	0
8040	65	77.5953	75.7545	2.11122	2.15929	0	0	0	0	0	0	0	0
8040	66	75.6683	79.7772	2.31619	2.28564	0	0	0	0	0	0	0	0
8040	67	77.952	73.7289	2.35597	2.39347	0	0	0	0	0	0	0	0
8040	68	77.9023	79.0299	2.26788	2.24203	0	0	0	0	0	0	0	0
8040	69	70.1089	77.5543	2.21579	2.22152	0	0	0	0	0	0	0	0
8040	70	77.6601	77.0091	2.47062	2.52219	0	0	0	0	0	0	0	0
8040	71	72.6894	78.729	2.1685	2.15239	0	0	0	0	0	0	0	0
8040	72	76.2954	71.84	2.05856	2.11219	0	0	0	0	0	0	0	0
8040	73	72.1544	72.6903	2.38764	2.41146	0	0	0	0	0	0	0	0
8040	74	75.3474	76.7481	2.3167	2.32596	0	0	0	0	0	0	0	0
8040	75	67.6249	69.6142	2.46217	2.48338	0	0	0	0	0	0	0	0
8040	76	79.8281	74.9348	2.32426	2.35721	0	0	0	0	0	0	0	0
8040	77	75.2246	74.4837	2.26579	2.32056	0	0	0	0	0	0	0	0
8040	78	73.4687	77.5865	2.28571	2.27047	0	0	0	0	0	0	0	0
8040	79	72.5403	71.844	2.49327	2.4979	0	0	0	0	0	0	0	0
8040	80	63.2731	66.6684	4.23219	4.19984	0	0	0	0	0	0	0	0
8040	81	64.8748	66.3135	3.40078	3.36558	0	0	0	0	0	0	0	0
8040	82	63.0464	61.1033	3.55412	3.56033	0	0	0	0	0	0	0	0
8040	83	69.271	63.7652	2.99246	3.05842	0	0	0	0	0	0	0	0
8040	84	67.1272	64.6543	2.96003	2.98304	0	0	0	0	0	0	0	0
8040	85	59.835	61.2309	2.95524	2.92532	0	0	0	0	0	0	0	0
8040	86	61.7693	65.3295	3.12028	3.09415	0	0	0	0	0	0	0	0
8040	87	55.3064	59.7791	2.57551	2.54919	0	0	0	0	0	0	0	0
8040	88	65.5781	66.2201	2.56205	2.56409	0	0	0	0	0	0	0	0
8040	89	66.8729	65.8768	2.48253	2.48089	0	0	0	0	0	0	0	0
8040	90	64.8338	66.7436	2.83662	2.82008	0	0	0	0	0	0	0	0
8040	91	67.0533	68.315	2.5088	2.46372	0	0	0	0	0	0	0	0
8040	92	65.9645	65.4311	2.70789	2.67629	0	0	0	0	0	0	0	0
8040	93	64.929	65.854	3.08295	3.00648	0	0	0	0	0	0	0	0
8040	94	66.1201	57.2648	2.68523	2.68612	0	0	0	0	0	0	0	0
8040	95	65.6704	64.297	3.02151	3.01292	0	0	0	0	0	0	0	0
8040	96	71.6099	73.1036	2.18393	2.19854	0	0	0	0	0	0	0	0
8040	97	75.237	77.5226	2.15237	2.12685	0	0	0	0	0	0	0	0
8040	98	77.1393	73.4298	2.17987	2.21626	0	0	0	0	0	0	0	0
8040	99	77.7544	76.1756	2.14986	2.14216	0	0	0	0	0	0	0	0
8040	100	72.8389	72.2586	2.10469	2.11505	0	0	0	0	0	0	0	0
8040	101	76.1992	79.0506	2.16859	2.12146	0	0	0	0	0	0	0	0
8040	102	77.6581	74.8776	2.21431	2.21128	0	0	0	0	0	0	0	0
8040	103	72.417	74.8556	2.14583	2.13532	0	0	0	0	0	0	0	0
8040	104	70.5297	70.9067	2.12645	2.12737	0	0	0	0	0	0	0	0
8040	105	79.3295	76.5175	2.1108	2.10751	0	0	0	0	0	0	0	0
8040	106	72.4602	74.267	2.23715	2.23603	0	0	0	0	0	0	0	0
8040	107	73.1558	75.0985	2.26055	2.21469	0	0	0	0	0	0	0	0
8040	108	70.0682	72.1092	2.23334	2.22367	0	0	0	0	0	0	0	0
8040	109	74.8057	73.8125	2.16233	2.17532	0	0	0	0	0	0	0	0
8040	110	76.9092	73.9634	2.17383	2.19777	0	0	0	0	0	0	0	0
8040	111	66.443	68.4457	2.21257	2.206	0	0	0	0	0	0	0	0
8040	112	77.8556	82.2606	2.30286	2.2496	0	0	0	0	0	0	0	0
8040	113	79.8439	78.6952	2.24074	2.21833	0	0	0	0	0	0	0	0
8040	114	81.334	83.584	2.22086	2.15826	0	0	0	0	0	0	0	0
8040	115	79.8663	80.9876	2.15614	2.1675	0	0	0	0	0	0	0	0
8040	116	80.5109	84.8728	2.26035	2.18947	0	0	0	0	0	0	0	0
8040	117	80.2702	78.6699	2.248	2.23948	0	0	0	0	0	0	0	0
8040	118	79.246	77.7034	2.21154	2.20167	0	0	0	0	0	0	0	0
8040	119	82.8764	78.44	2.0718	2.12279	0	0	0	0	0	0	0	0
8040	120	81.5839	81.5505	2.2049	2.17463	0	0	0	0	0	0	0	0
8040	121	78.7476	78.4309	2.20576	2.20119	0	0	0	0	0	0	0	0
8040	122	76.7347	78.4277	2.18028	2.17446	0	0	0	0	0	0	0	0
8040	123	81.7362	80.8637	2.19489	2.18436	0	0	0	0	0	0	0	0
8040	124	77.2406	76.5766	2.28494	2.26555	0	0	0	0	0	0	0	0
8040	125	76.1177	83.07	2.21695	2.17339	0	0	0	0	0	0	0	0
8040	126	82.555	77.805	2.15853	2.19112	0	0	0	0	0	0	0	0
8040	127	78.9947	77.4497	2.20359	2.24794	0	0	0	0	0	0	0	0
8079	0	64.458	61.9727	2.70302	2.68934	0	0	0	0	0	0	0	0
8079	1	58.5453	60.4387	3.56877	3.60129	0	0	0	0	0	0	0	0
8079	2	61.9328	62.4538	3.38033	3.31972	0	0	0	0	0	0	0	0
8079	3	67.841	64.4027	2.8691	2.88031	0	0	0	0	0	0	0	0
8079	4	55.4762	60.4413	3.32808	3.32476	0	0	0	0	0	0	0	0
8079	5	59.2785	59.4229	3.13644	3.13691	0	0	0	0	0	0	0	0
8079	6	65.1707	60.1981	2.76636	2.78506	0	0	0	0	0	0	0	0
8079	7	59.845	65.248	2.58236	2.54632	0	0	0	0	0	0	0	0
8079	8	64.4297	63.9699	2.84065	2.84075	0	0	0	0	0	0	0	0
8079	9	60.3734	60.7026	4.48429	4.47836	0	0	0	0	0	0	0	0
8079	10	62.9848	62.7671	2.73834	2.73153	0	0	0	0	0	0	0	0
8079	11	67.4935	65.1849	4.27197	4.26774	0	0	0	0	0	0	0	0
8079	12	60.1009	66.5765	2.79751	2.71133	0	0	0	0	0	0	0	0
8079	13	64.4302	63.2207	2.97467	2.98953	0	0	0	0	0	0	0	0
8079	14	67.5154	59.8292	3.10584	3.1454	0	0	0	0	0	0	0	0
8079	15	60.8461	62.6512	5.13184	5.13307	0	0	0	0	0	0	0	0
8079	16	81.0933	83.899	2.77217	2.74049	0	0	0	0	0	0	0	0
8079	17	84.8693	84.1524	2.82319	2.80516	0	0	0	0	0	0	0	0
8079	18	81.2378	83.0289	2.83229	2.82465	0	0	0	0	0	0	0	0
8079	19	81.8752	83.7756	2.82106	2.77681	0	0	0	0	0	0	0	0
8079	20	86.3788	81.1049	2.7851	2.82504	0	0	0	0	0	0	0	0
8079	21	80.0404	80.8707	2.90576	2.92603	0	0	0	0	0	0	0	0
8079	22	85.8398	80.498	2.83056	2.88428	0	0	0	0	0	0	0	0
8079	23	81.4088	82.2643	2.74921	2.7614	0	0	0	0	0	0	0	0
8079	24	85.7377	80.2813	2.71552	2.76728	0	0	0	0	0	0	0	0
8079	25	85.6646	85.7119	2.65309	2.65049	0	0	0	0	0	0	0	0
8079	26	77.011	78.6796	2.80666	2.79714	0	0	0	0	0	0	0	0
8079	27	77.5994	78.4436	2.78935	2.81539	0	0	0	0	0	0	0	0
8079	28	84.2475	83.133	2.75271	2.74427	0	0	0	0	0	0	0	0
8079	29	76.7732	85.135	2.80813	2.75926	0	0	0	0	0	0	0	0
8079	30	77.2263	80.9456	2.78283	2.76101	0	0	0	0	0	0	0	0
8079	31	85.0562	80.4675	2.69315	2.72916	0	0	0	0	0	0	0	0
8079	32	66.3561	69.3469	2.87465	2.83135	0	0	0	0	0	0	0	0
8079	33	67.0897	69.0848	2.41133	2.4324	0	0	0	0	0	0	0	0
8079	34	69.7336	73.0614	2.65336	2.61178	0	0	0	0	0	0	0	0
8079	35	70.9764	70.2224	2.42648	2.45397	0	0	0	0	0	0	0	0
8079	36	68.7794	78.9974	2.66513	2.64633	0	0	0	0	0	0	0	0
8079	37	77.6121	71.1996	2.38335	2.39354	0	0	0	0	0	0	0	0
8079	38	66.605	75.1669	2.52151	2.45685	0	0	0	0	0	0	0	0
8079	39	72.7032	74.8719	2.33799	2.32526	0	0	0	0	0	0	0	0
8079	40	72.2402	65.7844	2.49256	2.53273	0	0	0	0	0	0	0	0
8079	41	68.1616	68.7025	2.44331	2.46308	0	0	0	0	0	0	0	0
8079	42	70.6068	72.9807	2.63872	2.64715	0	0	0	0	0	0	0	0
8079	43	66.09	71.5648	2.5072	2.47492	0	0	0	0	0	0	0	0
8079	44	72.9252	70.4	2.67178	2.72346	0	0	0	0	0	0	0	0
8079	45	75.3914	75.2161	2.35351	2.34773	0	0	0	0	0	0	0	0
8079	46	67.4726	67.7054	2.5661	2.53806	0	0	0	0	0	0	0	0
8079	47	71.5783	70.7428	2.41339	2.42244	0	0	0	0	0	0	0	0
8079	48	78.1996	73.7896	2.57038	2.59796	0	0	0	0	0	0	0	0
8079	49	80.9138	74.4129	2.35154	2.38917	0	0	0	0	0	0	0	0
8079	50	77.3322	76.4468	2.33677	2.34524	0	0	0	0	0	0	0	0
8079	51	69.1807	74.5694	2.4943	2.4854	0	0	0	0	0	0	0	0
8079	52	77.4777	78.6653	2.59737	2.54318	0	0	0	0	0	0	0	0
8079	53	74.8148	73.2431	2.54	2.55761	0	0	0	0	0	0	0	0
8079	54	76.1492	79.0269	2.41642	2.38796	0	0	0	0	0	0	0	0
8079	55	75.9937	73.5392	2.6339	2.65499	0	0	0	0	0	0	0	0
8079	56	78.0841	76.9398	2.39341	2.39578	0	0	0	0	0	0	0	0
8079	57	77.8347	78.4901	2.54246	2.47551	0	0	0	0	0	0	0	0
8079	58	79.4767	75.6674	2.51369	2.54396	0	0	0	0	0	0	0	0
8079	59	74.4459	70.8505	2.56189	2.57969	0	0	0	0	0	0	0	0
8079	60	73.8949	75.6088	2.57826	2.56798	0	0	0	0	0	0	0	0
8079	61	77.111	72.6654	2.80238	2.85012	0	0	0	0	0	0	0	0
8079	62	75.9878	72.5459	3.24014	3.24078	0	0	0	0	0	0	0	0
8079	63	72.3634	72.8701	2.85905	2.89248	0	0	0	0	0	0	0	0
8079	64	72.989	72.5161	2.21065	2.20078	0	0	0	0	0	0	0	0
8079	65	73.1607	68.0742	2.51028	2.51524	0	0	0	0	0	0	0	0
8079	66	73.5664	77.0442	2.2146	2.21283	0	0	0	0	0	0	0	0
8079	67	78.742	75.2764	2.201	2.23331	0	0	0	0	0	0	0	0
8079	68	78.4322	73.5364	2.73506	2.76564	0	0	0	0	0	0	0	0
8079	69	79.5352	79.535	2.35322	2.3592	0	0	0	0	0	0	0	0
8079	70	77.2514	77.1054	2.41425	2.40833	0	0	0	0	0	0	0	0
8079	71	73.3394	74.0042	2.37586	2.36413	0	0	0	0	0	0	0	0
8079	72	79.963	76.3596	2.35732	2.37746	0	0	0	0	0	0	0	0
8079	73	69.9554	68.378	2.24192	2.22113	0	0	0	0	0	0	0	0
8079	74	76.1703	75.5189	2.33656	2.36536	0	0	0	0	0	0	0	0
8079	75	76.6786	80.7815	2.45791	2.43739	0	0	0	0	0	0	0	0
8079	76	76.0475	74.4736	2.25716	2.24573	0	0	0	0	0	0	0	0
8079	77	77.2702	79.3896	2.69661	2.65393	0	0	0	0	0	0	0	0
8079	78	76.3113	78.0049	2.3595	2.35051	0	0	0	0	0	0	0	0
8079	79	75.16	74.8582	2.59466	2.5897	0	0	0	0	0	0	0	0
8079	80	57.4281	52.9027	3.90544	3.97363	0	0	0	0	0	0	0	0
8079	81	63.3778	59.3035	3.17677	3.22768	0	0	0	0	0	0	0	0
8079	82	63.2569	62.2695	3.18791	3.186	0	0	0	0	0	0	0	0
8079	83	57.0694	58.605	2.80607	2.81174	0	0	0	0	0	0	0	0
8079	84	58.9436	60.0186	2.95052	2.95614	0	0	0	0	0	0	0	0
8079	85	60.5875	60.2721	2.45361	2.47413	0	0	0	0	0	0	0	0
8079	86	60.2245	57.1236	2.45619	2.46969	0	0	0	0	0	0	0	0
8079	87	57.0937	58.5817	2.39343	2.41606	0	0	0	0	0	0	0	0
8079	88	57.9632	58.2094	2.44432	2.41409	0	0	0	0	0	0	0	0
8079	89	60.1901	60.0535	2.41204	2.37255	0	0	0	0	0	0	0	0
8079	90	61.8793	60.6012	2.46293	2.44209	0	0	0	0	0	0	0	0
8079	91	56.1152	59.9499	2.45507	2.45195	0	0	0	0	0	0	0	0
8079	92	62.9137	58.8255	2.46309	2.50483	0	0	0	0	0	0	0	0
8079	93	56.4681	58.0377	2.64491	2.62121	0	0	0	0	0	0	0	0
8079	94	64.0959	61.3867	2.49699	2.53931	0	0	0	0	0	0	0	0
8079	95	57.7482	56.3738	2.72516	2.71527	0	0	0	0	0	0	0	0
8079	96	69.3537	67.7212	2.22758	2.23747	0	0	0	0	0	0	0	0
8079	97	71.3427	66.7708	2.2714	2.31551	0	0	0	0	0	0	0	0
8079	98	69.7409	64.9715	2.28818	2.32556	0	0	0	0	0	0	0	0
8079	99	65.0828	64.6965	2.35219	2.36428	0	0	0	0	0	0	0	0
8079	100	68.5578	65.7287	2.33756	2.33761	0	0	0	0	0	0	0	0
8079	101	69.3973	68.4605	2.24064	2.25111	0	0	0	0	0	0	0	0
8079	102	67.2473	71.2917	2.48476	2.405	0	0	0	0	0	0	0	0
8079	103	65.4099	66.878	2.34885	2.34763	0	0	0	0	0	0	0	0
8079	104	64.601	63.7526	2.34654	2.33632	0	0	0	0	0	0	0	0
8079	105	67.3608	65.6153	2.33769	2.3547	0	0	0	0	0	0	0	0
8079	106	68.657	64.8803	2.27511	2.28635	0	0	0	0	0	0	0	0
8079	107	62.7731	68.3862	2.41084	2.34666	0	0	0	0	0	0	0	0
8079	108	66.765	65.6102	2.27239	2.2656	0	0	0	0	0	0	0	0
8079	109	69.0586	65.5211	2.31364	2.34144	0	0	0	0	0	0	0	0
8079	110	63.6891	62.7977	2.3176	2.32746	0	0	0	0	0	0	0	0
8079	111	63.9793	67.8291	2.34841	2.3143	0	0	0	0	0	0	0	0
8079	112	49.3611	50.7796	2.94777	2.94257	0	0	0	0	0	0	0	0
8079	113	51.7203	55.2163	2.83302	2.82382	0	0	0	0	0	0	0	0
8079	114	58.8593	57.825	2.88631	2.88017	0	0	0	0	0	0	0	0
8079	115	55.3007	52.6747	2.90207	2.92932	0	0	0	0	0	0	0	0
8079	116	56.6026	55.5597	2.82955	2.82977	0	0	0	0	0	0	0	0
8079	117	57.44	57.181	2.91962	2.91862	0	0	0	0	0	0	0	0
8079	118	59.8836	57.8931	2.80761	2.77557	0	0	0	0	0	0	0	0
8079	119	58.4314	55.8114	2.83728	2.84249	0	0	0	0	0	0	0	0
8079	120	58.6988	61.0985	2.98158	2.9541	0	0	0	0	0	0	0	0
8079	121	51.375	53.4987	2.99344	2.97717	0	0	0	0	0	0	0	0
8079	122	56.8357	56.7301	2.85241	2.85076	0	0	0	0	0	0	0	0
8079	123	61.4354	57.8044	2.90303	2.87006	0	0	0	0	0	0	0	0
8079	124	53.929	53.7866	2.86462	2.88762	0	0	0	0	0	0	0	0
8079	125	48.8022	49.0233	2.87752	2.89264	0	0	0	0	0	0	0	0
8079	126	55.4831	53.7711	2.84441	2.8704	0	0	0	0	0	0	0	0
8079	127	53.0419	52.3085	2.92203	2.92792	0	0	0	0	0	0	0	0
8035	0	75.4182	67.9599	2.49256	2.47346	0	0	0	0	0	0	0	0
8035	1	82.7037	82.5993	2.52134	2.50566	0	0	0	0	0	0	0	0
8035	2	75.3505	76.9967	2.65565	2.67008	0	0	0	0	0	0	0	0
8035	3	71.5751	70.8886	2.4931	2.45825	0	0	0	0	0	0	0	0
8035	4	80.8279	80.6722	2.91205	2.90134	0	0	0	0	0	0	0	0
8035	5	71.5433	78.5027	2.40821	2.41518	0	0	0	0	0	0	0	0
8035	6	73.439	79.0436	2.43975	2.44134	0	0	0	0	0	0	0	0
8035	7	82.631	79.4935	2.57054	2.58043	0	0	0	0	0	0	0	0
8035	8	75.4841	74.8555	2.63963	2.64357	0	0	0	0	0	0	0	0
8035	9	75.0347	77.1464	2.69193	2.70523	0	0	0	0	0	0	0	0
8035	10	81.0001	73.546	2.57084	2.56181	0	0	0	0	0	0	0	0
8035	11	72.6426	78.3345	2.38739	2.39433	0	0	0	0	0	0	0	0
8035	12	74.7136	74.1363	2.64463	2.66016	0	0	0	0	0	0	0	0
8035	13	75.0913	74.2958	2.44457	2.45459	0	0	0	0	0	0	0	0
8035	14	77.0739	74.8724	2.46048	2.46799	0	0	0	0	0	0	0	0
8035	15	69.51	67.2925	2.35711	2.36351	0	0	0	0	0	0	0	0
8035	16	69.6214	69.3762	2.90474	2.89856	0	0	0	0	0	0	0	0
8035	17	77.2672	66.7218	2.84775	2.83067	0	0	0	0	0	0	0	0
8035	18	63.2664	63.2412	2.65063	2.6618	0	0	0	0	0	0	0	0
8035	19	67.7403	71.173	2.60177	2.5997	0	0	0	0	0	0	0	0
8035	20	74.6494	69.1469	2.86953	2.85781	0	0	0	0	0	0	0	0
8035	21	63.2721	71.8232	2.79008	2.75589	0	0	0	0	0	0	0	0
8035	22	70.4004	62.4757	2.59145	2.63418	0	0	0	0	0	0	0	0
8035	23	72.7753	67.5767	2.72159	2.71485	0	0	0	0	0	0	0	0
8035	24	61.5267	64.9647	2.57292	2.57376	0	0	0	0	0	0	0	0
8035	25	66.8869	69.5661	2.59505	2.59142	0	0	0	0	0	0	0	0
8035	26	69.0833	61.6856	2.59694	2.5863	0	0	0	0	0	0	0	0
8035	27	62.4842	66.4118	2.82963	2.8364	0	0	0	0	0	0	0	0
8035	28	69.9027	67.1324	2.6171	2.60823	0	0	0	0	0	0	0	0
8035	29	61.7941	68.3381	2.71916	2.69656	0	0	0	0	0	0	0	0
8035	30	64.6526	59.4919	2.7199	2.71813	0	0	0	0	0	0	0	0
8035	31	60.124	62.394	2.80715	2.8155	0	0	0	0	0	0	0	0
8035	32	43.4582	50.967	2.85396	2.88833	0	0	0	0	0	0	0	0
8035	33	47.2149	54.226	2.69157	2.71377	0	0	0	0	0	0	0	0
8035	34	53.8199	51.6325	2.90878	2.90301	0	0	0	0	0	0	0	0
8035	35	55.0543	55.453	2.67412	2.70374	0	0	0	0	0	0	0	0
8035	36	56.8793	57.6517	2.80368	2.78147	0	0	0	0	0	0	0	0
8035	37	51.6491	57.4926	2.82789	2.79992	0	0	0	0	0	0	0	0
8035	38	58.9051	50.9776	2.67204	2.70345	0	0	0	0	0	0	0	0
8035	39	57.9503	57.5774	2.60744	2.59596	0	0	0	0	0	0	0	0
8035	40	51.1405	58.0212	2.83055	2.80034	0	0	0	0	0	0	0	0
8035	41	58.5279	56.3411	2.6147	2.6277	0	0	0	0	0	0	0	0
8035	42	51.8804	53.1181	2.87257	2.84545	0	0	0	0	0	0	0	0
8035	43	55.925	56.0099	2.73585	2.7308	0	0	0	0	0	0	0	0
8035	44	56.4677	56.6397	2.99522	2.96278	0	0	0	0	0	0	0	0
8035	45	58.3267	54.4332	2.69236	2.69281	0	0	0	0	0	0	0	0
8035	46	53.0502	56.2476	2.93966	2.91102	0	0	0	0	0	0	0	0
8035	47	56.1351	59.6849	2.5598	2.52801	0	0	0	0	0	0	0	0
8035	48	95.5998	103.011	2.55246	2.65805	0	0	0	0	0	0	0	0
8035	49	90.7887	90.4857	2.35867	2.39634	0	0	0	0	0	0	0	0
8035	50	89.4124	92.3273	2.34725	2.32771	0	0	0	0	0	0	0	0
8035	51	90.1939	92.8166	2.42754	2.42524	0	0	0	0	0	0	0	0
8035	52	91.7104	95.3599	2.28559	2.26544	0	0	0	0	0	0	0	0
8035	53	85.8775	90.0979	2.33024	2.38256	0	0	0	0	0	0	0	0
8035	54	92.1331	93.2466	2.36762	2.37971	0	0	0	0	0	0	0	0
8035	55	86.3195	95.4928	2.34544	2.33774	0	0	0	0	0	0	0	0
8035	56	93.8447	88.6893	2.2801	2.31099	0	0	0	0	0	0	0	0
8035	57	94.5717	93.7875	2.33295	2.34128	0	0	0	0	0	0	0	0
8035	58	83.2143	91.0596	2.40605	2.41787	0	0	0	0	0	0	0	0
8035	59	90.1652	92.1521	2.45427	2.41006	0	0	0	0	0	0	0	0
8035	60	88.9225	92.1469	2.40894	2.40026	0	0	0	0	0	0	0	0
8035	61	86.9935	86.9964	2.57816	2.55174	0	0	0	0	0	0	0	0
8035	62	91.5596	87.1825	2.57917	2.54712	0	0	0	0	0	0	0	0
8035	63	95.8437	89.5565	2.57604	2.63815	0	0	0	0	0	0	0	0
8035	64	70.5533	74.1328	2.72079	2.68376	0	0	0	0	0	0	0	0
8035	65	68.5222	69.2314	2.76423	2.76523	0	0	0	0	0	0	0	0
8035	66	75.6493	76.4818	2.83941	2.81067	0	0	0	0	0	0	0	0
8035	67	75.2307	79.5807	2.75917	2.75952	0	0	0	0	0	0	0	0
8035	68	67.2327	69.0602	2.53738	2.51359	0	0	0	0	0	0	0	0
8035	69	75.9145	66.8352	2.68652	2.70256	0	0	0	0	0	0	0	0
8035	70	68.4642	69.079	2.63308	2.62903	0	0	0	0	0	0	0	0
8035	71	67.2242	67.8119	2.78811	2.7797	0	0	0	0	0	0	0	0
8035	72	75.6808	72.088	2.63788	2.60197	0	0	0	0	0	0	0	0
8035	73	71.9216	69.1317	2.95524	2.95222	0	0	0	0	0	0	0	0
8035	74	74.788	71.3485	3.10631	3.07777	0	0	0	0	0	0	0	0
8035	75	66.4029	67.3222	2.82505	2.78817	0	0	0	0	0	0	0	0
8035	76	66.7505	70.1261	2.84439	2.79017	0	0	0	0	0	0	0	0
8035	77	73.8975	73.5274	2.83743	2.82435	0	0	0	0	0	0	0	0
8035	78	67.1749	65.5165	2.74083	2.73469	0	0	0	0	0	0	0	0
8035	79	74.5019	79.6606	3.33972	3.37611	0	0	0	0	0	0	0	0
8035	80	81.9229	82.1483	4.31566	4.38456	0	0	0	0	0	0	0	0
8035	81	77.1716	69.4995	3.56836	3.55381	0	0	0	0	0	0	0	0
8035	82	77.8511	77.7116	3.59457	3.60855	0	0	0	0	0	0	0	0
8035	83	79.1057	81.8557	3.12616	3.13777	0	0	0	0	0	0	0	0
8035	84	80.4152	79.9145	3.21542	3.24676	0	0	0	0	0	0	0	0
8035	85	78.0605	79.8316	2.93894	2.95448	0	0	0	0	0	0	0	0
8035	86	78.7872	81.7817	3.05249	3.06994	0	0	0	0	0	0	0	0
8035	87	77.0727	72.6804	2.90816	2.91419	0	0	0	0	0	0	0	0
8035	88	76.6719	83.9826	2.91002	2.89332	0	0	0	0	0	0	0	0
8035	89	77.5003	73.7764	2.85143	2.86756	0	0	0	0	0	0	0	0
8035	90	81.7295	85.5159	2.90334	2.90805	0	0	0	0	0	0	0	0
8035	91	76.263	78.2687	2.84847	2.87414	0	0	0	0	0	0	0	0
8035	92	80.2147	70.9005	2.87539	2.9241	0	0	0	0	0	0	0	0
8035	93	78.4245	77.5933	2.96366	2.97891	0	0	0	0	0	0	0	0
8035	94	75.3081	80.29	3.29206	3.28044	0	0	0	0	0	0	0	0
8035	95	77.0305	78.6354	3.14527	3.15804	0	0	0	0	0	0	0	0
8035	96	80.1348	77.2734	2.39404	2.43679	0	0	0	0	0	0	0	0
8035	97	74.3141	82.2873	2.46521	2.44003	0	0	0	0	0	0	0	0
8035	98	82.4212	78.6215	2.43739	2.4498	0	0	0	0	0	0	0	0
8035	99	75.6652	73.4578	2.43701	2.4716	0	0	0	0	0	0	0	0
8035	100	75.5858	76.4255	2.43567	2.45666	0	0	0	0	0	0	0	0
8035	101	71.3963	78.2086	2.49127	2.4546	0	0	0	0	0	0	0	0
8035	102	74.7694	73.2281	2.44006	2.50262	0	0	0	0	0	0	0	0
8035	103	75.8016	79.0396	2.49779	2.5039	0	0	0	0	0	0	0	0
8035	104	82.909	74.8597	2.47991	2.4657	0	0	0	0	0	0	0	0
8035	105	73.5026	75.6896	2.40479	2.44339	0	0	0	0	0	0	0	0
8035	106	77.0226	75.9998	2.4368	2.47276	0	0	0	0	0	0	0	0
8035	107	72.035	70.2462	2.48475	2.47671	0	0	0	0	0	0	0	0
8035	108	68.5936	77.7391	2.47167	2.46887	0	0	0	0	0	0	0	0
8035	109	76.6846	74.4434	2.49558	2.50739	0	0	0	0	0	0	0	0
8035	110	67.8562	75.1538	2.50688	2.50571	0	0	0	0	0	0	0	0
8035	111	70.4297	71.5527	2.4795	2.48594	0	0	0	0	0	0	0	0
8035	112	73.4272	73.7276	2.22327	2.25175	0	0	0	0	0	0	0	0
8035	113	75.119	73.5045	2.16202	2.16242	0	0	0	0	0	0	0	0
8035	114	81.7651	77.8157	2.27264	2.32358	0	0	0	0	0	0	0	0
8035	115	80.8458	79.6094	2.27281	2.26917	0	0	0	0	0	0	0	0
8035	116	79.4371	77.0155	2.23779	2.26047	0	0	0	0	0	0	0	0
8035	117	72.6606	76.3637	2.15857	2.16973	0	0	0	0	0	0	0	0
8035	118	71.0151	78.0789	2.22141	2.20645	0	0	0	0	0	0	0	0
8035	119	73.2853	76.6044	2.18533	2.17812	0	0	0	0	0	0	0	0
8035	120	75.7082	81.9137	2.28363	2.27055	0	0	0	0	0	0	0	0
8035	121	78.1004	75.3568	2.28388	2.30848	0	0	0	0	0	0	0	0
8035	122	76.5366	79.0024	2.29793	2.30333	0	0	0	0	0	0	0	0
8035	123	71.3654	72.7728	2.23536	2.24962	0	0	0	0	0	0	0	0
8035	124	77.8606	76.9635	2.23801	2.28747	0	0	0	0	0	0	0	0
8035	125	74.5145	73.18	2.21016	2.22847	0	0	0	0	0	0	0	0
8035	126	67.8615	71.4666	2.24274	2.26024	0	0	0	0	0	0	0	0
8035	127	74.6185	75.4189	2.23465	2.25537	0	0	0	0	0	0	0	0
8025	0	63.8857	65.3831	2.47643	2.47687	0	0	0	0	0	0	0	0
8025	1	74.8321	76.0225	2.35073	2.34166	0	0	0	0	0	0	0	0
8025	2	69.5963	72.9107	2.30299	2.30773	0	0	0	0	0	0	0	0
8025	3	76.5702	76.1328	2.32712	2.32754	0	0	0	0	0	0	0	0
8025	4	76.5949	71.447	2.45667	2.46979	0	0	0	0	0	0	0	0
8025	5	75.7376	74.5866	2.31979	2.33283	0	0	0	0	0	0	0	0
8025	6	71.8532	70.9753	2.68334	2.69053	0	0	0	0	0	0	0	0
8025	7	66.6587	66.2943	2.34341	2.34042	0	0	0	0	0	0	0	0
8025	8	80.3749	72.884	2.39507	2.38049	0	0	0	0	0	0	0	0
8025	9	76.796	70.2188	2.29003	2.30679	0	0	0	0	0	0	0	0
8025	10	71.039	72.8724	2.4569	2.48294	0	0	0	0	0	0	0	0
8025	11	69.1307	65.388	2.36563	2.38611	0	0	0	0	0	0	0	0
8025	12	66.7541	71.711	2.36622	2.3755	0	0	0	0	0	0	0	0
8025	13	69.6649	71.5189	2.39592	2.38207	0	0	0	0	0	0	0	0
8025	14	68.4602	72.4885	2.34817	2.35279	0	0	0	0	0	0	0	0
8025	15	69.2169	72.0555	2.45025	2.46108	0	0	0	0	0	0	0	0
8025	16	66.7152	71.1364	2.14018	2.12544	0	0	0	0	0	0	0	0
8025	17	77.7236	78.529	2.32986	2.33548	0	0	0	0	0	0	0	0
8025	18	70.8886	72.3011	2.14476	2.13346	0	0	0	0	0	0	0	0
8025	19	66.0751	78.9509	2.25149	2.26888	0	0	0	0	0	0	0	0
8025	20	66.354	69.5106	2.1862	2.16803	0	0	0	0	0	0	0	0
8025	21	70.8115	69.9982	2.35951	2.3724	0	0	0	0	0	0	0	0
8025	22	76.048	79.3873	2.1345	2.15513	0	0	0	0	0	0	0	0
8025	23	64.6448	66.2067	2.16565	2.18922	0	0	0	0	0	0	0	0
8025	24	70.2552	68.5984	2.14449	2.14373	0	0	0	0	0	0	0	0
8025	25	72.1515	66.0678	2.18168	2.21504	0	0	0	0	0	0	0	0
8025	26	65.9529	70.5728	2.14043	2.12438	0	0	0	0	0	0	0	0
8025	27	68.7801	64.2604	2.18158	2.23218	0	0	0	0	0	0	0	0
8025	28	66.6254	72.6614	2.18218	2.142	0	0	0	0	0	0	0	0
8025	29	64.0932	67.0948	2.20792	2.18874	0	0	0	0	0	0	0	0
8025	30	66.3629	66.1768	2.13286	2.12529	0	0	0	0	0	0	0	0
8025	31	68.79	63.3123	2.21827	2.24315	0	0	0	0	0	0	0	0
8025	32	64.2405	68.4976	3.00785	2.9968	0	0	0	0	0	0	0	0
8025	33	61.6875	64.4879	3.35024	3.35478	0	0	0	0	0	0	0	0
8025	34	66.6728	68.2279	2.97975	2.99439	0	0	0	0	0	0	0	0
8025	35	64.1603	72.0354	2.89235	2.86537	0	0	0	0	0	0	0	0
8025	36	65.4184	64.6186	2.84146	2.87405	0	0	0	0	0	0	0	0
8025	37	64.9355	67.169	3.26186	3.26438	0	0	0	0	0	0	0	0
8025	38	65.2327	66.1127	2.7856	2.81774	0	0	0	0	0	0	0	0
8025	39	65.6283	59.4714	2.75279	2.77271	0	0	0	0	0	0	0	0
8025	40	67.0852	63.3257	2.79234	2.83168	0	0	0	0	0	0	0	0
8025	41	64.4926	65.6524	2.79468	2.84626	0	0	0	0	0	0	0	0
8025	42	65.7895	66.2645	2.81082	2.84261	0	0	0	0	0	0	0	0
8025	43	64.3314	63.6711	2.89526	2.90093	0	0	0	0	0	0	0	0
8025	44	64.7107	65.4828	2.96451	2.99312	0	0	0	0	0	0	0	0
8025	45	64.129	61.4855	2.74503	2.77519	0	0	0	0	0	0	0	0
8025	46	62.896	64.3633	2.82307	2.84103	0	0	0	0	0	0	0	0
8025	47	62.4861	66.6888	3.17114	3.14467	0	0	0	0	0	0	0	0
8025	48	81.0502	74.6666	2.41212	2.43807	0	0	0	0	0	0	0	0
8025	49	74.2236	79.1941	2.4282	2.41329	0	0	0	0	0	0	0	0
8025	50	84.8878	76.5299	2.44801	2.52069	0	0	0	0	0	0	0	0
8025	51	79.0153	87.7599	2.50156	2.49831	0	0	0	0	0	0	0	0
8025	52	75.7883	77.6599	2.39892	2.42494	0	0	0	0	0	0	0	0
8025	53	79.6046	80.6263	2.37647	2.36712	0	0	0	0	0	0	0	0
8025	54	79.0125	84.8408	2.28325	2.28349	0	0	0	0	0	0	0	0
8025	55	76.0304	78.7735	2.3863	2.36266	0	0	0	0	0	0	0	0
8025	56	77.0812	70.6464	2.46934	2.44709	0	0	0	0	0	0	0	0
8025	57	80.2193	74.1077	2.39445	2.41764	0	0	0	0	0	0	0	0
8025	58	79.4894	82.2572	2.38346	2.38201	0	0	0	0	0	0	0	0
8025	59	75.2035	83.2524	2.65289	2.57153	0	0	0	0	0	0	0	0
8025	60	80.616	79.7292	2.48464	2.49939	0	0	0	0	0	0	0	0
8025	61	71.657	73.1569	2.66037	2.69413	0	0	0	0	0	0	0	0
8025	62	78.6633	74.7846	2.67704	2.71347	0	0	0	0	0	0	0	0
8025	63	72.6912	80.1028	2.65343	2.62515	0	0	0	0	0	0	0	0
8025	64	70.0478	65.0873	2.46934	2.4821	0	0	0	0	0	0	0	0
8025	65	72.1512	75.2727	2.43208	2.45453	0	0	0	0	0	0	0	0
8025	66	66.0414	70.0928	2.40858	2.41216	0	0	0	0	0	0	0	0
8025	67	76.8665	77.3676	2.531	2.54558	0	0	0	0	0	0	0	0
8025	68	72.1799	76.1328	2.43125	2.40697	0	0	0	0	0	0	0	0
8025	69	70.5318	64.441	2.52228	2.53775	0	0	0	0	0	0	0	0
8025	70	75.2045	72.645	2.40139	2.41051	0	0	0	0	0	0	0	0
8025	71	75.7434	76.4149	2.53926	2.5691	0	0	0	0	0	0	0	0
8025	72	76.7735	74.2735	2.42694	2.42394	0	0	0	0	0	0	0	0
8025	73	85.4193	79.197	2.56191	2.51945	0	0	0	0	0	0	0	0
8025	74	72.7733	71.1345	2.46085	2.45615	0	0	0	0	0	0	0	0
8025	75	66.2966	72.6304	2.56785	2.58203	0	0	0	0	0	0	0	0
8025	76	71.3443	72.6502	2.51219	2.49722	0	0	0	0	0	0	0	0
8025	77	76.5562	78.1455	2.51302	2.50607	0	0	0	0	0	0	0	0
8025	78	70.3901	80.8338	2.54883	2.53201	0	0	0	0	0	0	0	0
8025	79	68.9189	69.162	2.64321	2.60185	0	0	0	0	0	0	0	0
8025	80	84.9013	82.4426	4.19667	4.21642	0	0	0	0	0	0	0	0
8025	81	82.0432	82.3053	3.89081	3.90738	0	0	0	0	0	0	0	0
8025	82	77.6979	78.358	3.83197	3.848	0	0	0	0	0	0	0	0
8025	83	86.3421	85.2833	3.11839	3.12796	0	0	0	0	0	0	0	0
8025	84	81.7782	90.2631	3.01224	3.04312	0	0	0	0	0	0	0	0
8025	85	79.9777	80.669	2.77215	2.84871	0	0	0	0	0	0	0	0
8025	86	84.6836	86.0931	2.84419	2.83161	0	0	0	0	0	0	0	0
8025	87	77.7662	81.095	2.59946	2.62424	0	0	0	0	0	0	0	0
8025	88	77.9476	78.5169	34.1266	34.1202	0	0	0	0	0	0	0	0
8025	89	81.3784	81.7427	2.87803	2.86412	0	0	0	0	0	0	0	0
8025	90	80.3086	78.7893	2.60339	2.63626	0	0	0	0	0	0	0	0
8025	91	80.7254	78.8468	2.75429	2.76492	0	0	0	0	0	0	0	0
8025	92	76.9297	78.0888	2.69678	2.7318	0	0	0	0	0	0	0	0
8025	93	77.06	82.9959	3.43736	3.40528	0	0	0	0	0	0	0	0
8025	94	82.0377	81.2804	2.7863	2.77619	0	0	0	0	0	0	0	0
8025	95	75.6178	76.7232	3.02394	3.01189	0	0	0	0	0	0	0	0
8025	96	85.156	82.6038	1.99705	2.06819	0	0	0	0	0	0	0	0
8025	97	86.059	83.7931	1.99585	2.08124	0	0	0	0	0	0	0	0
8025	98	81.301	84.4969	2.07227	2.01992	0	0	0	0	0	0	0	0
8025	99	89.4764	88.4128	1.99298	2.00175	0	0	0	0	0	0	0	0
8025	100	81.4751	80.9743	2.12935	2.13368	0	0	0	0	0	0	0	0
8025	101	81.9063	82.3569	2.01661	2.02319	0	0	0	0	0	0	0	0
8025	102	81.4666	81.7091	2.02173	2.03082	0	0	0	0	0	0	0	0
8025	103	83.3436	82.8673	1.9785	2.00095	0	0	0	0	0	0	0	0
8025	104	80.7657	85.9835	2.003	1.93491	0	0	0	0	0	0	0	0
8025	105	81.2205	85.2328	2.09666	2.0368	0	0	0	0	0	0	0	0
8025	106	81.1439	83.7963	2.13713	2.12933	0	0	0	0	0	0	0	0
8025	107	80.0306	80.8979	2.26525	2.25294	0	0	0	0	0	0	0	0
8025	108	84.3767	86.836	2.09272	2.06173	0	0	0	0	0	0	0	0
8025	109	81.1835	88.1754	2.15254	2.09141	0	0	0	0	0	0	0	0
8025	110	82.4652	84.4297	2.16446	2.17398	0	0	0	0	0	0	0	0
8025	111	84.0724	85.0116	1.99007	1.99543	0	0	0	0	0	0	0	0
8025	112	55.8201	50.8253	2.51289	2.5097	0	0	0	0	0	0	0	0
8025	113	55.0981	52.5716	2.59778	2.61224	0	0	0	0	0	0	0	0
8025	114	59.5962	61.67	2.62476	2.6096	0	0	0	0	0	0	0	0
8025	115	50.1826	52.8924	2.44953	2.43502	0	0	0	0	0	0	0	0
8025	116	56.8429	59.8992	2.4831	2.45401	0	0	0	0	0	0	0	0
8025	117	53.1548	55.6687	2.54815	2.52373	0	0	0	0	0	0	0	0
8025	118	56.4455	61.0314	2.47324	2.44561	0	0	0	0	0	0	0	0
8025	119	52.7068	55.0845	2.47659	2.45654	0	0	0	0	0	0	0	0
8025	120	56.5263	56.6348	2.54823	2.51674	0	0	0	0	0	0	0	0
8025	121	57.057	54.2052	2.49515	2.49116	0	0	0	0	0	0	0	0
8025	122	52.1114	53.7826	2.51338	2.48779	0	0	0	0	0	0	0	0
8025	123	53.0248	52.9465	2.57349	2.59133	0	0	0	0	0	0	0	0
8025	124	55.4825	56.7527	2.54624	2.52782	0	0	0	0	0	0	0	0
8025	125	58.0107	56.4208	2.64636	2.63443	0	0	0	0	0	0	0	0
8025	126	56.7291	59.875	2.43634	2.41037	0	0	0	0	0	0	0	0
8025	127	57.2935	57.7238	2.50958	2.52126	0	0	0	0	0	0	0	0
8039	0	65.0747	61.3112	3.05605	3.11506	0	0	0	0	0	0	0	0
8039	1	64.4065	54.4728	2.94084	2.97522	0	0	0	0	0	0	0	0
8039	2	59.6053	63.4603	2.36923	2.35842	0	0	0	0	0	0	0	0
8039	3	61.462	59.7416	2.33015	2.3297	0	0	0	0	0	0	0	0
8039	4	54.9287	64.7415	3.85955	3.78903	0	0	0	0	0	0	0	0
8039	5	59.969	60.7264	7.204	7.15623	0	0	0	0	0	0	0	0
8039	6	57.4187	53.3284	2.22946	2.26453	0	0	0	0	0	0	0	0
8039	7	65.5091	60.5043	2.3266	2.37623	0	0	0	0	0	0	0	0
8039	8	61.1086	60.0615	2.75034	2.77583	0	0	0	0	0	0	0	0
8039	9	63.5707	66.3287	3.51885	3.50118	0	0	0	0	0	0	0	0
8039	10	62.7802	63.3266	2.68345	2.67076	0	0	0	0	0	0	0	0
8039	11	55.0981	56.6654	2.31755	2.32152	0	0	0	0	0	0	0	0
8039	12	61.7593	59.7456	2.5249	2.49961	0	0	0	0	0	0	0	0
8039	13	60.3438	58.4657	5.41174	5.40699	0	0	0	0	0	0	0	0
8039	14	60.0273	55.2812	2.59459	2.58244	0	0	0	0	0	0	0	0
8039	15	59.2058	58.9082	2.19837	2.18697	0	0	0	0	0	0	0	0
8039	16	68.2809	67.6305	2.33315	2.31161	0	0	0	0	0	0	0	0
8039	17	63.6974	66.6046	3.13699	3.16717	0	0	0	0	0	0	0	0
8039	18	67.9748	65.5391	2.48065	2.49674	0	0	0	0	0	0	0	0
8039	19	69.1816	67.0804	2.49505	2.52215	0	0	0	0	0	0	0	0
8039	20	65.5321	69.4304	2.29607	2.27374	0	0	0	0	0	0	0	0
8039	21	68.2413	69.1967	2.34283	2.35678	0	0	0	0	0	0	0	0
8039	22	73.4512	67.6406	2.38748	2.42886	0	0	0	0	0	0	0	0
8039	23	67.5699	67.9272	2.30523	2.31514	0	0	0	0	0	0	0	0
8039	24	72.1024	66.7192	2.27299	2.31908	0	0	0	0	0	0	0	0
8039	25	66.2764	68.7305	2.31539	2.30012	0	0	0	0	0	0	0	0
8039	26	70.4941	61.2334	2.31702	2.37827	0	0	0	0	0	0	0	0
8039	27	63.7724	66.3057	2.52508	2.53407	0	0	0	0	0	0	0	0
8039	28	70.7728	67.4349	2.22336	2.25951	0	0	0	0	0	0	0	0
8039	29	66.8176	67.0111	3.38526	3.39659	0	0	0	0	0	0	0	0
8039	30	68.5962	68.1355	2.23629	2.24879	0	0	0	0	0	0	0	0
8039	31	60.3676	61.7854	2.4188	2.42845	0	0	0	0	0	0	0	0
8039	32	55.163	57.6483	2.5796	2.61261	0	0	0	0	0	0	0	0
8039	33	61.9146	60.9741	2.46819	2.46668	0	0	0	0	0	0	0	0
8039	34	65.409	59.0293	2.67657	2.70959	0	0	0	0	0	0	0	0
8039	35	58.1871	55.8797	2.60245	2.64386	0	0	0	0	0	0	0	0
8039	36	61.1906	57.3488	2.71929	2.77826	0	0	0	0	0	0	0	0
8039	37	56.6305	56.5981	2.47862	2.51706	0	0	0	0	0	0	0	0
8039	38	56.793	53.3992	2.46402	2.47761	0	0	0	0	0	0	0	0
8039	39	59.8487	58.0255	2.39123	2.404	0	0	0	0	0	0	0	0
8039	40	67.4012	63.6318	2.57988	2.54804	0	0	0	0	0	0	0	0
8039	41	61.5373	55.6135	2.29582	2.33668	0	0	0	0	0	0	0	0
8039	42	60.043	55.7659	2.47664	2.51563	0	0	0	0	0	0	0	0
8039	43	53.39	54.5853	2.53126	2.51959	0	0	0	0	0	0	0	0
8039	44	61.6294	57.9225	2.54429	2.59324	0	0	0	0	0	0	0	0
8039	45	55.8832	58.9769	2.43984	2.43471	0	0	0	0	0	0	0	0
8039	46	58.2591	56.8452	2.41124	2.45437	0	0	0	0	0	0	0	0
8039	47	55.0808	56.0318	2.45342	2.47811	0	0	0	0	0	0	0	0
8039	48	84.5232	85.6112	2.75705	2.79382	0	0	0	0	0	0	0	0
8039	49	80.97	74.9567	2.95101	3.00708	0	0	0	0	0	0	0	0
8039	50	82.8649	76.7614	2.48846	2.489	0	0	0	0	0	0	0	0
8039	51	85.6336	78.0678	2.49867	2.53986	0	0	0	0	0	0	0	0
8039	52	83.7183	81.4503	2.74107	2.76123	0	0	0	0	0	0	0	0
8039	53	80.9196	76.2423	2.75393	2.7733	0	0	0	0	0	0	0	0
8039	54	82.1995	84.9046	2.43171	2.437	0	0	0	0	0	0	0	0
8039	55	78.6837	76.7778	2.29914	2.31243	0	0	0	0	0	0	0	0
8039	56	80.8981	75.0631	2.48909	2.51304	0	0	0	0	0	0	0	0
8039	57	73.9208	76.0622	2.6044	2.60584	0	0	0	0	0	0	0	0
8039	58	76.2412	74.9018	2.64356	2.66188	0	0	0	0	0	0	0	0
8039	59	77.2822	88.8805	2.84631	2.88994	0	0	0	0	0	0	0	0
8039	60	76.4335	78.9828	2.90807	2.86039	0	0	0	0	0	0	0	0
8039	61	80.4131	74.6696	2.72403	2.78481	0	0	0	0	0	0	0	0
8039	62	73.714	74.8171	2.67195	2.68742	0	0	0	0	0	0	0	0
8039	63	75.0684	75.4629	3.05751	3.07229	0	0	0	0	0	0	0	0
8039	64	62.9583	68.4524	2.11527	2.09531	0	0	0	0	0	0	0	0
8039	65	58.5472	64.3414	2.13373	2.11847	0	0	0	0	0	0	0	0
8039	66	59.0517	63.351	2.12113	2.09405	0	0	0	0	0	0	0	0
8039	67	63.202	63.2318	2.16336	2.16485	0	0	0	0	0	0	0	0
8039	68	55.2419	58.7864	2.07347	2.0827	0	0	0	0	0	0	0	0
8039	69	62.7247	64.4994	4.33293	4.39491	0	0	0	0	0	0	0	0
8039	70	58.1597	64.425	2.11626	2.11284	0	0	0	0	0	0	0	0
8039	71	63.4171	62.2074	2.09222	2.1361	0	0	0	0	0	0	0	0
8039	72	57.2339	59.8541	2.13356	2.13339	0	0	0	0	0	0	0	0
8039	73	64.5247	62.4289	2.19159	2.22522	0	0	0	0	0	0	0	0
8039	74	56.0569	55.1029	2.19251	2.18183	0	0	0	0	0	0	0	0
8039	75	68.0789	59.5482	4.36585	4.40615	0	0	0	0	0	0	0	0
8039	76	62.8011	65.7067	5.50353	5.54316	0	0	0	0	0	0	0	0
8039	77	63.4067	60.1824	2.3187	2.38357	0	0	0	0	0	0	0	0
8039	78	59.9895	61.7748	2.24366	2.27333	0	0	0	0	0	0	0	0
8039	79	60.6884	59.275	2.40718	2.40736	0	0	0	0	0	0	0	0
8039	80	82.1382	78.9584	3.79016	3.82145	0	0	0	0	0	0	0	0
8039	81	84.9953	82.3075	3.10879	3.11437	0	0	0	0	0	0	0	0
8039	82	79.9614	82.1359	2.98543	2.97909	0	0	0	0	0	0	0	0
8039	83	82.1689	84.3621	2.79327	2.75949	0	0	0	0	0	0	0	0
8039	84	85.4126	84.9901	2.86002	2.83563	0	0	0	0	0	0	0	0
8039	85	84.7319	83.2453	2.45178	2.47589	0	0	0	0	0	0	0	0
8039	86	89.8474	89.0097	2.48383	2.45017	0	0	0	0	0	0	0	0
8039	87	83.9017	86.4892	2.39707	2.34651	0	0	0	0	0	0	0	0
8039	88	85.3559	79.4618	2.47275	2.52328	0	0	0	0	0	0	0	0
8039	89	78.5882	80.2427	2.49257	2.49901	0	0	0	0	0	0	0	0
8039	90	84.2889	85.7886	3.29283	3.27293	0	0	0	0	0	0	0	0
8039	91	84.8021	83.9262	2.76059	2.7619	0	0	0	0	0	0	0	0
8039	92	84.2947	86.0086	2.52705	2.488	0	0	0	0	0	0	0	0
8039	93	88.3121	84.2618	2.66972	2.69628	0	0	0	0	0	0	0	0
8039	94	83.9205	85.3523	3.31976	3.31931	0	0	0	0	0	0	0	0
8039	95	81.6806	81.3551	2.89645	2.90434	0	0	0	0	0	0	0	0
8039	96	70.8855	72.2157	2.33155	2.30765	0	0	0	0	0	0	0	0
8039	97	77.6571	76.9211	2.32776	2.36392	0	0	0	0	0	0	0	0
8039	98	73.3119	72.5513	2.39457	2.38079	0	0	0	0	0	0	0	0
8039	99	74.5915	82.9448	2.47608	2.47376	0	0	0	0	0	0	0	0
8039	100	70.7795	76.6397	2.31294	2.28914	0	0	0	0	0	0	0	0
8039	101	76.6117	81.9749	2.32087	2.34075	0	0	0	0	0	0	0	0
8039	102	73.4594	75.4242	2.38017	2.36436	0	0	0	0	0	0	0	0
8039	103	72.5094	75.8403	2.38447	2.37794	0	0	0	0	0	0	0	0
8039	104	70.9679	73.6583	2.31694	2.31042	0	0	0	0	0	0	0	0
8039	105	76.0678	76.3579	2.32434	2.34709	0	0	0	0	0	0	0	0
8039	106	72.8656	73.956	2.3408	2.33915	0	0	0	0	0	0	0	0
8039	107	74.3351	70.834	2.3341	2.34398	0	0	0	0	0	0	0	0
8039	108	75.0737	79.1962	2.37678	2.37318	0	0	0	0	0	0	0	0
8039	109	73.5537	74.528	2.40734	2.40424	0	0	0	0	0	0	0	0
8039	110	73.3875	75.5542	2.35263	2.36235	0	0	0	0	0	0	0	0
8039	111	73.7576	78.0283	2.34517	2.34894	0	0	0	0	0	0	0	0
8039	112	78.9042	78.953	2.43258	2.42235	0	0	0	0	0	0	0	0
8039	113	75.591	75.7465	2.3258	2.29332	0	0	0	0	0	0	0	0
8039	114	82.1629	79.7874	2.27549	2.26366	0	0	0	0	0	0	0	0
8039	115	79.2851	77.6034	2.24478	2.24273	0	0	0	0	0	0	0	0
8039	116	80.547	78.0545	2.28244	2.28265	0	0	0	0	0	0	0	0
8039	117	75.2	73.298	2.29976	2.29643	0	0	0	0	0	0	0	0
8039	118	79.7909	81.772	2.21364	2.21872	0	0	0	0	0	0	0	0
8039	119	83.1856	78.7631	2.23172	2.25777	0	0	0	0	0	0	0	0
8039	120	75.3793	78.4049	2.30383	2.30547	0	0	0	0	0	0	0	0
8039	121	77.6434	74.6901	2.2855	2.26198	0	0	0	0	0	0	0	0
8039	122	68.9587	76.56	3.00487	2.96798	0	0	0	0	0	0	0	0
8039	123	76.2116	76.5893	2.43933	2.43974	0	0	0	0	0	0	0	0
8039	124	75.8547	78.6067	2.3002	2.27847	0	0	0	0	0	0	0	0
8039	125	76.4708	75.7376	2.33623	2.3382	0	0	0	0	0	0	0	0
8039	126	78.1319	81.4963	2.41163	2.37863	0	0	0	0	0	0	0	0
8039	127	75.8939	73.6405	2.45214	2.45019	0	0	0	0	0	0	0	0
8053	0	68.1635	68.0451	2.56713	2.57151	0	0	0	0	0	0	0	0
8053	1	74.5485	73.0898	2.40109	2.43678	0	0	0	0	0	0	0	0
8053	2	71.9413	70.2899	2.36475	2.36936	0	0	0	0	0	0	0	0
8053	3	70.1664	71.3689	2.5962	2.60111	0	0	0	0	0	0	0	0
8053	4	72.9642	71.7448	2.43478	2.43401	0	0	0	0	0	0	0	0
8053	5	73.0584	74.2034	2.37374	2.36775	0	0	0	0	0	0	0	0
8053	6	75.3023	71.1732	2.32188	2.37888	0	0	0	0	0	0	0	0
8053	7	69.7521	69.56	2.8144	2.82914	0	0	0	0	0	0	0	0
8053	8	66.9219	73.8557	2.90255	2.86004	0	0	0	0	0	0	0	0
8053	9	78.14	76.4422	2.97875	2.94256	0	0	0	0	0	0	0	0
8053	10	72.2971	68.5905	2.91552	2.9151	0	0	0	0	0	0	0	0
8053	11	69.1442	69.0342	2.79302	2.78875	0	0	0	0	0	0	0	0
8053	12	71.2139	71.3541	2.43565	2.4431	0	0	0	0	0	0	0	0
8053	13	71.5778	71.3502	2.34257	2.3526	0	0	0	0	0	0	0	0
8053	14	77.7176	73.8769	3.03608	3.00868	0	0	0	0	0	0	0	0
8053	15	68.3935	71.6324	2.82424	2.78397	0	0	0	0	0	0	0	0
8053	16	65.4612	63.8944	2.43658	2.4511	0	0	0	0	0	0	0	0
8053	17	66.6876	64.7444	2.69478	2.70276	0	0	0	0	0	0	0	0
8053	18	71.3938	77.0629	2.49888	2.54707	0	0	0	0	0	0	0	0
8053	19	67.7154	67.6265	2.39082	2.39757	0	0	0	0	0	0	0	0
8053	20	74.851	67.5812	2.48899	2.50679	0	0	0	0	0	0	0	0
8053	21	66.1945	74.7771	2.55995	2.56605	0	0	0	0	0	0	0	0
8053	22	67.6747	75.8901	2.60211	2.66879	0	0	0	0	0	0	0	0
8053	23	74.3184	66.014	2.79984	2.82363	0	0	0	0	0	0	0	0
8053	24	73.1801	73.5179	2.3842	2.42412	0	0	0	0	0	0	0	0
8053	25	66.8763	62.1347	2.60249	2.58644	0	0	0	0	0	0	0	0
8053	26	66.0741	67.3471	2.37426	2.37019	0	0	0	0	0	0	0	0
8053	27	62.6162	65.4826	2.59216	2.59544	0	0	0	0	0	0	0	0
8053	28	68.1586	63.445	2.56389	2.5758	0	0	0	0	0	0	0	0
8053	29	62.6225	66.6517	2.62577	2.63788	0	0	0	0	0	0	0	0
8053	30	64.3405	62.6336	2.61714	2.63807	0	0	0	0	0	0	0	0
8053	31	63.9217	67.8466	2.46321	2.43425	0	0	0	0	0	0	0	0
8053	32	78.4346	79.0264	2.57649	2.55596	0	0	0	0	0	0	0	0
8053	33	74.2089	79.0821	2.47912	2.4919	0	0	0	0	0	0	0	0
8053	34	81.2323	86.7929	2.50585	2.43756	0	0	0	0	0	0	0	0
8053	35	75.5533	75.5917	2.46221	2.45607	0	0	0	0	0	0	0	0
8053	36	82.7485	83.9928	2.46999	2.44966	0	0	0	0	0	0	0	0
8053	37	85.5617	78.6533	2.32579	2.37976	0	0	0	0	0	0	0	0
8053	38	80.7626	81.0017	2.54262	2.55909	0	0	0	0	0	0	0	0
8053	39	74.2383	78.8046	2.36721	2.3673	0	0	0	0	0	0	0	0
8053	40	75.3635	74.967	2.47198	2.47851	0	0	0	0	0	0	0	0
8053	41	75.9922	82.7383	2.35784	2.34452	0	0	0	0	0	0	0	0
8053	42	73.3434	81.4013	2.52113	2.48928	0	0	0	0	0	0	0	0
8053	43	83.2803	76.6364	2.32402	2.37934	0	0	0	0	0	0	0	0
8053	44	75.1205	70.4615	2.54567	2.5373	0	0	0	0	0	0	0	0
8053	45	80.5777	78.6499	2.51493	2.59544	0	0	0	0	0	0	0	0
8053	46	76.1615	75.215	2.45042	2.4652	0	0	0	0	0	0	0	0
8053	47	74.9068	82.2384	2.38378	2.37772	0	0	0	0	0	0	0	0
8053	48	60.2526	66.964	3.54092	3.50962	0	0	0	0	0	0	0	0
8053	49	65.3182	68.1395	2.27648	2.26654	0	0	0	0	0	0	0	0
8053	50	59.6509	70.4867	2.51024	2.43869	0	0	0	0	0	0	0	0
8053	51	66.7788	68.1007	2.46518	2.42985	0	0	0	0	0	0	0	0
8053	52	68.1527	69.345	2.36189	2.33907	0	0	0	0	0	0	0	0
8053	53	71.1177	72.9711	2.51852	2.49706	0	0	0	0	0	0	0	0
8053	54	67.4021	67.2611	2.17444	2.15549	0	0	0	0	0	0	0	0
8053	55	73.2401	65.7272	2.36638	2.39401	0	0	0	0	0	0	0	0
8053	56	68.0391	64.1155	2.26788	2.24506	0	0	0	0	0	0	0	0
8053	57	67.0165	63.0707	2.63434	2.66637	0	0	0	0	0	0	0	0
8053	58	66.8361	67.5058	2.1372	2.13651	0	0	0	0	0	0	0	0
8053	59	65.9683	67.6942	2.48605	2.45423	0	0	0	0	0	0	0	0
8053	60	70.6069	66.373	2.30255	2.29326	0	0	0	0	0	0	0	0
8053	61	68.3457	65.6717	2.39853	2.39509	0	0	0	0	0	0	0	0
8053	62	59.8489	60.9353	2.60419	2.58256	0	0	0	0	0	0	0	0
8053	63	66.5093	64.9315	2.65326	2.66944	0	0	0	0	0	0	0	0
8053	64	67.4559	70.4819	2.39354	2.39368	0	0	0	0	0	0	0	0
8053	65	73.6272	71.1508	2.29659	2.32186	0	0	0	0	0	0	0	0
8053	66	74.0962	75.6358	2.51825	2.47019	0	0	0	0	0	0	0	0
8053	67	68.4999	72.5783	2.6292	2.62891	0	0	0	0	0	0	0	0
8053	68	71.6996	70.2948	2.4409	2.45646	0	0	0	0	0	0	0	0
8053	69	71.7403	70.736	2.44805	2.45228	0	0	0	0	0	0	0	0
8053	70	70.8186	71.7215	2.20052	2.17868	0	0	0	0	0	0	0	0
8053	71	74.0133	77.3112	2.38143	2.34758	0	0	0	0	0	0	0	0
8053	72	67.538	71.961	2.44866	2.4534	0	0	0	0	0	0	0	0
8053	73	65.9622	67.4103	2.38763	2.40386	0	0	0	0	0	0	0	0
8053	74	67.1218	68.3995	2.47009	2.45326	0	0	0	0	0	0	0	0
8053	75	65.0152	70.3767	2.45739	2.46001	0	0	0	0	0	0	0	0
8053	76	70.3141	72.6168	2.33517	2.35436	0	0	0	0	0	0	0	0
8053	77	72.2103	68.3437	2.55396	2.57357	0	0	0	0	0	0	0	0
8053	78	70.1088	71.2766	2.34538	2.3521	0	0	0	0	0	0	0	0
8053	79	72.6966	71.278	2.36397	2.38539	0	0	0	0	0	0	0	0
8053	80	63.7141	64.4007	4.26787	4.24973	0	0	0	0	0	0	0	0
8053	81	67.4891	64.0974	3.08888	3.14468	0	0	0	0	0	0	0	0
8053	82	69.3565	68.9644	3.35026	3.34275	0	0	0	0	0	0	0	0
8053	83	68.7628	64.9954	2.63504	2.66707	0	0	0	0	0	0	0	0
8053	84	66.4598	69.9018	3.26649	3.22592	0	0	0	0	0	0	0	0
8053	85	61.7947	64.4258	2.48566	2.48198	0	0	0	0	0	0	0	0
8053	86	66.2316	66.3668	2.67423	2.66627	0	0	0	0	0	0	0	0
8053	87	66.0476	58.1199	2.39972	2.41059	0	0	0	0	0	0	0	0
8053	88	62.4951	66.7274	2.68649	2.64342	0	0	0	0	0	0	0	0
8053	89	68.6802	73.1683	2.44008	2.41726	0	0	0	0	0	0	0	0
8053	90	65.1949	66.8952	2.89991	2.89279	0	0	0	0	0	0	0	0
8053	91	66.9346	65.5239	2.73316	2.74559	0	0	0	0	0	0	0	0
8053	92	67.3826	61.7848	2.64761	2.64036	0	0	0	0	0	0	0	0
8053	93	61.8302	66.1287	2.66532	2.61863	0	0	0	0	0	0	0	0
8053	94	64.0829	69.499	3.02712	2.983	0	0	0	0	0	0	0	0
8053	95	67.1739	70.576	2.75354	2.70005	0	0	0	0	0	0	0	0
8053	96	65.0038	73.9712	2.16404	2.16971	0	0	0	0	0	0	0	0
8053	97	70.6507	75.1498	2.23677	2.20365	0	0	0	0	0	0	0	0
8053	98	73.692	78.1885	2.20691	2.21603	0	0	0	0	0	0	0	0
8053	99	69.9693	66.9579	2.43917	2.42776	0	0	0	0	0	0	0	0
8053	100	73.271	70.5729	2.16228	2.18574	0	0	0	0	0	0	0	0
8053	101	67.8849	70.3305	2.14439	2.17259	0	0	0	0	0	0	0	0
8053	102	68.3749	71.3018	2.1984	2.18544	0	0	0	0	0	0	0	0
8053	103	75.3991	73.0565	2.21467	2.21753	0	0	0	0	0	0	0	0
8053	104	68.6461	73.577	2.19135	2.17553	0	0	0	0	0	0	0	0
8053	105	74.1734	71.336	2.22731	2.25965	0	0	0	0	0	0	0	0
8053	106	69.8647	72.0901	2.25094	2.26597	0	0	0	0	0	0	0	0
8053	107	70.2265	69.8049	2.2574	2.26062	0	0	0	0	0	0	0	0
8053	108	70.4944	75.4646	2.20171	2.15175	0	0	0	0	0	0	0	0
8053	109	68.7803	72.9646	2.26789	2.25518	0	0	0	0	0	0	0	0
8053	110	68.1729	76.7467	2.23853	2.20574	0	0	0	0	0	0	0	0
8053	111	76.533	78.4583	2.22579	2.20466	0	0	0	0	0	0	0	0
8053	112	75.9478	73.2623	2.68318	2.70544	0	0	0	0	0	0	0	0
8053	113	75.143	69.8006	2.69185	2.70428	0	0	0	0	0	0	0	0
8053	114	78.3768	73.7904	2.7232	2.78963	0	0	0	0	0	0	0	0
8053	115	73.9117	78.4982	2.74018	2.69261	0	0	0	0	0	0	0	0
8053	116	77.5704	80.3419	2.7062	2.71372	0	0	0	0	0	0	0	0
8053	117	79.0721	75.07	2.62569	2.67875	0	0	0	0	0	0	0	0
8053	118	72.2976	74.8149	2.72457	2.71658	0	0	0	0	0	0	0	0
8053	119	75.0525	72.3122	2.70842	2.69554	0	0	0	0	0	0	0	0
8053	120	73.7766	77.0585	2.77114	2.747	0	0	0	0	0	0	0	0
8053	121	75.8833	73.2391	2.68884	2.71959	0	0	0	0	0	0	0	0
8053	122	75.5503	72.4945	2.7527	2.76158	0	0	0	0	0	0	0	0
8053	123	71.7251	75.7873	2.68564	2.67368	0	0	0	0	0	0	0	0
8053	124	75.8828	78.4184	2.70252	2.69268	0	0	0	0	0	0	0	0
8053	125	75.5234	79.0371	2.72815	2.72051	0	0	0	0	0	0	0	0
8053	126	71.7749	72.3122	2.74595	2.77431	0	0	0	0	0	0	0	0
8053	127	74.2825	79.2374	2.70613	2.71214	0	0	0	0	0	0	0	0
